ed_pts,ed_beds,admits,hosp_beds,vents,longest_wait,last_wait,nedocs_score
44,40,6,350,2,2.17,1.07,119.52
40,40,0,350,2,2.69,0.76,99.39
22,40,5,350,1,1.65,1.28,57.92
36,40,6,350,2,0.79,0.77,99.38
24,40,2,350,1,2.53,1.4,58.56
25,40,2,350,2,3.49,1.02,72.85
41,40,1,350,0,1.91,1.44,79.56
38,40,6,350,1,1.5,1.24,93.58
33,40,6,350,0,3.21,1.13,70.43
21,40,2,350,2,1.8,1.02,62.7
44,40,5,350,1,1.84,0.83,102.74
34,40,2,350,1,1.0,0.84,75.43
27,40,3,350,2,3.12,0.43,75.18
22,40,2,350,1,3.01,1.0,52.46
23,40,0,350,0,3.14,0.61,35.7
26,40,2,350,1,2.18,0.55,57.73
27,40,4,350,1,2.98,0.66,64.67
36,40,5,350,1,3.48,1.02,88.18
27,40,4,350,0,3.25,1.32,55.24
35,40,5,350,0,1.02,1.22,71.48
45,40,1,350,2,1.81,1.16,113.26
21,40,3,350,0,1.85,1.22,38.79
30,40,0,350,1,1.52,0.74,63.34
35,40,4,350,2,0.99,0.79,94.11
43,40,3,350,0,1.6,0.98,84.39
36,40,2,350,2,2.51,1.19,96.49
38,40,2,350,1,3.03,1.08,87.25
37,40,3,350,0,2.32,0.53,69.65
24,40,2,350,0,2.15,0.26,38.37
42,40,5,350,2,3.19,1.4,116.32
41,40,4,350,2,2.42,0.54,106.9
38,40,3,350,1,3.39,0.48,85.91
34,40,6,350,0,2.13,1.22,72.08
38,40,0,350,2,1.36,1.42,97.58
26,40,2,350,2,1.71,1.41,75.54
45,40,5,350,0,1.59,0.34,88.49
35,40,0,350,2,2.19,1.27,91.07
32,40,6,350,2,0.61,0.46,88.89
35,40,4,350,1,3.2,1.14,84.74
22,40,3,350,2,1.95,1.3,68.28
25,40,2,350,0,1.57,0.44,41.0
43,40,2,350,2,1.59,0.29,105.58
30,40,3,350,2,1.82,1.39,85.83
40,40,4,350,2,3.47,0.97,108.16
42,40,2,350,1,2.79,1.14,95.94
28,40,0,350,1,2.05,0.74,59.54
44,40,0,350,2,3.37,0.48,107.02
29,40,5,350,2,2.6,0.94,85.3
25,40,0,350,2,2.82,1.09,69.2
40,40,5,350,1,1.85,1.39,97.33
40,40,2,350,0,2.93,1.35,79.57
24,40,1,350,2,1.8,0.35,63.64
33,40,4,350,0,2.37,1.08,65.94
32,40,1,350,0,1.26,1.08,57.62
41,40,5,350,0,2.18,0.6,81.93
33,40,5,350,1,2.74,0.35,77.28
32,40,4,350,1,2.06,1.34,78.37
37,40,2,350,1,3.1,1.46,87.31
36,40,0,350,0,1.24,0.95,63.73
25,40,0,350,0,2.18,0.26,37.12
24,40,3,350,2,3.06,0.68,70.1
36,40,6,350,2,0.83,0.45,97.62
26,40,0,350,2,2.93,0.66,69.02
33,40,6,350,1,2.25,0.39,78.76
26,40,3,350,0,0.79,1.48,49.99
29,40,6,350,0,2.42,1.11,61.0
28,40,5,350,1,1.17,0.73,67.24
35,40,5,350,0,0.76,0.42,66.72
22,40,5,350,1,2.76,1.03,57.54
38,40,0,350,1,1.49,1.38,84.08
27,40,6,350,1,0.98,0.43,64.94
28,40,6,350,0,2.06,1.03,58.07
24,40,4,350,2,2.46,1.21,74.25
35,40,5,350,2,3.23,0.97,98.92
33,40,0,350,0,1.72,0.34,54.3
35,40,0,350,0,3.32,0.97,63.63
44,40,3,350,2,3.04,1.02,114.9
41,40,6,350,1,3.13,0.43,96.97
45,40,5,350,1,2.99,0.91,106.41
37,40,0,350,1,2.28,1.48,83.23
37,40,6,350,1,1.84,0.85,89.56
24,40,1,350,2,0.72,0.88,65.63
32,40,0,350,0,3.23,1.41,59.6
31,40,5,350,0,1.32,0.64,59.9
36,40,2,350,1,3.0,1.05,82.76
32,40,6,350,1,2.99,0.78,79.51
32,40,1,350,0,1.35,0.65,55.28
42,40,4,350,1,2.07,0.97,97.74
28,40,1,350,1,2.95,1.45,66.1
39,40,1,350,1,1.61,0.86,85.12
34,40,0,350,2,3.5,0.63,86.54
38,40,4,350,2,0.69,0.29,97.44
28,40,6,350,2,2.42,1.01,85.09
38,40,0,350,2,1.79,0.64,93.58
31,40,1,350,1,2.25,1.02,69.45
26,40,6,350,2,0.88,0.68,77.51
36,40,6,350,0,3.18,0.31,72.21
34,40,3,350,0,1.2,0.6,62.57
42,40,5,350,1,2.42,0.63,97.87
41,40,0,350,0,3.22,0.49,73.7
26,40,3,350,1,3.17,0.39,59.46
44,40,0,350,1,3.23,0.45,93.32
20,40,1,350,1,3.38,0.84,45.9
29,40,1,350,0,0.96,0.7,48.76
37,40,6,350,1,2.44,1.22,92.2
38,40,2,350,2,1.91,0.96,98.93
34,40,6,350,1,2.73,1.47,87.45
27,40,0,350,0,1.72,1.36,47.19
43,40,0,350,1,3.13,0.28,90.13
31,40,3,350,1,2.94,1.41,75.72
37,40,3,350,2,3.18,0.58,97.54
29,40,6,350,1,2.12,0.47,70.51
21,40,3,350,2,2.55,1.49,67.76
24,40,3,350,1,1.51,1.16,57.97
32,40,3,350,1,3.17,0.52,73.06
43,40,2,350,2,1.39,1.33,111.26
23,40,6,350,1,1.91,1.36,62.47
39,40,0,350,2,3.04,0.99,98.87
34,40,4,350,0,3.39,1.23,69.88
23,40,4,350,0,2.72,1.15,45.21
36,40,2,350,2,1.35,0.76,92.99
22,40,3,350,0,1.85,1.09,40.2
45,40,0,350,2,2.39,0.34,107.47
29,40,4,350,2,0.53,0.65,80.02
20,40,5,350,2,2.29,1.14,66.83
23,40,3,350,2,0.76,1.41,69.94
36,40,6,350,2,2.63,0.38,98.89
44,40,6,350,1,2.97,0.31,102.58
39,40,3,350,0,2.78,1.01,77.08
32,40,2,350,2,3.15,0.27,83.32
44,40,0,350,1,1.37,1.34,96.61
40,40,1,350,1,1.99,0.44,85.25
33,40,0,350,0,0.63,1.03,57.18
24,40,1,350,2,0.96,1.23,67.82
22,40,2,350,2,3.33,1.03,66.32
39,40,5,350,2,0.58,0.95,104.92
28,40,6,350,1,1.77,0.96,70.81
41,40,0,350,0,0.56,0.27,69.99
33,40,6,350,0,0.65,1.04,67.54
26,40,5,350,0,1.82,0.64,49.64
39,40,5,350,2,3.1,1.07,107.94
34,40,3,350,0,3.37,1.04,67.07
38,40,6,350,0,2.78,0.9,79.46
42,40,5,350,2,2.9,1.03,113.97
43,40,6,350,2,1.94,1.44,119.25
38,40,2,350,0,0.59,0.87,70.39
21,40,1,350,1,1.67,0.28,43.29
45,40,6,350,1,1.92,0.26,103.46
35,40,1,350,0,0.7,1.19,64.15
26,40,5,350,0,1.46,1.48,54.05
33,40,4,350,2,2.27,1.08,92.64
27,40,3,350,0,1.67,1.35,52.22
39,40,3,350,0,3.42,0.55,75.08
45,40,1,350,1,3.24,1.27,101.82
24,40,3,350,1,0.5,1.38,58.27
32,40,3,350,1,3.07,1.12,76.35
34,40,2,350,2,3.07,0.88,90.98
44,40,4,350,1,2.25,0.72,100.79
25,40,1,350,2,0.6,0.55,65.8
45,40,2,350,1,3.29,0.68,100.25
31,40,3,350,2,3.35,1.29,88.83
41,40,2,350,1,1.56,0.39,88.42
35,40,3,350,0,1.31,0.53,64.43
28,40,6,350,0,1.51,1.25,58.8
27,40,2,350,2,2.74,0.39,72.89
29,40,0,350,0,0.68,1.09,48.98
23,40,4,350,0,3.27,0.36,41.26
28,40,5,350,2,1.2,0.89,81.57
36,40,1,350,2,1.49,0.71,91.12
33,40,6,350,0,2.16,1.37,70.81
30,40,2,350,0,1.93,0.65,53.24
22,40,3,350,0,2.14,0.54,37.37
24,40,6,350,1,0.57,0.89,60.72
29,40,3,350,1,2.53,0.88,68.06
25,40,6,350,2,1.94,0.84,77.25
42,40,2,350,1,1.18,0.84,92.75
37,40,4,350,0,3.06,1.25,76.12
34,40,6,350,0,2.88,1.2,72.66
39,40,6,350,1,2.28,0.9,94.54
23,40,0,350,2,0.77,0.65,60.52
24,40,3,350,0,1.52,1.0,43.68
29,40,5,350,1,1.18,1.16,71.82
39,40,6,350,0,1.65,0.33,77.34
42,40,2,350,1,1.51,0.38,90.47
37,40,1,350,2,1.19,0.98,94.51
45,40,0,350,1,2.39,1.23,99.08
21,40,2,350,0,1.3,0.87,34.59
30,40,5,350,1,1.77,1.48,76.31
28,40,0,350,0,1.41,0.7,45.32
20,40,5,350,0,1.47,0.26,34.3
20,40,2,350,2,2.0,1.11,61.25
21,40,6,350,0,3.27,1.47,46.66
22,40,1,350,0,2.94,0.57,34.85
22,40,2,350,2,2.67,0.94,65.2
21,40,4,350,1,0.81,0.49,48.82
43,40,2,350,2,2.43,0.52,107.66
22,40,2,350,2,0.52,0.37,59.99
21,40,2,350,2,2.81,1.45,66.06
28,40,5,350,2,3.27,1.08,84.56
20,40,2,350,2,2.83,1.34,63.32
37,40,5,350,1,2.1,0.52,86.22
31,40,4,350,0,1.44,0.39,56.89
23,40,0,350,0,1.17,1.25,37.47
29,40,2,350,0,1.97,0.62,50.96
26,40,3,350,2,2.25,1.36,77.48
44,40,4,350,2,2.07,1.17,116.56
35,40,6,350,0,0.62,0.54,68.98
32,40,2,350,1,1.71,0.36,69.09
20,40,1,350,0,1.85,0.37,28.42
26,40,2,350,1,1.78,1.14,60.68
20,40,5,350,0,2.73,1.13,40.38
23,40,0,350,0,2.51,0.48,34.38
32,40,6,350,2,2.19,0.7,91.71
38,40,2,350,1,2.22,1.39,88.24
35,40,2,350,2,3.05,0.48,90.85
25,40,6,350,1,1.44,1.3,65.98
23,40,6,350,1,3.36,0.77,60.49
37,40,1,350,2,3.16,0.5,93.64
21,40,1,350,2,2.17,0.41,57.89
35,40,1,350,0,0.58,0.92,62.52
34,40,6,350,1,3.24,0.49,82.39
42,40,3,350,2,1.61,0.92,108.72
40,40,4,350,1,0.84,1.19,93.55
21,40,3,350,0,3.39,0.83,38.02
36,40,2,350,1,2.19,0.58,79.36
45,40,1,350,1,0.61,0.47,94.86
30,40,5,350,1,2.75,0.81,73.45
21,40,2,350,2,2.02,1.26,64.26
33,40,3,350,0,2.48,0.75,62.46
38,40,4,350,2,1.38,0.96,101.86
43,40,5,350,1,2.18,0.77,100.58
37,40,4,350,2,2.98,0.83,100.47
31,40,5,350,2,3.18,0.4,87.08
30,40,2,350,0,1.71,0.8,53.88
41,40,6,350,2,2.53,0.26,108.85
39,40,0,350,2,2.68,0.71,96.95
20,40,3,350,1,1.72,1.15,49.53
32,40,3,350,2,3.32,1.44,91.79
41,40,3,350,0,0.86,1.19,80.6
33,40,5,350,0,2.92,0.9,67.15
21,40,6,350,2,2.09,0.95,69.43
44,40,0,350,0,2.67,1.29,84.14
28,40,1,350,2,2.86,0.46,73.83
22,40,0,350,2,2.86,0.85,61.44
23,40,0,350,1,2.9,0.99,51.02
33,40,3,350,1,1.06,0.97,75.78
34,40,5,350,2,3.1,1.25,98.23
24,40,4,350,0,0.79,0.46,41.67
41,40,3,350,2,2.03,1.1,107.98
40,40,5,350,2,2.43,1.14,109.86
34,40,6,350,0,3.0,0.81,70.57
22,40,3,350,1,2.53,0.28,49.66
26,40,3,350,0,2.66,0.51,46.26
35,40,4,350,2,1.78,0.66,94.11
20,40,4,350,0,0.98,0.65,34.33
31,40,5,350,0,0.51,0.98,61.07
39,40,1,350,2,1.76,0.34,95.72
43,40,4,350,0,0.59,1.44,87.76
24,40,3,350,1,3.37,0.72,57.22
36,40,0,350,2,2.3,1.36,93.83
25,40,6,350,1,1.28,1.43,66.57
29,40,3,350,2,0.96,1.45,83.22
31,40,1,350,0,2.87,1.36,58.55
24,40,1,350,2,0.63,1.1,66.78
23,40,6,350,0,1.3,0.85,45.62
29,40,6,350,1,2.56,0.72,72.33
36,40,0,350,2,1.41,0.78,89.73
37,40,3,350,0,0.93,0.47,68.02
23,40,1,350,1,2.8,1.4,54.95
30,40,2,350,0,0.8,1.06,54.5
25,40,3,350,1,0.97,1.2,59.84
36,40,5,350,1,3.01,0.53,84.98
43,40,2,350,1,1.79,1.03,96.54
32,40,0,350,0,3.01,1.35,59.05
43,40,2,350,0,2.47,0.91,83.09
22,40,5,350,1,2.33,1.03,57.14
42,40,4,350,0,2.82,1.03,85.38
44,40,2,350,1,3.02,0.51,96.89
35,40,2,350,2,1.6,0.97,92.26
41,40,5,350,2,3.49,0.92,111.75
30,40,0,350,0,2.52,1.47,54.98
31,40,3,350,0,1.28,1.1,59.03
42,40,2,350,2,2.84,1.0,108.6
20,40,0,350,1,1.48,0.98,43.2
34,40,2,350,1,1.98,0.65,75.27
38,40,3,350,2,1.69,0.52,97.96
43,40,0,350,2,1.48,1.1,106.62
41,40,0,350,0,1.61,0.45,71.98
42,40,5,350,0,2.27,1.28,87.99
44,40,3,350,2,2.19,1.32,115.8
38,40,2,350,1,1.41,0.76,83.94
36,40,2,350,2,2.86,1.27,97.27
22,40,4,350,1,2.13,1.05,55.35
26,40,2,350,2,2.08,0.66,71.66
25,40,1,350,1,1.39,1.11,56.29
27,40,3,350,2,2.4,1.15,78.58
42,40,1,350,0,2.14,1.46,82.03
40,40,5,350,0,2.22,1.09,82.58
39,40,0,350,0,2.98,0.54,69.47
29,40,1,350,2,1.46,0.83,76.76
45,40,3,350,1,2.45,1.43,105.41
35,40,3,350,0,0.52,1.12,67.02
25,40,5,350,0,1.17,1.44,51.41
41,40,6,350,0,2.28,0.64,83.96
41,40,5,350,0,1.77,1.35,85.78
20,40,2,350,2,2.3,0.64,58.88
29,40,1,350,0,1.5,1.06,51.29
40,40,0,350,0,3.21,1.36,76.46
22,40,0,350,2,1.58,0.58,58.73
43,40,0,350,2,2.76,0.36,103.63
31,40,5,350,1,2.58,0.75,75.1
36,40,6,350,1,2.43,1.15,89.65
26,40,4,350,0,2.09,1.28,51.79
24,40,6,350,2,0.52,0.55,72.15
41,40,1,350,0,3.08,1.18,79.18
42,40,0,350,1,3.5,0.27,88.27
21,40,5,350,0,1.36,0.74,39.05
26,40,4,350,2,1.43,0.46,73.35
21,40,2,350,2,0.71,1.3,63.27
43,40,6,350,1,3.3,0.6,102.37
32,40,6,350,2,0.81,1.38,94.26
41,40,0,350,0,1.25,0.94,74.41
40,40,3,350,0,2.87,1.19,80.32
32,40,6,350,2,2.48,0.82,92.66
40,40,1,350,0,3.0,1.13,76.68
32,40,1,350,1,1.53,0.96,70.59
41,40,2,350,2,1.67,0.55,102.83
23,40,2,350,0,3.16,1.46,43.94
45,40,4,350,2,2.29,0.45,114.85
40,40,2,350,1,2.76,1.05,91.12
35,40,2,350,0,0.69,1.17,65.74
42,40,2,350,1,2.24,0.69,92.89
20,40,0,350,1,3.24,1.31,46.7
39,40,2,350,0,1.61,0.7,72.53
31,40,5,350,2,0.77,0.34,84.5
45,40,6,350,0,1.9,1.25,95.63
40,40,5,350,2,1.85,1.02,108.64
33,40,1,350,1,1.1,1.38,74.71
44,40,6,350,2,0.93,1.11,118.59
21,40,4,350,1,1.08,0.57,49.52
32,40,5,350,0,2.28,1.33,66.83
24,40,6,350,0,3.39,0.96,50.33
34,40,4,350,1,0.55,0.4,75.95
29,40,3,350,2,2.33,0.85,81.11
45,40,6,350,2,1.58,1.26,122.19
22,40,5,350,0,2.35,0.45,40.48
32,40,2,350,1,1.19,1.41,74.53
45,40,5,350,0,3.34,1.05,94.12
41,40,6,350,0,2.06,0.32,81.95
41,40,4,350,0,0.92,0.45,78.2
24,40,3,350,0,1.67,0.58,41.45
35,40,4,350,2,1.28,0.46,92.52
27,40,6,350,2,2.21,1.07,83.09
33,40,4,350,1,1.2,0.46,74.75
21,40,5,350,0,1.94,0.75,39.65
21,40,4,350,1,2.39,0.84,52.26
41,40,1,350,2,2.52,1.04,104.67
42,40,1,350,2,1.46,1.16,106.5
33,40,0,350,2,1.0,0.67,82.29
22,40,6,350,1,1.69,0.86,57.3
28,40,1,350,2,1.29,0.46,72.37
25,40,1,350,0,0.99,1.49,44.66
20,40,2,350,1,3.32,0.98,48.34
22,40,5,350,2,2.96,1.1,71.52
30,40,0,350,2,2.15,0.7,77.1
41,40,2,350,1,3.38,0.39,90.12
25,40,0,350,2,0.82,0.95,66.55
23,40,3,350,1,1.48,0.84,53.99
42,40,6,350,1,0.55,0.63,97.84
36,40,1,350,0,1.08,1.38,67.72
21,40,3,350,0,2.69,0.35,34.66
22,40,2,350,2,2.48,0.7,63.67
38,40,5,350,2,2.77,0.74,103.63
45,40,2,350,1,1.81,0.88,100.0
26,40,2,350,1,2.87,0.77,59.61
29,40,4,350,0,0.67,1.42,57.69
38,40,4,350,2,0.6,1.24,102.72
41,40,2,350,0,3.45,0.78,78.98
38,40,4,350,1,0.7,1.03,88.23
32,40,1,350,0,2.04,0.74,56.43
26,40,2,350,2,1.11,0.26,68.5
23,40,5,350,1,1.46,0.28,54.24
35,40,3,350,0,2.89,1.31,70.29
43,40,3,350,2,1.04,0.85,109.94
34,40,6,350,1,2.35,1.2,85.57
37,40,3,350,1,0.58,0.79,82.9
36,40,6,350,1,1.61,1.13,88.78
23,40,3,350,2,1.0,1.49,70.61
25,40,3,350,2,0.95,0.89,71.47
32,40,0,350,1,3.04,1.31,72.26
40,40,0,350,2,3.04,1.23,102.36
30,40,4,350,2,1.59,1.29,86.76
40,40,3,350,1,0.85,0.35,87.11
34,40,1,350,1,2.01,1.22,76.79
32,40,3,350,1,2.36,0.63,72.93
40,40,5,350,0,2.74,0.72,80.98
39,40,3,350,2,1.41,1.21,103.73
27,40,0,350,1,2.85,0.99,59.55
33,40,2,350,2,2.31,1.35,90.78
35,40,4,350,2,2.25,0.79,95.28
34,40,3,350,0,2.35,1.01,65.95
28,40,3,350,2,1.74,0.44,76.1
31,40,2,350,1,0.98,0.95,69.59
26,40,5,350,1,2.47,1.0,65.68
35,40,4,350,1,1.72,0.42,79.3
24,40,3,350,2,0.63,1.11,70.27
31,40,5,350,0,1.68,0.46,59.22
34,40,3,350,0,3.04,0.37,62.99
37,40,1,350,1,2.94,0.57,80.43
40,40,5,350,0,1.8,1.43,84.11
23,40,0,350,0,0.86,0.88,35.1
39,40,4,350,0,1.73,0.99,77.7
24,40,1,350,2,2.5,1.42,70.33
24,40,0,350,1,2.83,0.97,52.98
34,40,0,350,0,0.72,1.0,59.24
27,40,3,350,0,2.57,0.56,48.61
26,40,2,350,0,2.85,0.73,45.97
25,40,6,350,1,1.93,1.41,67.06
41,40,3,350,2,2.99,0.58,105.94
28,40,2,350,1,3.16,1.35,67.44
42,40,3,350,0,0.76,1.09,82.09
40,40,3,350,1,2.46,1.1,92.83
24,40,5,350,0,3.29,0.79,47.57
44,40,5,350,2,1.75,1.23,118.32
40,40,0,350,2,0.92,0.31,95.2
29,40,0,350,0,3.5,1.07,51.49
31,40,6,350,2,2.59,0.33,87.85
42,40,0,350,1,2.07,1.22,92.3
32,40,4,350,1,0.61,1.48,77.81
41,40,0,350,1,2.0,1.17,89.8
34,40,1,350,0,2.13,0.75,60.86
24,40,4,350,2,1.33,0.51,69.25
31,40,2,350,0,2.56,1.26,59.41
23,40,1,350,2,1.64,0.89,64.39
25,40,0,350,1,0.73,0.7,51.65
38,40,3,350,1,0.84,0.66,84.56
39,40,5,350,0,0.91,1.49,81.48
45,40,2,350,1,2.81,1.4,103.86
43,40,6,350,0,2.31,0.94,89.97
28,40,0,350,1,3.05,0.55,59.4
25,40,4,350,2,2.26,0.68,73.22
27,40,0,350,2,0.73,0.79,69.85
29,40,5,350,1,1.83,0.89,70.9
22,40,3,350,0,1.61,0.88,38.79
30,40,3,350,1,1.56,0.77,68.69
45,40,3,350,2,2.93,1.29,118.47
41,40,4,350,0,0.76,1.14,81.94
23,40,1,350,2,1.94,0.26,61.12
45,40,4,350,2,1.47,0.68,115.38
45,40,0,350,1,1.65,0.69,95.35
20,40,3,350,2,1.02,0.8,60.3
37,40,1,350,1,1.44,1.0,81.46
31,40,6,350,1,3.16,0.94,78.42
32,40,3,350,2,2.25,1.25,89.73
23,40,0,350,1,3.44,0.38,48.08
25,40,1,350,2,2.45,0.64,68.03
32,40,4,350,1,1.45,1.41,78.2
21,40,5,350,0,3.29,1.19,43.39
32,40,0,350,2,0.75,0.69,80.03
28,40,0,350,2,0.95,1.34,75.3
32,40,4,350,2,2.45,0.26,86.04
28,40,6,350,2,1.73,0.49,81.52
44,40,4,350,1,2.06,1.1,102.76
21,40,5,350,1,1.08,0.33,49.88
24,40,6,350,1,2.94,0.96,63.31
39,40,6,350,0,2.05,0.38,77.99
33,40,3,350,1,3.09,0.26,73.67
39,40,1,350,0,1.3,0.67,70.36
21,40,3,350,0,2.51,0.93,37.77
29,40,5,350,0,2.79,0.79,57.83
20,40,2,350,1,0.87,0.39,42.74
23,40,5,350,2,3.37,1.42,75.85
30,40,4,350,0,1.15,1.32,59.72
37,40,5,350,2,0.76,0.56,98.6
33,40,2,350,0,1.93,0.75,60.24
38,40,1,350,0,1.02,0.38,66.32
30,40,6,350,0,2.0,1.07,62.53
33,40,2,350,1,3.2,0.66,74.31
38,40,3,350,2,3.35,0.76,100.85
35,40,4,350,2,0.73,0.95,94.77
22,40,0,350,0,2.78,1.13,36.15
42,40,3,350,2,2.18,0.95,109.42
44,40,4,350,2,2.86,0.6,114.08
27,40,6,350,2,2.07,1.2,83.69
45,40,2,350,2,3.44,1.44,118.07
33,40,4,350,0,0.85,0.68,62.27
24,40,6,350,2,2.27,1.4,78.57
20,40,3,350,2,1.41,0.98,61.68
42,40,3,350,1,2.89,1.43,99.39
20,40,0,350,1,3.0,1.21,45.91
45,40,4,350,1,3.1,1.05,105.59
22,40,4,350,2,1.76,1.05,68.41
39,40,6,350,0,2.69,0.77,80.79
39,40,4,350,2,3.35,0.58,103.7
22,40,1,350,0,2.28,1.08,37.12
38,40,1,350,1,3.0,1.2,86.18
37,40,4,350,1,0.54,1.38,87.91
42,40,3,350,1,2.03,0.67,94.3
45,40,3,350,0,2.95,1.1,90.62
20,40,5,350,1,2.98,1.42,55.65
45,40,0,350,1,1.46,0.56,94.44
36,40,1,350,2,1.72,1.35,94.95
39,40,2,350,0,3.49,0.81,74.9
30,40,2,350,2,1.37,1.18,82.51
29,40,5,350,2,1.15,0.48,81.35
21,40,2,350,0,2.98,0.52,34.18
28,40,6,350,1,0.61,0.98,69.84
24,40,4,350,2,3.32,0.37,70.31
34,40,3,350,0,0.85,0.66,62.59
29,40,2,350,0,2.94,0.6,51.75
41,40,2,350,2,1.42,0.81,104.06
26,40,4,350,0,2.14,0.26,46.08
33,40,3,350,2,2.49,1.37,92.77
37,40,5,350,2,2.14,0.45,99.26
21,40,5,350,2,0.65,1.08,67.11
37,40,4,350,2,0.55,0.83,98.21
34,40,4,350,0,0.95,0.65,64.34
26,40,5,350,1,3.06,0.66,64.31
23,40,4,350,0,3.32,0.62,42.78
21,40,6,350,1,1.63,0.52,53.18
25,40,1,350,0,3.11,0.88,43.19
25,40,2,350,1,2.49,1.35,60.38
34,40,0,350,1,3.32,1.38,77.2
37,40,4,350,2,0.8,0.67,97.54
30,40,6,350,0,1.71,0.9,61.3
29,40,2,350,0,2.08,1.01,53.26
37,40,0,350,0,3.23,0.33,64.23
43,40,5,350,2,1.97,1.34,117.0
22,40,3,350,1,2.59,0.67,51.92
43,40,4,350,2,2.22,1.22,114.84
33,40,2,350,2,0.64,0.92,86.8
29,40,0,350,1,1.48,0.75,61.21
24,40,4,350,0,2.7,0.79,45.3
35,40,0,350,0,0.95,1.25,63.01
42,40,0,350,1,2.33,1.47,93.95
36,40,3,350,1,0.59,0.5,79.13
37,40,6,350,0,1.7,1.2,78.0
20,40,3,350,2,0.93,0.9,60.78
33,40,3,350,1,1.03,1.33,77.79
39,40,4,350,2,1.75,0.28,100.52
33,40,6,350,2,2.01,1.42,97.75
38,40,1,350,0,0.91,1.03,69.88
20,40,5,350,1,1.52,1.22,53.17
44,40,2,350,0,2.36,0.33,81.86
33,40,4,350,0,1.51,0.55,62.15
26,40,0,350,1,2.48,0.85,56.27
42,40,4,350,2,1.81,0.27,106.95
34,40,2,350,1,2.65,0.63,75.78
30,40,3,350,2,2.34,1.31,85.86
27,40,0,350,2,1.63,0.85,71.02
24,40,6,350,0,2.79,1.19,51.07
43,40,4,350,2,1.53,1.05,113.24
26,40,4,350,1,2.61,0.95,63.81
26,40,1,350,0,2.93,0.58,43.48
30,40,2,350,2,1.33,1.14,82.25
35,40,5,350,0,2.33,0.72,69.87
25,40,4,350,0,0.6,0.39,43.24
21,40,1,350,2,2.64,0.62,59.51
25,40,2,350,1,2.19,1.06,58.47
39,40,2,350,0,3.17,1.4,77.93
37,40,0,350,2,3.16,1.2,95.87
34,40,5,350,0,3.08,0.38,66.51
45,40,4,350,0,2.89,1.03,91.88
32,40,6,350,0,1.29,1.23,67.06
42,40,3,350,1,3.35,1.36,99.42
38,40,4,350,2,3.15,0.6,101.48
37,40,2,350,0,2.31,0.75,69.17
23,40,6,350,1,3.4,1.24,63.18
35,40,2,350,1,2.24,0.82,78.61
36,40,2,350,1,2.71,0.79,81.02
40,40,4,350,1,2.59,0.71,92.47
43,40,2,350,1,1.53,1.46,98.72
30,40,6,350,1,1.17,0.54,72.17
41,40,0,350,2,3.19,1.06,103.69
30,40,2,350,2,3.23,0.7,81.53
25,40,6,350,0,1.01,1.42,52.86
44,40,3,350,0,1.24,0.52,83.61
20,40,4,350,2,3.07,0.31,61.16
44,40,4,350,0,0.59,1.45,89.96
25,40,0,350,1,3.18,1.14,56.41
41,40,6,350,1,0.9,0.35,94.44
45,40,3,350,1,2.22,0.77,101.48
39,40,0,350,0,3.33,0.32,68.56
44,40,6,350,0,0.73,0.84,90.08
22,40,6,350,2,3.12,1.47,75.47
45,40,2,350,1,2.5,1.1,101.88
42,40,5,350,2,2.47,1.1,113.96
26,40,4,350,0,2.23,0.78,49.1
24,40,1,350,1,0.63,1.02,52.93
38,40,1,350,2,3.2,1.0,98.64
26,40,0,350,2,3.47,1.27,72.96
36,40,0,350,1,1.02,1.37,79.3
37,40,0,350,1,1.7,1.44,82.47
27,40,0,350,0,1.91,0.81,44.26
20,40,6,350,1,3.35,0.44,52.18
20,40,3,350,2,0.88,1.15,62.15
32,40,2,350,1,3.32,1.11,74.82
32,40,1,350,0,2.31,1.38,60.29
28,40,3,350,0,3.0,0.47,50.64
30,40,4,350,1,2.21,1.18,73.32
43,40,0,350,0,1.6,0.59,77.05
26,40,5,350,0,1.71,1.05,51.85
39,40,4,350,1,2.93,0.97,92.11
43,40,5,350,0,2.32,0.32,84.77
43,40,0,350,1,2.12,0.91,92.74
30,40,4,350,0,2.63,0.78,58.05
41,40,3,350,2,1.47,1.37,108.98
45,40,0,350,1,2.05,1.45,100.01
27,40,5,350,0,2.95,1.06,55.21
30,40,5,350,1,2.93,0.38,71.19
41,40,4,350,2,3.43,1.1,111.0
38,40,2,350,1,3.27,0.46,83.97
27,40,2,350,2,2.93,0.87,75.78
26,40,2,350,1,2.84,1.38,63.02
24,40,1,350,0,3.19,0.9,41.24
27,40,0,350,1,2.43,0.71,57.58
35,40,5,350,0,1.79,0.38,67.45
32,40,4,350,0,2.22,1.4,65.46
43,40,4,350,0,0.96,0.43,82.41
37,40,0,350,1,3.46,0.78,80.38
27,40,0,350,1,1.34,1.3,59.89
37,40,4,350,1,2.03,0.46,84.1
27,40,4,350,1,3.45,0.37,63.47
31,40,6,350,0,2.33,1.1,65.15
26,40,1,350,0,0.81,1.2,45.01
41,40,4,350,1,1.85,0.75,94.15
41,40,2,350,1,1.63,0.64,89.9
43,40,4,350,1,0.77,0.59,96.54
41,40,2,350,0,2.16,0.69,77.27
20,40,5,350,1,3.16,0.7,51.76
21,40,5,350,1,3.22,1.3,57.34
45,40,4,350,0,2.37,0.34,87.5
36,40,0,350,0,1.93,1.48,67.36
42,40,0,350,1,3.1,0.58,89.64
22,40,1,350,1,1.04,0.37,45.36
35,40,2,350,1,2.06,1.05,79.74
29,40,1,350,2,3.32,0.5,76.63
34,40,5,350,0,3.07,0.87,69.26
28,40,6,350,0,2.06,1.28,59.48
28,40,3,350,1,1.32,0.48,62.54
25,40,1,350,2,1.3,0.42,65.72
27,40,4,350,1,0.79,1.11,65.17
34,40,5,350,2,1.11,0.87,94.24
20,40,6,350,1,2.52,0.76,53.22
45,40,2,350,0,1.63,0.27,82.99
35,40,2,350,1,2.1,0.45,76.39
44,40,6,350,0,1.69,0.52,89.17
34,40,6,350,1,1.39,0.68,81.74
20,40,5,350,0,1.39,0.78,37.16
33,40,3,350,2,2.57,1.43,93.18
36,40,1,350,1,1.32,1.42,81.57
30,40,1,350,2,1.53,1.2,81.06
28,40,2,350,0,0.74,0.25,45.59
34,40,4,350,1,2.94,1.47,84.21
36,40,2,350,1,1.68,0.58,78.88
24,40,1,350,1,2.11,0.72,52.62
45,40,0,350,1,0.64,0.56,93.68
30,40,5,350,0,2.75,1.49,63.88
45,40,5,350,0,3.35,0.71,92.22
20,40,3,350,2,0.69,1.02,61.24
38,40,6,350,1,0.98,1.4,94.0
35,40,5,350,2,0.91,1.18,97.95
41,40,4,350,1,2.58,0.46,93.2
24,40,4,350,2,2.13,0.35,69.09
40,40,2,350,0,2.92,0.74,76.12
45,40,1,350,0,2.55,1.02,86.36
35,40,6,350,2,2.87,0.98,100.36
41,40,2,350,2,3.2,1.32,108.59
22,40,5,350,1,1.7,0.92,55.93
27,40,4,350,1,2.12,1.32,67.59
22,40,3,350,0,2.81,0.27,36.47
43,40,6,350,1,0.93,0.84,101.52
23,40,1,350,2,1.95,1.28,66.88
24,40,0,350,1,1.37,1.33,53.66
45,40,3,350,0,2.04,0.98,89.09
36,40,3,350,1,3.44,1.26,86.07
22,40,6,350,2,0.98,0.33,67.05
31,40,3,350,1,3.31,0.86,72.97
25,40,4,350,0,0.75,1.14,47.61
43,40,2,350,2,1.35,1.27,110.88
27,40,3,350,0,2.89,1.31,53.13
29,40,1,350,1,1.87,0.54,62.1
37,40,6,350,1,0.92,0.59,87.23
24,40,4,350,0,2.56,1.37,48.44
32,40,5,350,1,1.55,0.53,75.04
26,40,1,350,2,1.62,0.95,71.15
23,40,2,350,2,1.15,1.01,66.33
26,40,6,350,1,2.99,1.39,70.08
41,40,0,350,1,3.06,1.33,91.69
25,40,2,350,0,3.34,1.14,46.59
38,40,2,350,1,1.64,0.47,82.51
24,40,1,350,1,2.74,0.62,52.64
43,40,3,350,2,3.07,1.22,113.91
42,40,4,350,0,2.8,0.73,83.67
29,40,6,350,0,1.59,1.24,60.96
30,40,3,350,0,2.11,0.39,53.65
22,40,2,350,2,0.51,0.95,63.25
24,40,3,350,0,2.54,1.46,47.22
27,40,4,350,2,1.36,0.43,75.26
45,40,6,350,0,1.56,1.08,94.35
34,40,5,350,0,0.62,0.78,66.48
31,40,3,350,1,1.0,1.11,72.23
27,40,6,350,0,2.33,0.49,53.13
42,40,4,350,2,2.1,0.71,109.7
42,40,5,350,2,2.52,1.16,114.35
38,40,6,350,2,1.72,1.06,106.17
43,40,4,350,2,1.52,0.54,110.35
44,40,0,350,1,2.11,0.3,91.43
23,40,1,350,0,1.52,0.98,37.99
25,40,0,350,0,3.12,1.1,42.73
42,40,4,350,1,1.0,0.42,93.65
31,40,4,350,1,2.97,0.36,71.54
36,40,5,350,0,2.09,0.55,70.84
30,40,0,350,1,2.58,1.44,68.27
25,40,2,350,2,2.98,1.06,72.6
31,40,5,350,1,2.67,0.66,74.67
27,40,6,350,1,0.79,0.95,67.69
39,40,3,350,2,3.24,0.41,100.92
28,40,4,350,0,1.2,0.85,52.83
20,40,6,350,2,1.92,0.74,65.94
26,40,1,350,0,0.84,0.36,40.3
41,40,0,350,1,1.16,1.2,89.19
20,40,4,350,0,3.25,0.44,35.26
40,40,0,350,0,2.54,0.56,71.32
44,40,3,350,2,2.67,0.88,113.77
32,40,0,350,0,0.88,1.38,57.24
42,40,0,350,2,3.15,0.77,104.16
31,40,1,350,0,2.71,0.77,55.07
35,40,1,350,1,1.94,1.27,79.16
35,40,6,350,2,0.91,0.57,96.22
44,40,5,350,1,3.3,0.92,104.61
41,40,0,350,0,0.84,0.45,71.26
33,40,3,350,1,3.15,0.31,74.01
24,40,3,350,0,1.61,0.57,41.33
23,40,1,350,2,1.47,0.5,62.04
43,40,0,350,1,2.44,1.39,95.74
29,40,5,350,1,1.07,0.89,70.19
37,40,3,350,1,2.88,0.4,82.84
24,40,0,350,1,3.04,0.27,49.23
30,40,0,350,1,1.66,1.09,65.44
28,40,2,350,2,3.22,0.85,78.08
33,40,3,350,0,3.12,1.3,66.16
27,40,1,350,1,1.56,0.61,57.92
22,40,4,350,2,2.25,0.87,67.85
44,40,2,350,1,3.22,1.15,100.69
35,40,2,350,1,2.94,0.78,79.04
38,40,1,350,0,2.56,1.49,74.01
42,40,0,350,0,0.7,0.54,73.79
36,40,6,350,0,3.08,0.65,74.04
39,40,6,350,0,1.55,0.93,80.63
40,40,5,350,2,1.59,0.3,104.34
31,40,3,350,0,2.78,0.51,57.1
42,40,2,350,2,2.99,0.5,105.92
43,40,0,350,1,1.64,0.7,91.11
21,40,3,350,0,0.68,0.67,34.6
33,40,3,350,1,1.36,1.34,78.15
39,40,6,350,0,0.79,0.72,78.74
30,40,3,350,2,2.06,1.02,83.96
45,40,3,350,1,3.07,0.8,102.43
32,40,5,350,2,0.89,1.01,90.54
42,40,5,350,1,3.43,1.46,103.49
40,40,3,350,2,1.32,0.46,101.56
32,40,2,350,0,2.85,0.55,57.82
37,40,3,350,1,1.52,0.94,84.62
39,40,1,350,0,1.15,1.34,74.0
28,40,5,350,0,2.09,0.27,52.1
33,40,5,350,0,0.94,0.74,64.4
34,40,2,350,2,3.34,1.35,93.88
20,40,4,350,2,1.48,1.41,65.89
28,40,5,350,0,1.79,1.22,57.18
31,40,0,350,2,0.93,1.25,81.21
32,40,3,350,1,3.49,1.03,76.24
22,40,0,350,2,3.37,0.82,61.75
32,40,3,350,0,1.56,1.07,61.27
29,40,4,350,1,1.12,1.11,69.76
26,40,5,350,0,2.88,0.84,51.76
38,40,0,350,0,1.44,0.35,64.82
20,40,0,350,2,1.1,1.15,57.21
29,40,5,350,1,2.14,1.23,73.1
43,40,1,350,0,3.46,0.89,82.19
38,40,0,350,1,2.41,1.23,84.09
23,40,4,350,0,2.29,1.1,44.53
37,40,4,350,2,1.9,1.21,101.61
29,40,1,350,2,2.28,0.81,77.41
20,40,4,350,1,1.59,1.19,51.35
45,40,4,350,2,2.86,0.29,114.48
21,40,0,350,1,2.41,0.46,43.28
22,40,4,350,2,1.99,1.07,68.73
29,40,0,350,1,2.16,0.42,59.98
45,40,4,350,1,2.17,0.57,102.02
26,40,4,350,1,2.46,1.27,65.48
33,40,3,350,1,2.09,1.47,79.56
24,40,2,350,2,1.83,0.43,65.84
37,40,6,350,1,2.17,0.42,87.44
38,40,2,350,1,2.83,1.29,88.25
34,40,5,350,0,2.97,0.52,67.2
31,40,2,350,1,0.6,1.31,71.27
24,40,2,350,2,2.97,0.89,69.49
35,40,3,350,1,0.93,1.05,80.4
21,40,2,350,0,3.15,0.95,36.76
21,40,2,350,1,2.81,0.46,47.08
26,40,1,350,0,1.01,0.3,40.12
28,40,1,350,1,0.85,0.86,60.82
27,40,5,350,1,1.96,1.16,68.25
30,40,0,350,1,1.66,0.76,63.58
24,40,1,350,1,1.03,0.96,52.97
21,40,4,350,1,1.66,0.81,51.41
21,40,5,350,0,3.36,0.92,41.93
45,40,1,350,0,3.39,0.75,85.62
37,40,3,350,0,2.77,0.66,70.81
38,40,5,350,0,0.89,0.94,76.21
21,40,4,350,1,3.04,1.18,54.78
42,40,4,350,0,3.1,0.9,84.91
40,40,5,350,1,2.42,1.35,97.64
40,40,5,350,1,0.72,1.41,96.39
28,40,3,350,0,3.04,0.49,50.79
35,40,4,350,2,2.6,0.38,93.29
25,40,0,350,1,1.23,0.7,52.12
44,40,0,350,0,0.69,0.65,78.69
40,40,4,350,1,3.28,1.26,96.21
36,40,1,350,1,1.63,1.24,80.84
20,40,5,350,2,1.02,1.32,66.66
37,40,0,350,0,3.32,0.78,66.85
44,40,1,350,0,2.33,0.4,80.52
41,40,4,350,2,0.9,1.43,110.5
33,40,0,350,1,1.38,1.5,73.93
23,40,6,350,0,1.17,0.68,44.54
21,40,6,350,2,1.34,0.45,65.91
38,40,6,350,1,3.18,1.47,96.44
28,40,2,350,2,1.72,0.76,76.17
25,40,4,350,1,2.71,1.03,62.21
34,40,2,350,1,0.91,0.94,75.91
33,40,1,350,2,2.04,1.39,89.04
44,40,2,350,2,1.57,0.51,108.95
20,40,3,350,2,1.48,0.53,59.21
37,40,2,350,0,1.95,0.74,68.78
31,40,5,350,0,1.0,1.17,62.6
27,40,3,350,1,2.7,0.88,63.93
45,40,2,350,2,0.92,1.2,114.38
37,40,1,350,1,2.68,1.35,84.59
37,40,2,350,2,2.21,0.42,94.02
32,40,1,350,1,3.34,0.55,69.96
45,40,3,350,2,2.12,0.36,112.47
36,40,1,350,0,3.02,1.24,68.74
33,40,5,350,1,3.27,1.13,82.17
40,40,5,350,1,1.32,0.48,91.71
32,40,6,350,2,2.91,0.36,90.46
24,40,2,350,1,1.25,0.5,52.29
41,40,3,350,2,3.24,0.8,107.41
30,40,1,350,2,2.9,1.46,83.8
23,40,5,350,1,1.31,1.46,60.76
41,40,5,350,1,1.23,1.27,98.22
41,40,4,350,1,0.55,0.4,90.97
37,40,2,350,0,2.6,0.37,67.3
40,40,3,350,0,3.18,1.41,81.85
33,40,6,350,1,1.32,0.74,79.87
22,40,4,350,2,1.93,1.22,69.52
22,40,6,350,1,1.59,0.28,53.93
37,40,1,350,0,2.13,0.53,66.05
25,40,2,350,0,0.9,1.47,46.18
35,40,5,350,0,0.69,1.24,71.28
24,40,6,350,0,0.58,0.72,46.37
26,40,5,350,1,2.26,0.96,65.26
21,40,5,350,2,3.08,1.03,69.09
35,40,2,350,0,2.57,0.97,66.36
22,40,4,350,1,2.67,1.26,57.04
21,40,0,350,1,0.57,1.28,46.19
29,40,0,350,2,1.0,1.27,77.1
39,40,0,350,1,2.71,1.08,85.67
38,40,3,350,1,0.78,0.75,85.01
30,40,5,350,0,2.68,0.4,57.67
20,40,3,350,2,1.15,0.49,58.68
41,40,3,350,0,1.56,0.89,79.56
40,40,1,350,2,2.23,1.16,102.93
23,40,2,350,1,1.67,0.51,50.59
29,40,2,350,2,2.4,1.08,80.76
34,40,1,350,2,0.91,0.53,85.28
31,40,6,350,1,1.02,1.09,77.28
26,40,5,350,1,3.02,1.21,67.37
45,40,2,350,2,3.34,0.89,114.88
39,40,1,350,0,3.14,0.44,70.77
45,40,6,350,0,3.0,1.23,96.54
28,40,5,350,0,1.21,0.3,51.45
29,40,4,350,0,1.56,0.39,52.71
23,40,4,350,1,2.63,0.43,54.46
23,40,2,350,0,0.77,1.45,41.66
42,40,2,350,1,3.29,0.86,94.83
32,40,0,350,2,2.34,1.48,85.96
45,40,2,350,1,3.35,1.49,104.87
22,40,1,350,0,2.59,1.16,37.86
26,40,0,350,2,3.39,0.38,67.87
38,40,5,350,2,0.87,1.01,103.39
45,40,5,350,2,1.53,0.3,115.01
20,40,6,350,1,1.08,0.45,50.13
43,40,2,350,2,0.51,0.75,107.17
41,40,3,350,1,3.14,1.2,96.18
44,40,6,350,2,3.05,1.23,121.24
30,40,5,350,2,1.11,0.86,85.6
28,40,5,350,0,3.26,1.47,59.95
39,40,3,350,2,3.46,0.8,103.33
35,40,4,350,2,2.29,0.6,94.25
36,40,3,350,0,1.38,0.81,68.21
28,40,1,350,1,2.88,0.63,61.41
29,40,6,350,2,2.38,1.04,87.37
23,40,2,350,2,2.81,0.83,66.86
30,40,3,350,1,2.05,1.25,71.85
41,40,1,350,0,2.94,0.74,76.57
34,40,5,350,2,2.65,0.45,93.3
34,40,6,350,0,1.88,0.48,67.67
27,40,6,350,0,1.56,0.26,51.12
27,40,1,350,2,2.6,0.63,72.4
20,40,1,350,1,0.86,1.46,47.05
30,40,3,350,1,1.67,0.34,66.36
20,40,1,350,2,0.52,1.4,59.79
38,40,4,350,1,0.51,0.94,87.54
38,40,3,350,2,2.48,1.39,103.6
27,40,6,350,2,1.38,1.35,83.9
38,40,5,350,2,3.13,0.94,105.09
44,40,1,350,1,0.72,1.17,96.76
32,40,5,350,1,2.83,1.19,79.95
32,40,0,350,2,3.1,0.31,80.07
29,40,2,350,2,1.22,1.33,81.07
22,40,4,350,1,2.61,0.52,52.81
42,40,4,350,1,3.21,0.94,98.63
34,40,3,350,1,1.32,1.39,80.54
20,40,4,350,1,3.38,1.09,52.45
45,40,2,350,1,2.6,1.02,101.52
44,40,3,350,2,1.14,1.21,114.21
42,40,0,350,0,1.35,0.49,74.11
41,40,0,350,2,2.52,1.07,103.12
38,40,6,350,2,0.82,0.85,104.15
37,40,0,350,1,2.76,0.81,79.9
41,40,1,350,2,0.61,1.14,103.46
29,40,0,350,2,1.9,0.31,72.52
30,40,2,350,2,1.93,1.45,84.55
45,40,6,350,0,3.06,0.6,93.04
42,40,5,350,0,2.79,1.24,88.25
32,40,2,350,2,1.25,1.07,86.07
35,40,1,350,2,2.27,0.71,89.7
36,40,6,350,1,3.45,1.15,90.6
35,40,6,350,1,1.13,1.21,86.64
42,40,3,350,2,3.21,1.12,111.33
37,40,3,350,1,1.56,0.4,81.61
34,40,5,350,0,1.71,1.2,69.86
20,40,0,350,0,1.11,0.25,25.34
43,40,3,350,1,1.42,0.68,95.93
20,40,2,350,0,3.05,1.48,37.51
32,40,0,350,0,3.14,1.47,59.85
33,40,0,350,1,0.96,1.18,71.73
30,40,0,350,1,2.94,1.25,67.53
33,40,3,350,2,2.49,1.11,91.3
40,40,5,350,1,1.05,0.97,94.22
37,40,3,350,1,2.85,1.09,86.71
43,40,2,350,2,2.59,1.25,111.92
23,40,0,350,2,1.96,0.27,59.48
44,40,2,350,0,1.84,1.11,85.78
37,40,5,350,0,0.51,0.75,72.64
26,40,4,350,2,3.24,0.33,74.3
27,40,4,350,1,3.06,0.76,65.3
36,40,3,350,1,3.29,1.04,84.69
24,40,3,350,2,2.89,1.0,71.75
30,40,5,350,0,0.66,0.42,55.9
40,40,6,350,0,2.79,1.3,86.01
22,40,2,350,0,2.35,1.29,40.08
29,40,3,350,0,2.87,1.03,55.83
33,40,5,350,0,1.68,0.5,63.74
34,40,0,350,2,2.0,0.49,84.35
43,40,2,350,0,2.5,1.36,85.66
28,40,4,350,1,3.26,1.38,71.13
22,40,3,350,0,3.48,0.79,40.02
21,40,0,350,2,1.85,0.92,58.75
44,40,3,350,2,1.31,0.54,110.59
22,40,1,350,1,1.9,1.13,50.44
28,40,2,350,0,3.17,1.32,53.88
42,40,1,350,2,2.34,1.36,108.45
25,40,2,350,1,0.52,0.45,53.48
34,40,2,350,2,1.91,0.7,88.88
33,40,3,350,0,3.47,0.42,61.52
33,40,2,350,1,2.81,0.82,74.85
45,40,5,350,2,3.4,1.02,120.81
39,40,5,350,1,1.77,1.42,95.28
42,40,3,350,2,1.32,1.17,109.86
27,40,3,350,2,1.27,1.2,77.81
25,40,4,350,1,1.13,0.58,58.2
41,40,3,350,2,1.25,0.73,105.17
27,40,0,350,1,1.71,0.76,57.19
44,40,0,350,0,2.6,0.45,79.34
40,40,5,350,2,2.27,0.27,104.81
23,40,5,350,1,1.63,0.56,55.98
27,40,4,350,1,1.27,0.72,63.41
24,40,2,350,2,2.36,1.28,71.12
29,40,1,350,0,0.65,0.85,49.32
26,40,3,350,0,3.49,1.35,51.77
27,40,5,350,2,1.52,1.45,82.88
35,40,3,350,2,1.64,1.27,95.71
20,40,5,350,1,1.99,0.83,51.4
28,40,1,350,1,1.54,0.91,61.74
24,40,2,350,2,1.02,1.41,70.61
31,40,3,350,1,3.14,1.41,75.91
29,40,6,350,2,2.34,1.36,89.14
43,40,5,350,1,3.03,1.2,103.79
36,40,3,350,0,3.29,1.04,71.29
30,40,4,350,1,1.92,1.4,74.29
37,40,6,350,1,3.5,0.9,91.38
30,40,2,350,1,1.31,0.33,64.26
43,40,2,350,2,2.65,1.12,111.24
23,40,0,350,2,1.97,1.27,65.13
36,40,2,350,1,0.9,1.01,80.58
44,40,5,350,1,2.47,1.42,106.66
38,40,5,350,0,1.88,0.99,77.41
29,40,3,350,2,1.93,0.5,78.76
20,40,3,350,1,0.67,1.22,48.95
28,40,1,350,2,2.65,1.1,77.24
36,40,4,350,1,2.5,0.61,83.24
45,40,6,350,0,0.73,0.41,89.8
30,40,5,350,2,3.0,0.4,84.77
34,40,5,350,0,1.55,0.41,65.26
42,40,3,350,2,0.97,0.71,106.94
30,40,0,350,1,1.41,1.0,64.7
38,40,1,350,1,3.05,0.78,83.86
26,40,0,350,0,0.75,1.06,42.45
29,40,6,350,2,0.61,0.59,83.19
40,40,1,350,0,1.32,1.27,75.9
39,40,2,350,1,1.99,0.66,86.06
22,40,1,350,1,3.1,1.22,52.07
25,40,6,350,2,2.74,0.44,75.74
41,40,0,350,2,1.63,0.35,98.23
40,40,4,350,1,1.36,1.32,94.77
36,40,1,350,2,1.85,0.31,89.2
41,40,1,350,0,2.89,0.26,73.81
39,40,0,350,2,2.64,0.28,94.49
32,40,6,350,0,1.88,1.28,67.89
38,40,6,350,1,3.35,0.51,91.19
28,40,1,350,1,2.42,1.4,65.32
35,40,1,350,2,1.96,0.85,90.21
31,40,3,350,1,2.59,1.48,75.79
35,40,2,350,0,1.32,0.75,63.96
37,40,1,350,0,2.53,1.09,69.58
41,40,1,350,2,3.46,0.55,102.78
42,40,1,350,0,2.27,0.47,76.57
21,40,1,350,0,1.33,0.72,32.06
35,40,0,350,0,0.66,1.27,62.85
45,40,4,350,2,1.99,1.43,120.1
45,40,2,350,0,1.41,0.56,84.42
44,40,5,350,2,2.62,0.4,114.44
25,40,5,350,2,3.17,1.43,80.01
42,40,6,350,0,2.3,1.11,88.78
21,40,4,350,0,0.75,0.84,37.34
20,40,6,350,1,1.14,0.38,49.79
28,40,1,350,1,2.76,1.32,65.19
25,40,0,350,0,2.47,0.57,39.14
21,40,5,350,2,1.24,0.63,65.12
30,40,4,350,2,0.72,0.55,81.78
38,40,1,350,1,1.33,0.33,79.72
38,40,0,350,2,2.83,0.57,94.16
40,40,6,350,0,3.2,1.21,85.89
26,40,3,350,1,2.76,1.42,64.89
34,40,1,350,2,3.31,0.52,87.46
37,40,6,350,0,1.85,0.91,76.5
24,40,1,350,1,3.11,0.57,52.7
44,40,1,350,1,0.97,0.99,95.98
41,40,2,350,1,0.71,1.37,93.16
30,40,5,350,1,3.15,0.67,73.03
37,40,5,350,1,0.62,0.4,84.17
28,40,4,350,0,1.22,0.46,50.65
27,40,2,350,1,1.89,1.29,63.78
27,40,6,350,0,1.27,0.66,53.1
42,40,2,350,1,2.59,0.57,92.54
26,40,1,350,1,1.94,1.38,60.47
27,40,5,350,2,2.55,1.33,83.16
29,40,2,350,1,0.95,0.44,62.4
34,40,1,350,0,1.33,0.91,61.01
42,40,1,350,2,1.17,0.44,102.17
45,40,6,350,0,2.4,0.61,92.48
23,40,4,350,1,1.1,0.31,52.36
27,40,2,350,2,1.89,1.36,77.57
37,40,0,350,1,0.95,0.65,77.31
43,40,4,350,0,2.05,0.84,85.74
36,40,6,350,1,2.08,0.8,87.35
34,40,6,350,1,0.82,0.43,79.8
32,40,0,350,2,1.97,1.31,84.66
44,40,1,350,0,1.78,1.33,85.25
40,40,6,350,0,1.68,0.41,79.96
30,40,3,350,2,2.99,0.78,83.47
42,40,5,350,0,1.64,0.33,82.05
31,40,1,350,1,1.68,0.62,66.67
38,40,2,350,0,0.74,0.39,67.83
28,40,1,350,1,3.46,1.1,64.6
45,40,2,350,0,2.84,0.78,86.99
27,40,0,350,0,1.99,1.43,47.83
22,40,0,350,0,2.3,1.35,36.94
34,40,3,350,0,1.99,1.34,67.48
20,40,5,350,1,1.05,0.59,49.18
33,40,3,350,0,3.04,0.49,61.52
36,40,2,350,1,1.77,1.46,83.93
40,40,5,350,2,1.9,0.45,105.48
21,40,2,350,2,0.76,1.36,63.65
28,40,1,350,0,1.26,0.43,45.37
34,40,2,350,1,2.48,0.35,74.04
28,40,3,350,0,1.22,1.27,53.5
22,40,6,350,1,2.55,0.93,58.49
32,40,3,350,0,0.95,1.0,60.31
23,40,5,350,2,2.4,1.07,72.97
42,40,2,350,1,2.14,0.93,94.15
45,40,2,350,1,2.5,0.64,99.29
24,40,6,350,1,2.36,0.31,59.11
29,40,2,350,0,0.81,1.3,53.72
41,40,0,350,1,2.26,0.42,85.82
41,40,1,350,2,3.05,1.4,107.19
39,40,2,350,0,1.04,1.02,73.8
32,40,1,350,0,0.99,0.45,53.81
33,40,0,350,2,0.59,0.98,83.66
34,40,4,350,1,3.31,1.01,81.96
30,40,6,350,0,1.45,1.07,62.02
21,40,3,350,2,2.2,1.0,64.67
25,40,0,350,2,1.1,1.36,69.12
21,40,4,350,1,2.8,1.22,54.79
25,40,0,350,1,2.52,1.11,55.63
20,40,1,350,2,0.98,1.28,59.54
29,40,5,350,2,1.23,0.67,82.5
36,40,2,350,1,1.95,0.85,80.66
29,40,6,350,1,1.27,0.76,71.36
41,40,2,350,2,3.25,1.3,108.53
29,40,5,350,1,0.65,1.31,72.17
34,40,5,350,2,2.55,0.92,95.86
43,40,1,350,1,2.18,1.3,96.71
34,40,6,350,0,1.36,1.46,72.71
21,40,0,350,1,3.25,0.25,42.88
23,40,3,350,1,2.75,0.72,54.5
29,40,6,350,0,1.31,0.45,56.25
39,40,0,350,1,1.44,1.2,85.16
28,40,5,350,0,2.05,0.92,55.73
38,40,0,350,0,0.68,1.45,70.32
42,40,0,350,1,1.91,1.48,93.61
43,40,1,350,2,3.24,0.37,105.85
33,40,4,350,1,3.48,0.96,79.69
31,40,0,350,0,2.13,0.38,50.62
44,40,2,350,1,2.45,1.02,99.24
35,40,3,350,1,3.46,0.33,78.7
24,40,4,350,2,3.37,1.02,74.02
21,40,4,350,1,3.03,0.85,52.91
36,40,4,350,0,1.38,0.6,68.74
33,40,3,350,0,3.33,0.42,61.39
29,40,6,350,1,0.95,0.8,71.29
40,40,2,350,0,1.0,0.88,75.12
30,40,1,350,1,2.23,1.14,67.97
43,40,0,350,0,1.94,1.31,81.43
28,40,4,350,0,1.83,0.58,51.89
32,40,0,350,2,0.59,0.27,77.51
34,40,1,350,1,3.45,0.46,73.85
43,40,0,350,1,2.44,0.28,89.48
26,40,3,350,2,0.74,0.48,71.11
25,40,2,350,0,3.49,0.98,45.83
27,40,0,350,0,1.03,0.78,43.27
22,40,5,350,0,1.94,1.18,44.22
26,40,3,350,2,0.53,1.17,74.8
35,40,1,350,2,1.28,1.06,90.76
41,40,2,350,2,2.67,0.37,102.74
30,40,3,350,0,2.56,1.42,59.88
42,40,5,350,1,2.41,1.29,101.58
43,40,1,350,2,0.56,0.34,103.19
20,40,0,350,1,2.54,1.17,45.26
31,40,3,350,0,0.94,0.82,57.14
26,40,4,350,0,3.1,0.37,47.6
30,40,3,350,1,1.95,0.44,67.19
44,40,6,350,1,2.07,0.32,101.8
22,40,6,350,1,2.45,0.96,58.57
34,40,2,350,2,2.25,0.5,88.07
40,40,5,350,1,1.72,0.39,91.57
34,40,4,350,0,2.3,1.33,69.43
30,40,6,350,2,2.94,0.58,87.44
24,40,5,350,0,0.65,1.12,46.97
42,40,4,350,2,2.27,0.56,109.02
28,40,6,350,0,3.4,0.92,58.7
35,40,0,350,2,1.76,1.15,90.0
38,40,4,350,0,0.98,0.44,71.76
38,40,0,350,1,2.4,0.51,80.02
44,40,0,350,1,1.86,0.73,93.63
23,40,5,350,2,2.87,1.37,75.1
39,40,2,350,0,1.15,0.58,71.42
24,40,0,350,0,1.16,0.71,36.56
21,40,2,350,2,1.65,0.49,59.57
22,40,1,350,0,1.08,1.42,37.92
29,40,0,350,2,1.0,0.96,75.35
27,40,0,350,1,2.51,1.4,61.55
37,40,3,350,1,2.35,1.27,87.26
45,40,4,350,0,2.07,0.63,88.86
32,40,3,350,1,1.31,1.27,75.56
32,40,2,350,2,2.2,0.47,83.57
25,40,3,350,0,3.17,0.75,45.95
31,40,0,350,1,3.17,1.34,70.4
23,40,4,350,0,3.03,0.71,43.01
23,40,5,350,1,1.29,0.38,54.65
44,40,0,350,2,1.37,0.73,106.57
38,40,6,350,1,2.83,1.47,96.12
31,40,6,350,0,3.16,0.58,62.99
45,40,4,350,0,2.63,0.63,89.38
25,40,5,350,0,1.73,1.07,49.84
35,40,1,350,2,0.72,1.4,92.15
28,40,6,350,0,1.04,0.59,54.64
43,40,0,350,2,1.67,0.69,104.48
28,40,2,350,2,3.35,0.44,75.89
37,40,0,350,1,1.52,0.33,76.04
40,40,3,350,2,2.65,1.17,106.81
26,40,3,350,1,0.88,0.84,59.87
41,40,1,350,2,3.46,0.56,102.84
29,40,5,350,1,2.11,0.26,67.61
34,40,6,350,0,1.05,1.15,70.68
30,40,1,350,0,2.79,1.35,56.27
22,40,1,350,1,2.68,0.8,49.31
40,40,1,350,0,1.78,0.61,72.61
44,40,1,350,0,2.98,1.08,84.96
31,40,5,350,0,3.06,1.07,63.95
31,40,1,350,2,1.11,1.33,83.54
32,40,4,350,1,1.15,0.97,75.44
23,40,5,350,0,1.56,0.5,42.18
30,40,0,350,2,2.79,0.87,78.65
25,40,0,350,1,2.25,0.56,52.28
36,40,1,350,1,1.27,0.64,77.12
20,40,5,350,2,3.35,0.66,65.11
24,40,0,350,0,0.69,0.34,34.04
42,40,4,350,0,1.32,1.34,85.73
45,40,0,350,1,1.59,0.43,93.83
31,40,1,350,1,0.96,0.79,66.96
24,40,4,350,1,1.62,1.03,59.05
36,40,3,350,1,2.82,0.92,83.57
44,40,3,350,2,1.82,1.19,114.73
40,40,4,350,2,2.74,1.28,109.22
26,40,1,350,0,1.24,0.61,42.08
24,40,1,350,2,1.48,1.36,69.04
38,40,4,350,2,1.44,1.07,102.54
39,40,0,350,1,0.99,1.46,86.21
31,40,5,350,1,2.62,1.49,79.31
30,40,0,350,2,1.64,1.22,79.56
33,40,0,350,2,2.24,0.75,83.9
27,40,3,350,2,1.02,1.05,76.73
42,40,0,350,1,0.82,0.44,86.73
20,40,6,350,0,1.27,1.09,40.51
41,40,2,350,2,0.9,1.39,106.85
30,40,1,350,2,0.79,1.18,80.25
35,40,2,350,0,1.71,1.05,66.02
30,40,0,350,1,3.3,0.53,63.81
25,40,1,350,0,2.63,1.27,44.95
20,40,3,350,1,0.76,0.96,47.56
26,40,3,350,0,1.86,0.69,46.53
38,40,2,350,1,0.81,0.66,82.81
37,40,5,350,0,0.86,1.19,75.45
31,40,3,350,0,0.85,0.61,55.87
44,40,4,350,0,1.49,1.46,90.86
36,40,1,350,0,2.84,0.4,63.83
42,40,6,350,0,1.57,0.36,83.87
43,40,0,350,1,1.87,0.48,90.08
26,40,5,350,1,3.41,0.9,65.99
20,40,0,350,1,1.8,1.14,44.4
37,40,4,350,2,0.57,0.73,97.67
45,40,4,350,0,2.44,0.66,89.37
39,40,3,350,0,2.36,0.67,74.77
42,40,1,350,2,0.51,1.15,105.56
32,40,2,350,2,3.18,0.87,86.73
21,40,3,350,0,1.31,0.86,36.26
33,40,3,350,0,1.57,1.18,64.04
26,40,0,350,1,2.59,1.43,59.64
32,40,1,350,1,2.74,0.53,69.29
25,40,6,350,0,2.12,0.94,51.18
29,40,2,350,2,1.07,0.93,78.67
43,40,4,350,1,1.39,0.41,96.1
40,40,2,350,1,0.9,1.3,90.8
42,40,5,350,2,0.62,1.46,114.27
32,40,2,350,2,2.72,0.6,84.78
33,40,1,350,0,3.18,1.01,61.15
22,40,4,350,1,2.79,0.99,55.63
37,40,4,350,1,2.37,1.34,89.38
23,40,1,350,0,2.06,1.46,41.2
37,40,1,350,2,1.75,1.17,96.11
35,40,4,350,1,3.1,1.27,85.38
25,40,4,350,1,1.81,0.49,58.33
34,40,6,350,0,2.86,0.82,70.5
29,40,0,350,0,2.74,0.61,48.19
29,40,1,350,0,2.91,0.8,51.14
21,40,6,350,2,0.82,0.84,67.63
40,40,1,350,0,3.08,0.69,74.27
32,40,1,350,2,2.89,0.57,83.06
34,40,5,350,0,1.63,1.17,69.62
38,40,5,350,1,0.64,0.95,89.43
41,40,4,350,1,2.58,1.26,97.71
31,40,1,350,0,1.81,1.43,57.96
36,40,6,350,2,2.03,0.68,100.03
31,40,2,350,2,1.61,1.2,84.99
36,40,5,350,2,2.24,0.78,99.07
29,40,2,350,1,1.35,0.42,62.66
33,40,1,350,1,3.32,1.17,75.59
20,40,3,350,1,1.48,0.57,46.03
29,40,3,350,2,1.82,0.98,81.37
44,40,1,350,1,1.23,1.42,98.65
38,40,4,350,0,3.26,0.84,76.14
31,40,2,350,1,1.13,0.57,67.59
32,40,3,350,2,0.62,1.47,89.45
43,40,4,350,0,2.68,1.31,88.97
27,40,3,350,2,0.73,1.26,77.64
24,40,6,350,1,3.06,0.49,60.78
42,40,4,350,0,2.64,1.01,85.1
24,40,2,350,1,3.44,0.71,55.51
32,40,3,350,2,3.14,1.48,91.85
22,40,0,350,1,3.27,0.54,46.68
22,40,5,350,2,1.69,0.97,69.6
25,40,0,350,0,3.25,1.08,42.74
43,40,1,350,0,1.88,1.18,82.35
44,40,3,350,2,0.55,0.89,111.85
32,40,3,350,0,0.9,0.32,56.42
40,40,0,350,1,2.38,1.29,88.69
40,40,1,350,2,0.71,0.49,97.74
32,40,2,350,0,2.28,0.27,55.71
34,40,1,350,2,1.24,1.03,88.41
32,40,3,350,0,2.56,1.08,62.25
27,40,1,350,0,2.89,1.39,50.16
42,40,3,350,1,1.81,0.47,92.97
43,40,4,350,2,1.12,1.37,114.66
43,40,6,350,0,1.82,0.61,87.65
21,40,1,350,2,3.22,1.45,64.73
22,40,4,350,0,1.09,1.09,41.21
38,40,3,350,0,3.36,0.9,74.85
30,40,3,350,1,1.48,1.25,71.32
31,40,1,350,0,2.02,1.31,57.48
31,40,0,350,1,2.29,0.98,67.55
44,40,4,350,1,3.4,0.38,99.94
20,40,0,350,2,2.76,1.36,59.94
20,40,0,350,1,2.75,1.45,47.04
44,40,5,350,1,3.3,0.7,103.37
26,40,6,350,0,3.36,0.78,53.58
34,40,2,350,0,1.39,1.32,65.1
25,40,2,350,0,3.12,1.1,46.16
20,40,5,350,1,2.94,0.53,50.59
38,40,0,350,0,1.1,0.76,66.82
39,40,0,350,0,0.6,0.8,68.73
45,40,5,350,2,2.9,1.14,121.02
20,40,3,350,2,2.27,1.22,63.83
37,40,1,350,1,2.14,0.87,81.38
20,40,6,350,0,2.22,0.61,38.69
41,40,1,350,2,1.6,0.81,102.52
28,40,2,350,2,1.43,1.47,79.91
37,40,3,350,2,2.51,1.48,101.99
21,40,0,350,1,3.05,1.23,48.22
36,40,1,350,0,2.48,0.42,63.61
38,40,2,350,2,0.58,0.3,93.97
38,40,3,350,1,2.12,0.44,84.51
23,40,1,350,2,1.82,0.85,64.34
33,40,2,350,0,0.94,1.25,62.14
26,40,2,350,1,1.1,1.2,60.39
24,40,2,350,2,3.46,1.18,71.58
35,40,2,350,2,2.73,0.86,92.69
30,40,2,350,1,0.88,0.92,67.19
25,40,2,350,1,3.29,0.97,58.98
31,40,0,350,0,1.46,0.34,49.77
20,40,1,350,0,2.92,0.33,29.19
44,40,5,350,1,2.29,0.7,102.43
31,40,2,350,1,2.29,1.43,73.52
41,40,4,350,0,2.77,1.14,83.81
21,40,3,350,0,2.3,1.27,39.49
21,40,1,350,0,1.23,1.32,35.35
20,40,1,350,0,0.57,0.39,27.34
20,40,6,350,1,2.93,0.88,54.27
28,40,1,350,2,0.84,0.44,71.84
44,40,0,350,0,1.35,0.48,78.34
28,40,2,350,0,3.2,0.28,48.04
23,40,3,350,2,2.97,1.31,71.43
34,40,3,350,0,3.2,0.69,64.94
23,40,0,350,1,0.85,1.47,51.82
23,40,5,350,1,1.99,0.74,57.33
39,40,5,350,2,1.71,0.32,102.42
25,40,6,350,2,3.04,0.52,76.47
42,40,6,350,0,2.63,0.32,84.63
22,40,3,350,1,3.26,1.17,55.36
21,40,5,350,2,1.16,0.95,66.85
45,40,0,350,1,2.5,0.99,97.83
22,40,0,350,2,2.53,1.31,63.73
27,40,4,350,1,1.35,1.04,65.29
34,40,6,350,0,2.26,0.71,69.32
20,40,3,350,1,2.44,1.19,50.42
41,40,0,350,0,1.72,1.11,75.8
25,40,5,350,1,1.34,1.44,64.96
38,40,2,350,1,0.63,0.44,81.41
40,40,6,350,2,0.62,1.1,109.67
45,40,2,350,1,1.64,0.59,98.21
30,40,0,350,1,3.32,1.04,66.7
40,40,3,350,1,0.66,1.25,92.01
28,40,4,350,2,2.57,1.13,82.48
37,40,4,350,2,0.78,1.05,99.67
38,40,1,350,0,1.51,0.85,69.42
42,40,1,350,0,3.11,0.68,78.53
38,40,1,350,2,2.72,0.52,95.49
28,40,6,350,2,1.21,0.92,83.46
24,40,0,350,0,2.83,0.32,35.92
26,40,6,350,2,1.42,0.98,79.7
43,40,4,350,0,3.41,1.35,89.88
44,40,6,350,0,1.38,1.22,92.83
39,40,3,350,1,2.75,0.37,86.84
26,40,3,350,1,0.73,1.02,60.74
32,40,6,350,1,1.53,1.27,80.91
42,40,4,350,1,2.66,0.62,96.32
34,40,0,350,0,2.84,0.69,59.46
20,40,1,350,0,2.24,1.12,33.01
38,40,2,350,0,1.56,0.32,68.19
27,40,0,350,0,2.07,0.4,42.1
39,40,4,350,0,2.72,0.95,78.4
22,40,1,350,2,2.24,0.44,60.27
21,40,1,350,2,2.81,1.1,62.38
36,40,2,350,2,1.11,1.04,94.35
23,40,4,350,2,2.29,0.61,68.56
30,40,4,350,2,0.68,1.19,85.35
31,40,4,350,2,2.69,1.16,89.2
32,40,6,350,2,2.52,0.28,89.65
25,40,5,350,2,1.13,1.22,76.93
30,40,1,350,1,2.14,1.34,69.01
32,40,3,350,0,3.31,1.3,64.19
37,40,0,350,0,1.02,1.28,67.53
34,40,3,350,2,2.35,1.21,93.88
30,40,5,350,0,2.1,0.74,59.05
27,40,0,350,2,0.68,0.84,70.09
37,40,6,350,1,2.97,1.13,92.19
26,40,0,350,0,1.01,1.31,44.1
44,40,6,350,1,0.86,1.38,106.65
25,40,1,350,1,2.57,0.29,52.76
28,40,6,350,2,1.87,0.73,83.0
37,40,3,350,0,2.03,1.43,74.46
43,40,0,350,1,1.78,0.71,91.29
27,40,0,350,0,0.88,0.96,44.15
31,40,3,350,2,2.14,0.78,84.83
25,40,4,350,2,3.17,0.81,74.8
30,40,2,350,0,2.36,0.94,55.27
20,40,2,350,1,2.58,0.62,45.62
28,40,6,350,0,1.24,0.97,56.97
22,40,3,350,1,1.06,1.42,54.73
37,40,6,350,1,0.91,0.87,88.8
42,40,4,350,2,2.89,1.29,113.71
29,40,1,350,2,0.93,0.75,75.81
36,40,4,350,0,0.57,1.1,70.81
29,40,0,350,1,3.13,0.84,63.25
26,40,2,350,1,1.8,0.37,56.36
22,40,6,350,2,2.41,0.46,69.11
40,40,3,350,2,0.86,0.42,100.91
43,40,4,350,1,2.41,0.27,96.26
45,40,5,350,0,0.85,0.89,90.91
43,40,0,350,0,1.81,0.68,77.75
30,40,3,350,0,0.97,1.4,58.29
32,40,5,350,0,0.88,0.26,59.5
45,40,1,350,0,3.12,1.44,89.26
37,40,0,350,0,1.15,0.79,64.89
25,40,6,350,2,2.85,0.36,75.39
27,40,6,350,1,1.57,0.97,68.53
40,40,1,350,1,0.99,0.84,86.57
26,40,1,350,0,0.53,1.11,44.24
43,40,3,350,2,2.24,0.63,109.81
24,40,2,350,2,1.33,0.71,66.95
34,40,6,350,0,2.22,0.57,68.5
36,40,1,350,0,3.27,0.3,63.67
43,40,3,350,1,2.8,0.4,95.64
42,40,4,350,1,2.12,1.46,100.55
23,40,6,350,2,1.57,0.43,70.31
38,40,1,350,0,1.02,0.34,66.09
35,40,2,350,1,2.32,0.51,76.94
45,40,2,350,2,2.67,0.92,114.43
27,40,6,350,2,0.89,1.1,82.03
39,40,3,350,1,2.8,0.94,90.1
36,40,5,350,1,2.34,0.76,85.65
37,40,2,350,1,1.35,0.71,81.45
40,40,2,350,0,0.94,0.82,74.73
27,40,2,350,2,2.17,1.17,76.76
23,40,3,350,0,0.89,1.04,41.17
44,40,0,350,1,0.92,0.83,93.32
39,40,5,350,1,1.41,1.13,93.31
30,40,0,350,2,2.23,0.73,77.34
23,40,3,350,0,1.35,1.47,44.02
44,40,5,350,1,3.41,0.57,102.74
27,40,5,350,1,2.69,0.54,65.43
38,40,4,350,2,2.56,0.55,100.65
23,40,3,350,2,1.37,0.33,64.41
28,40,4,350,2,2.27,1.42,83.84
37,40,5,350,2,0.82,1.2,102.27
23,40,6,350,1,0.7,0.34,55.59
38,40,2,350,0,0.87,1.12,72.06
34,40,4,350,1,0.6,1.01,79.44
33,40,1,350,1,2.89,0.67,72.37
44,40,3,350,2,3.2,0.97,114.77
22,40,6,350,2,1.0,0.35,67.18
31,40,0,350,1,2.5,0.63,65.77
43,40,0,350,1,0.73,1.28,93.53
38,40,5,350,0,1.94,0.64,75.5
28,40,0,350,0,0.94,0.94,46.24
28,40,5,350,0,2.39,1.47,59.14
25,40,1,350,2,2.75,0.87,69.6
23,40,6,350,2,0.54,0.29,68.56
39,40,2,350,1,2.31,0.49,85.4
39,40,1,350,1,0.72,0.76,83.73
33,40,4,350,2,2.76,0.37,89.1
32,40,0,350,2,2.45,1.4,85.61
20,40,6,350,2,2.09,0.81,66.5
33,40,5,350,1,1.68,0.83,79.0
29,40,0,350,2,1.89,0.93,76.01
34,40,6,350,1,1.61,0.72,82.17
37,40,6,350,1,1.28,0.84,88.98
37,40,0,350,1,1.51,0.28,75.75
28,40,4,350,2,2.25,0.66,79.53
24,40,2,350,2,1.93,0.85,68.3
41,40,1,350,0,1.07,1.15,77.14
32,40,3,350,1,1.77,0.85,73.62
40,40,2,350,2,2.5,0.39,100.55
28,40,4,350,1,3.05,1.38,70.94
22,40,6,350,0,1.96,0.8,43.81
38,40,6,350,2,1.93,0.89,105.41
32,40,1,350,0,3.27,1.3,60.73
30,40,4,350,0,3.1,1.28,61.31
22,40,2,350,1,3.4,0.81,51.75
37,40,4,350,0,2.1,0.64,71.78
30,40,0,350,1,2.47,1.34,67.6
41,40,4,350,1,2.1,1.4,98.05
23,40,1,350,0,3.36,0.78,38.57
45,40,3,350,0,1.42,1.08,89.08
45,40,6,350,2,3.16,1.09,122.7
22,40,4,350,1,2.85,1.08,56.19
36,40,1,350,2,2.62,1.44,96.29
33,40,1,350,0,2.58,1.0,60.54
22,40,5,350,2,1.66,0.35,66.08
39,40,4,350,1,1.94,1.36,93.39
34,40,2,350,1,2.74,0.52,75.24
35,40,5,350,0,1.11,0.31,66.43
32,40,0,350,0,2.75,0.5,54.02
21,40,1,350,0,1.29,1.41,35.91
20,40,5,350,1,1.16,1.27,53.11
43,40,4,350,2,1.49,1.31,114.67
32,40,1,350,0,0.94,1.4,59.12
28,40,1,350,1,1.23,0.86,61.17
43,40,0,350,2,3.3,1.25,109.15
27,40,4,350,2,3.04,1.11,80.66
40,40,4,350,0,1.34,0.5,76.72
24,40,2,350,2,0.56,1.0,67.87
41,40,6,350,2,3.0,1.41,115.77
21,40,3,350,1,1.2,1.32,52.15
34,40,2,350,0,1.75,0.34,59.9
41,40,5,350,2,2.61,0.85,110.54
33,40,5,350,0,2.95,0.7,66.05
29,40,3,350,0,3.06,1.39,58.03
32,40,5,350,2,3.09,0.59,90.21
28,40,2,350,0,0.93,0.5,47.17
23,40,3,350,2,2.12,0.7,67.2
22,40,5,350,2,2.78,0.66,68.87
45,40,2,350,0,1.16,0.83,85.71
37,40,6,350,1,1.79,0.77,89.06
32,40,1,350,0,1.28,0.96,56.96
42,40,5,350,1,1.49,0.79,97.9
38,40,1,350,1,3.19,1.28,86.81
26,40,6,350,2,2.23,0.82,79.55
20,40,0,350,1,2.34,0.69,42.37
38,40,2,350,1,0.87,0.4,81.4
29,40,5,350,0,1.99,0.62,56.12
24,40,5,350,1,2.74,0.5,58.82
39,40,0,350,1,0.63,0.37,79.73
20,40,3,350,1,2.9,0.76,48.43
24,40,6,350,2,3.23,1.02,77.32
44,40,0,350,2,0.66,1.43,109.86
21,40,2,350,0,1.29,0.61,33.11
41,40,1,350,0,2.99,0.94,77.74
45,40,3,350,2,1.76,0.4,112.36
38,40,1,350,2,1.92,0.38,93.95
29,40,0,350,2,3.47,0.8,76.74
29,40,0,350,2,2.95,1.01,77.44
39,40,0,350,2,2.13,0.32,94.24
21,40,5,350,1,1.58,0.79,52.94
37,40,1,350,0,1.45,0.41,64.74
33,40,4,350,0,0.81,0.95,63.75
42,40,6,350,0,3.22,0.66,87.09
44,40,6,350,1,0.68,1.08,104.79
28,40,0,350,0,1.43,1.09,47.54
30,40,3,350,1,2.29,0.4,67.28
36,40,0,350,1,2.2,1.03,78.48
28,40,1,350,1,1.47,0.27,58.06
35,40,1,350,0,2.38,0.77,63.35
32,40,3,350,2,1.44,0.27,83.44
29,40,6,350,1,2.27,0.87,72.91
36,40,4,350,2,0.74,1.46,99.8
27,40,0,350,2,1.89,1.35,74.09
45,40,5,350,1,1.83,0.51,103.07
42,40,3,350,0,1.74,1.11,83.11
23,40,1,350,2,1.25,0.55,62.11
26,40,3,350,2,1.26,1.0,74.52
33,40,4,350,2,1.26,0.26,87.08
42,40,5,350,1,3.05,0.3,96.59
36,40,3,350,1,1.7,0.78,81.74
37,40,5,350,1,2.03,1.39,91.06
39,40,6,350,0,0.51,0.28,75.99
34,40,0,350,0,0.68,1.42,61.57
44,40,1,350,1,1.07,0.47,93.14
23,40,6,350,1,1.48,0.53,57.39
22,40,3,350,2,2.93,0.97,67.33
39,40,2,350,1,1.06,0.33,83.33
43,40,2,350,1,1.05,1.18,96.7
30,40,3,350,2,1.98,1.28,85.35
36,40,2,350,2,2.14,1.34,97.0
21,40,6,350,1,1.94,0.35,52.51
44,40,6,350,0,1.61,1.13,92.54
33,40,2,350,0,1.04,1.47,63.47
29,40,3,350,1,3.17,0.85,68.49
30,40,3,350,2,2.89,0.38,81.12
41,40,6,350,2,3.01,0.54,110.88
20,40,0,350,1,2.81,0.98,44.44
24,40,5,350,1,3.33,1.18,63.2
41,40,3,350,2,2.9,0.49,105.35
32,40,5,350,0,0.68,0.86,62.69
29,40,5,350,0,3.42,0.46,56.55
21,40,1,350,1,0.87,0.95,46.33
40,40,2,350,0,1.49,1.38,78.4
23,40,1,350,0,1.45,1.36,40.07
43,40,6,350,1,1.01,0.89,101.88
23,40,0,350,1,0.68,0.35,45.34
38,40,6,350,1,3.39,0.36,90.38
37,40,0,350,0,2.51,0.62,65.2
35,40,0,350,2,2.4,0.51,86.98
20,40,5,350,1,1.08,1.18,52.53
20,40,3,350,2,0.98,0.47,58.41
33,40,5,350,1,1.84,1.16,81.01
42,40,5,350,1,3.28,0.47,97.76
43,40,1,350,0,1.31,0.4,77.42
27,40,3,350,0,2.8,1.1,51.87
23,40,4,350,2,3.17,0.47,68.59
32,40,2,350,1,2.92,0.88,73.15
37,40,3,350,1,2.77,0.49,83.25
40,40,2,350,0,0.58,0.25,71.18
26,40,5,350,0,1.42,0.3,47.35
22,40,4,350,2,3.48,1.27,71.25
42,40,2,350,2,1.11,0.64,104.96
31,40,3,350,1,0.98,0.58,69.22
27,40,2,350,0,2.93,1.15,50.55
28,40,6,350,2,1.2,0.31,80.01
35,40,4,350,1,2.2,1.34,84.94
36,40,4,350,1,1.07,1.04,84.34
38,40,4,350,0,1.26,1.18,76.19
34,40,5,350,0,1.78,0.31,64.91
22,40,1,350,2,0.78,0.45,58.97
42,40,5,350,2,2.36,0.86,112.51
26,40,2,350,0,2.6,0.35,43.59
39,40,1,350,0,1.46,0.84,71.46
43,40,1,350,1,3.2,1.14,96.75
22,40,3,350,2,1.39,0.88,65.39
41,40,2,350,0,2.92,0.59,77.42
39,40,0,350,2,0.93,1.36,98.99
20,40,1,350,0,0.87,0.4,27.68
31,40,2,350,1,3.23,1.3,73.66
24,40,4,350,0,2.16,0.98,45.87
25,40,1,350,1,0.79,0.4,51.73
27,40,1,350,1,1.47,0.6,57.78
25,40,1,350,1,2.98,0.94,56.81
20,40,1,350,2,1.74,1.3,60.36
31,40,3,350,2,1.54,0.6,83.25
31,40,6,350,1,0.66,1.42,78.8
22,40,2,350,1,3.49,0.47,49.92
20,40,6,350,1,0.59,1.16,53.68
34,40,6,350,0,1.11,0.79,68.7
40,40,0,350,0,2.15,1.1,74.0
29,40,2,350,2,2.79,1.45,83.21
23,40,4,350,1,1.8,0.54,54.31
31,40,4,350,0,1.73,1.45,63.14
34,40,1,350,0,2.01,0.82,61.14
41,40,0,350,2,3.27,0.27,99.31
21,40,2,350,0,1.44,0.46,32.41
34,40,6,350,0,0.92,1.29,71.35
20,40,0,350,1,1.9,0.43,40.49
34,40,5,350,1,3.23,1.44,86.03
36,40,5,350,1,0.88,0.76,84.3
21,40,6,350,1,1.1,0.35,51.73
42,40,1,350,0,3.19,0.43,77.2
36,40,5,350,1,2.5,1.3,88.85
44,40,0,350,1,1.98,1.01,95.32
40,40,6,350,0,3.26,0.63,82.67
21,40,4,350,0,3.07,0.45,37.3
20,40,0,350,1,1.34,0.76,41.83
25,40,5,350,0,2.77,0.72,48.83
42,40,1,350,2,2.98,1.25,108.43
20,40,6,350,2,1.36,0.39,63.45
22,40,4,350,0,2.26,1.18,42.8
35,40,0,350,0,3.32,0.54,61.21
35,40,5,350,2,2.63,0.64,96.5
45,40,2,350,1,2.06,0.29,96.9
27,40,6,350,1,1.95,0.93,68.66
32,40,3,350,0,2.27,0.54,58.94
43,40,3,350,1,1.2,0.92,97.08
22,40,4,350,2,3.01,0.62,67.14
41,40,1,350,1,2.03,1.06,90.93
35,40,0,350,1,0.67,0.27,70.62
25,40,6,350,1,0.94,1.39,66.02
39,40,2,350,0,2.98,1.12,76.17
33,40,3,350,2,3.38,0.98,91.4
23,40,1,350,0,0.71,0.67,35.49
44,40,1,350,2,3.45,1.27,113.27
27,40,3,350,1,2.37,1.35,66.28
42,40,4,350,2,3.49,1.2,113.76
27,40,4,350,1,1.81,1.2,66.62
28,40,4,350,1,2.72,0.54,65.89
29,40,2,350,2,1.32,0.4,75.92
42,40,2,350,1,0.8,0.54,90.71
42,40,3,350,0,1.33,0.29,78.11
38,40,3,350,1,1.21,0.94,86.48
24,40,4,350,0,2.14,0.28,41.91
24,40,1,350,0,2.61,0.3,37.31
27,40,4,350,1,2.13,0.36,62.18
34,40,3,350,2,1.44,1.43,94.28
30,40,3,350,0,2.57,1.46,60.12
22,40,3,350,0,2.77,1.09,41.06
42,40,2,350,0,1.6,0.28,76.59
36,40,1,350,1,1.11,0.67,77.15
44,40,1,350,0,2.61,1.07,84.56
33,40,2,350,2,1.45,1.35,89.98
45,40,1,350,0,1.56,0.72,83.75
40,40,6,350,0,2.86,0.87,83.65
43,40,6,350,2,1.25,0.57,113.7
28,40,1,350,1,2.26,0.33,59.14
38,40,0,350,1,0.97,1.31,83.2
40,40,3,350,2,3.25,0.37,102.85
23,40,4,350,2,3.36,0.78,70.52
32,40,4,350,2,1.54,1.36,91.4
36,40,1,350,1,1.82,1.12,80.34
20,40,2,350,2,2.63,0.97,61.05
31,40,1,350,0,1.44,0.39,51.75
41,40,5,350,1,2.24,0.81,96.57
39,40,3,350,2,0.66,0.41,98.52
38,40,2,350,2,2.29,0.59,97.2
39,40,1,350,1,1.63,0.47,82.94
38,40,1,350,0,1.24,0.75,68.61
39,40,2,350,2,2.93,0.26,98.07
41,40,3,350,1,2.48,0.9,93.87
39,40,6,350,0,2.21,0.78,80.4
44,40,1,350,0,1.63,1.09,83.76
44,40,2,350,2,1.67,0.8,110.67
24,40,3,350,2,3.0,1.4,74.11
33,40,5,350,2,2.09,1.31,95.49
39,40,4,350,0,2.28,1.34,80.19
34,40,4,350,1,3.35,0.96,81.72
38,40,2,350,1,1.43,1.22,86.55
35,40,6,350,2,3.08,0.97,100.5
27,40,1,350,2,1.19,0.79,71.99
32,40,5,350,2,1.42,0.45,87.87
24,40,2,350,1,2.83,0.6,54.32
43,40,3,350,1,1.47,0.31,93.89
39,40,3,350,2,1.74,1.47,105.51
32,40,0,350,0,2.11,1.13,56.98
39,40,2,350,1,0.56,0.52,83.94
34,40,6,350,1,1.54,0.89,83.07
35,40,4,350,2,2.62,0.86,96.02
41,40,3,350,1,2.57,0.44,91.36
30,40,6,350,1,2.89,0.56,73.88
32,40,2,350,1,3.34,0.3,70.27
39,40,6,350,2,2.31,1.41,110.84
38,40,0,350,2,2.68,1.24,97.8
30,40,3,350,0,0.67,1.0,55.76
21,40,1,350,1,2.18,1.27,49.35
42,40,6,350,0,1.93,0.36,84.2
20,40,0,350,2,2.26,0.9,56.88
30,40,0,350,0,1.15,0.3,47.11
22,40,3,350,2,2.68,0.79,66.08
24,40,1,350,2,1.48,0.29,63.01
27,40,3,350,0,1.04,0.56,47.18
40,40,5,350,0,2.09,1.0,81.96
26,40,4,350,0,2.2,1.33,52.17
23,40,4,350,2,1.67,0.27,66.07
26,40,6,350,0,3.14,1.22,55.86
44,40,0,350,0,3.48,0.33,79.48
32,40,4,350,2,0.77,0.66,86.74
34,40,5,350,0,2.02,0.97,68.85
38,40,5,350,2,3.15,0.35,101.78
24,40,1,350,1,1.63,0.44,50.59
22,40,5,350,0,1.7,1.25,44.39
33,40,1,350,0,1.98,1.19,61.05
40,40,5,350,2,3.01,1.19,110.68
24,40,3,350,2,2.07,1.11,71.61
42,40,2,350,2,1.6,0.38,103.95
33,40,2,350,1,0.61,1.3,75.51
36,40,4,350,0,2.26,0.52,69.11
22,40,1,350,0,2.62,0.55,34.44
37,40,2,350,0,2.69,0.3,66.99
36,40,1,350,0,0.52,0.27,60.94
22,40,4,350,2,0.98,0.26,63.22
35,40,0,350,0,1.32,0.78,60.7
28,40,6,350,0,0.61,1.41,58.87
27,40,6,350,0,1.27,0.34,51.3
26,40,5,350,2,0.94,1.12,78.33
35,40,5,350,1,3.25,1.25,87.12
33,40,3,350,2,1.66,1.02,90.02
40,40,1,350,1,2.61,0.25,84.75
36,40,1,350,0,2.74,1.47,69.77
39,40,5,350,0,2.27,1.34,81.9
42,40,2,350,0,1.62,0.52,77.96
28,40,0,350,2,0.66,1.27,74.64
38,40,5,350,2,2.26,0.25,100.39
45,40,0,350,1,2.13,0.32,93.71
34,40,5,350,2,1.04,0.62,92.77
33,40,3,350,0,2.55,1.07,64.33
42,40,4,350,0,2.37,0.89,84.17
35,40,2,350,1,2.3,0.49,76.81
22,40,1,350,2,0.87,1.03,62.32
31,40,6,350,2,1.6,0.32,86.87
29,40,4,350,1,2.45,1.4,72.64
44,40,0,350,2,1.81,0.62,106.36
30,40,5,350,2,0.85,1.17,87.11
35,40,3,350,2,2.91,0.35,91.7
44,40,3,350,0,1.31,1.32,88.19
21,40,4,350,2,3.0,1.18,68.15
41,40,4,350,0,2.61,1.49,85.63
25,40,3,350,0,1.67,0.37,42.41
39,40,5,350,2,2.11,1.17,107.59
28,40,3,350,2,1.73,0.94,78.91
41,40,0,350,2,2.54,1.04,102.97
26,40,1,350,2,1.92,0.7,70.02
23,40,6,350,0,0.77,0.86,45.19
27,40,5,350,1,2.46,0.59,65.5
40,40,5,350,1,1.08,1.48,97.12
29,40,2,350,2,0.9,1.28,80.49
21,40,3,350,1,2.67,0.6,49.45
36,40,0,350,2,2.74,0.82,91.19
41,40,1,350,0,1.25,1.01,76.52
37,40,3,350,2,1.57,1.1,98.97
21,40,6,350,1,1.86,0.44,52.94
42,40,6,350,0,0.65,1.03,86.79
35,40,4,350,0,1.58,0.35,65.38
25,40,1,350,0,3.3,0.79,42.86
34,40,2,350,2,1.73,0.32,86.57
36,40,6,350,2,1.86,1.35,103.65
35,40,4,350,0,2.23,0.26,65.47
45,40,5,350,1,2.81,0.26,102.58
21,40,5,350,0,3.1,1.15,42.99
27,40,4,350,1,1.43,0.76,63.79
41,40,4,350,2,0.86,0.86,107.25
26,40,6,350,2,3.35,0.36,78.0
23,40,1,350,1,2.18,0.76,50.76
25,40,4,350,2,1.2,0.64,72.01
27,40,3,350,0,1.54,0.51,47.37
22,40,5,350,1,2.89,0.69,55.74
37,40,6,350,0,0.66,1.22,77.15
41,40,4,350,1,1.62,1.29,96.98
26,40,1,350,1,2.12,1.28,60.08
31,40,1,350,0,0.92,0.93,54.31
20,40,3,350,1,2.55,0.6,47.2
33,40,6,350,0,3.47,1.15,70.78
44,40,0,350,0,2.27,1.03,82.3
25,40,4,350,0,3.28,1.11,49.79
27,40,0,350,2,2.32,0.49,69.64
37,40,2,350,1,3.27,0.42,81.6
42,40,0,350,0,2.22,0.77,76.5
34,40,0,350,1,0.57,0.4,69.12
26,40,6,350,0,0.64,0.69,50.54
37,40,3,350,2,0.71,0.55,95.07
27,40,4,350,2,1.67,1.42,81.13
23,40,6,350,0,3.16,1.14,48.99
41,40,2,350,1,3.25,1.01,93.49
22,40,1,350,0,2.6,1.27,38.49
25,40,2,350,2,2.85,0.36,68.53
42,40,4,350,0,1.86,1.01,84.37
29,40,6,350,1,1.58,0.72,71.42
40,40,4,350,1,2.88,1.22,95.62
27,40,2,350,0,3.43,1.1,50.74
41,40,4,350,1,2.06,0.75,94.35
36,40,3,350,0,1.78,1.45,72.2
25,40,5,350,0,0.82,1.37,50.69
23,40,6,350,2,1.23,1.48,75.91
40,40,1,350,0,2.96,0.99,75.85
43,40,6,350,1,1.85,1.14,104.07
32,40,2,350,0,2.37,0.9,59.35
23,40,0,350,0,3.36,1.39,40.3
36,40,1,350,1,2.62,0.35,76.74
34,40,2,350,0,1.32,0.77,61.93
40,40,0,350,1,1.99,1.35,88.66
34,40,4,350,0,2.46,0.59,65.4
33,40,3,350,0,0.51,1.48,64.75
43,40,1,350,1,3.26,1.32,97.83
25,40,2,350,2,3.28,1.29,74.18
34,40,1,350,1,0.6,1.44,76.72
32,40,6,350,0,2.65,0.27,62.91
45,40,0,350,0,3.1,0.58,82.68
20,40,0,350,0,0.55,1.22,30.29
39,40,0,350,0,1.45,0.48,67.71
38,40,6,350,2,1.6,1.05,106.01
28,40,5,350,1,0.84,0.64,66.42
22,40,4,350,2,2.07,1.04,68.64
40,40,6,350,0,1.74,1.22,84.58
22,40,4,350,2,1.44,1.28,69.41
29,40,0,350,0,0.99,0.96,48.54
29,40,0,350,0,2.81,0.59,48.15
37,40,3,350,0,1.31,1.21,72.55
39,40,5,350,0,1.12,0.78,77.67
27,40,5,350,2,0.5,0.81,78.32
44,40,4,350,2,2.06,1.48,118.3
23,40,1,350,0,1.6,1.41,40.49
39,40,1,350,0,2.7,1.45,76.06
32,40,0,350,2,1.83,0.37,79.23
40,40,3,350,0,0.96,0.56,74.99
22,40,2,350,0,2.47,1.18,39.57
38,40,3,350,0,2.2,0.97,74.17
24,40,2,350,0,3.34,1.46,46.25
35,40,2,350,2,0.58,0.29,87.48
42,40,6,350,2,1.75,0.62,112.3
40,40,0,350,0,1.27,1.13,73.35
34,40,4,350,1,0.75,1.09,80.03
30,40,2,350,0,0.99,1.12,55.02
38,40,6,350,1,2.11,0.47,89.81
41,40,1,350,1,3.07,1.01,91.61
31,40,3,350,0,1.03,1.05,58.52
29,40,2,350,1,3.0,1.27,68.99
38,40,5,350,0,3.46,1.37,81.03
36,40,1,350,1,3.27,1.34,82.93
25,40,0,350,2,2.43,0.77,67.03
33,40,5,350,0,0.91,1.5,68.66
45,40,5,350,0,1.32,0.32,88.13
30,40,3,350,2,0.78,0.36,79.05
34,40,5,350,1,0.54,0.47,78.05
35,40,0,350,2,1.73,0.26,84.95
39,40,3,350,1,3.45,0.46,88.0
30,40,2,350,0,1.03,1.12,55.05
42,40,3,350,2,3.43,1.4,113.12
22,40,4,350,1,1.36,0.67,52.49
43,40,5,350,1,0.82,1.37,102.7
37,40,4,350,1,1.39,1.0,86.55
31,40,6,350,2,1.58,0.66,88.77
25,40,4,350,0,2.78,0.81,47.64
24,40,4,350,2,1.43,1.23,73.4
33,40,2,350,1,2.29,0.26,71.21
40,40,0,350,1,3.44,0.77,86.74
41,40,4,350,0,1.42,0.91,81.26
44,40,4,350,2,3.35,0.67,114.93
30,40,6,350,0,3.41,0.41,60.12
44,40,0,350,0,1.13,1.01,81.13
37,40,3,350,0,1.66,0.5,68.87
31,40,1,350,1,2.74,0.79,68.61
25,40,0,350,2,0.73,0.36,63.13
41,40,6,350,1,0.69,1.42,100.28
36,40,0,350,2,0.54,0.41,86.83
45,40,0,350,1,2.39,1.5,100.61
32,40,5,350,1,1.78,1.08,78.36
44,40,3,350,2,0.96,1.36,114.89
31,40,2,350,0,0.91,1.45,58.95
37,40,1,350,0,1.85,1.08,68.89
42,40,1,350,1,1.22,1.22,93.22
35,40,6,350,0,3.16,1.15,74.79
38,40,3,350,1,1.94,0.82,86.48
44,40,6,350,0,3.22,0.98,93.19
20,40,1,350,1,1.26,1.15,45.67
27,40,0,350,0,2.13,1.42,47.9
26,40,0,350,1,0.95,1.31,57.44
34,40,6,350,0,0.99,1.19,70.85
35,40,6,350,1,2.61,1.09,87.34
28,40,0,350,1,1.4,1.38,62.55
41,40,4,350,2,0.62,0.61,105.62
28,40,5,350,1,1.65,1.49,71.97
20,40,2,350,2,0.53,0.75,57.85
41,40,6,350,1,3.07,1.2,101.25
41,40,2,350,2,3.45,0.94,106.68
26,40,6,350,0,1.15,1.45,55.3
37,40,0,350,0,3.21,1.28,69.57
21,40,2,350,1,0.59,0.8,46.93
37,40,2,350,1,1.8,0.67,81.65
26,40,4,350,1,2.89,1.28,65.93
29,40,2,350,2,1.06,1.43,81.48
39,40,6,350,1,2.84,0.9,95.06
44,40,5,350,2,1.86,1.48,119.83
34,40,5,350,1,1.11,0.6,79.32
28,40,1,350,0,2.54,0.83,48.82
29,40,2,350,0,1.15,0.71,50.71
36,40,5,350,1,3.19,0.79,86.61
44,40,4,350,2,2.29,0.34,112.08
33,40,2,350,1,3.15,1.34,78.1
36,40,4,350,2,0.79,0.69,95.5
25,40,4,350,0,1.52,0.95,47.25
43,40,2,350,1,0.6,0.8,94.13
24,40,3,350,1,0.57,0.28,52.13
43,40,3,350,2,3.43,0.86,112.22
41,40,5,350,0,0.59,0.68,80.9
34,40,4,350,1,1.99,0.85,79.83
36,40,6,350,2,2.26,1.17,103.01
29,40,4,350,1,1.61,1.19,70.67
27,40,3,350,2,0.83,1.08,76.72
43,40,5,350,1,2.52,0.94,101.85
33,40,0,350,2,1.28,0.67,82.55
22,40,2,350,1,1.87,1.1,51.96
40,40,2,350,0,1.28,1.22,77.3
38,40,4,350,0,2.3,0.83,75.19
36,40,2,350,1,3.23,1.06,83.03
34,40,0,350,1,1.03,1.35,74.9
20,40,5,350,1,1.85,1.34,54.15
33,40,6,350,1,2.76,1.16,83.58
39,40,2,350,0,3.3,0.7,74.1
29,40,6,350,0,1.32,1.32,61.16
40,40,3,350,0,1.96,0.58,76.04
35,40,2,350,0,3.42,0.7,65.63
27,40,5,350,1,1.36,0.84,65.89
45,40,2,350,2,1.35,0.26,109.48
30,40,5,350,1,0.99,0.58,70.51
38,40,5,350,1,0.99,1.14,90.83
35,40,1,350,1,1.08,0.62,74.69
32,40,4,350,1,2.63,1.27,78.51
45,40,5,350,2,2.14,0.27,115.41
35,40,1,350,0,3.36,1.45,68.09
39,40,4,350,1,0.9,1.35,92.36
24,40,0,350,0,1.0,1.22,39.29
29,40,0,350,0,0.98,0.54,46.16
21,40,4,350,1,3.26,0.65,52.0
22,40,6,350,0,1.0,0.67,42.18
34,40,1,350,1,2.83,0.52,73.61
32,40,2,350,0,2.09,0.34,55.93
25,40,1,350,0,0.74,0.6,39.41
45,40,5,350,1,0.74,1.18,105.84
45,40,0,350,1,0.61,0.84,95.23
38,40,0,350,2,2.04,0.43,92.63
24,40,4,350,2,2.13,1.25,74.17
20,40,3,350,2,0.88,1.12,61.98
25,40,2,350,0,1.69,1.45,46.8
43,40,1,350,0,1.06,1.48,83.28
20,40,3,350,2,2.25,0.4,59.19
39,40,2,350,2,3.08,1.42,104.76
21,40,2,350,1,0.86,1.16,49.22
39,40,2,350,1,1.73,0.35,84.07
27,40,4,350,0,2.99,0.45,50.09
36,40,5,350,1,1.09,1.17,86.8
34,40,4,350,1,3.17,1.33,83.64
32,40,6,350,0,3.18,0.27,63.41
43,40,1,350,0,0.93,1.32,82.26
21,40,1,350,1,3.07,1.06,48.99
29,40,0,350,2,2.51,0.5,74.16
20,40,2,350,0,1.37,1.49,36.01
23,40,0,350,0,1.2,0.32,32.26
23,40,1,350,1,1.37,0.35,47.7
26,40,3,350,2,1.24,0.44,71.35
44,40,5,350,1,3.25,0.4,101.63
42,40,5,350,0,0.95,1.36,87.22
21,40,2,350,2,3.36,0.42,60.77
34,40,0,350,1,2.02,0.89,73.23
39,40,3,350,1,2.72,0.67,88.51
27,40,4,350,0,3.4,0.81,52.5
42,40,4,350,1,3.1,1.21,100.05
26,40,4,350,1,2.0,1.25,64.94
21,40,2,350,1,3.43,1.04,50.93
39,40,4,350,2,2.56,0.78,104.09
33,40,4,350,2,2.32,1.36,94.27
38,40,2,350,2,0.85,1.33,100.03
37,40,4,350,1,3.07,1.02,88.23
25,40,6,350,0,0.69,0.9,49.63
22,40,2,350,1,1.77,1.21,52.49
21,40,5,350,1,2.77,0.83,54.27
37,40,0,350,2,3.33,1.17,95.86
40,40,3,350,0,0.73,1.27,78.78
35,40,6,350,1,1.91,1.33,88.04
41,40,3,350,0,2.16,0.77,79.44
20,40,4,350,0,2.71,0.45,34.82
21,40,0,350,1,3.24,0.64,45.07
30,40,5,350,1,3.13,1.05,75.15
40,40,3,350,2,1.91,0.52,102.45
21,40,5,350,0,0.62,0.96,39.61
26,40,6,350,0,1.66,0.29,49.24
30,40,6,350,1,0.89,0.7,72.81
23,40,0,350,1,1.45,1.06,50.06
45,40,0,350,2,1.91,0.51,107.98
40,40,3,350,2,3.5,1.01,106.69
41,40,2,350,1,2.52,0.56,90.28
33,40,1,350,0,1.42,0.99,59.4
20,40,0,350,0,2.13,0.36,26.91
32,40,3,350,2,1.64,1.43,90.17
29,40,1,350,2,1.43,0.61,75.49
33,40,5,350,0,1.52,0.63,64.32
41,40,3,350,0,1.69,0.68,78.49
45,40,4,350,0,2.89,1.28,93.29
38,40,3,350,1,3.15,0.87,87.89
33,40,6,350,0,3.27,0.28,65.69
31,40,2,350,1,1.37,1.11,70.86
36,40,2,350,0,3.28,1.03,69.51
45,40,2,350,2,1.36,1.19,114.73
35,40,6,350,0,1.58,0.6,70.21
43,40,0,350,1,2.16,0.46,90.24
20,40,4,350,1,0.9,0.89,49.01
23,40,1,350,0,2.2,0.69,36.99
35,40,6,350,1,1.55,1.39,88.04
36,40,3,350,1,0.8,1.04,82.37
42,40,0,350,1,2.18,0.47,88.17
34,40,1,350,0,1.81,1.42,64.34
20,40,1,350,2,1.52,1.25,59.88
24,40,1,350,1,1.62,0.7,52.05
26,40,4,350,0,2.78,0.38,47.36
28,40,3,350,0,2.92,0.54,50.96
30,40,6,350,0,0.59,0.97,60.66
30,40,6,350,0,3.3,1.5,66.16
27,40,1,350,2,1.43,1.27,74.92
39,40,0,350,0,2.61,1.48,74.43
43,40,4,350,2,1.11,1.25,113.97
26,40,4,350,0,1.84,1.2,51.11
42,40,1,350,1,0.61,0.96,91.19
31,40,2,350,0,1.14,1.29,58.26
34,40,5,350,1,1.54,1.21,83.16
43,40,6,350,1,2.12,0.84,102.63
37,40,5,350,1,2.34,0.4,85.77
23,40,4,350,2,1.34,0.77,68.58
36,40,5,350,1,1.79,1.22,87.74
28,40,3,350,1,0.5,0.57,62.28
44,40,6,350,2,1.62,1.5,121.43
23,40,0,350,0,2.46,0.61,35.06
42,40,2,350,1,1.02,1.05,93.79
24,40,1,350,0,3.44,0.68,40.23
32,40,0,350,0,2.23,0.73,54.83
30,40,5,350,1,2.77,0.27,70.42
38,40,0,350,1,1.98,0.44,79.23
34,40,0,350,0,1.74,0.48,57.26
45,40,1,350,0,0.9,0.26,80.54
37,40,4,350,0,0.59,0.66,70.49
42,40,1,350,1,3.0,1.28,95.21
34,40,3,350,0,1.2,1.38,66.97
20,40,4,350,2,2.77,1.17,65.73
39,40,0,350,1,2.81,0.83,84.35
45,40,4,350,1,2.99,1.43,107.63
27,40,4,350,2,1.01,1.21,79.34
43,40,2,350,2,3.03,0.83,109.96
40,40,6,350,2,2.1,0.94,110.14
23,40,2,350,1,0.94,0.41,49.35
28,40,3,350,1,0.8,0.26,60.81
37,40,3,350,2,0.82,0.99,97.65
34,40,0,350,2,1.4,1.27,88.19
28,40,5,350,2,1.13,0.55,79.58
38,40,2,350,2,2.36,0.68,97.77
26,40,1,350,1,1.2,1.23,58.94
30,40,0,350,1,1.54,0.66,62.9
22,40,2,350,2,2.0,0.38,61.42
22,40,5,350,2,2.9,0.28,66.84
36,40,3,350,0,2.71,1.18,71.54
24,40,5,350,0,1.5,1.04,47.31
28,40,2,350,2,0.89,1.32,78.56
37,40,3,350,0,1.55,1.14,72.38
39,40,3,350,2,1.55,1.12,103.36
39,40,6,350,0,1.56,0.63,78.94
23,40,6,350,0,2.75,1.38,49.96
27,40,5,350,2,1.07,1.31,81.67
42,40,1,350,0,1.68,0.33,75.23
40,40,0,350,1,3.46,0.62,85.91
23,40,4,350,1,3.15,0.27,54.04
29,40,4,350,2,3.48,0.81,83.67
30,40,5,350,1,3.02,0.69,73.02
33,40,1,350,1,2.0,1.01,73.46
32,40,1,350,1,2.13,1.12,72.05
38,40,6,350,0,2.58,0.74,78.37
38,40,2,350,0,3.49,0.71,72.19
36,40,3,350,1,1.65,0.92,82.49
24,40,5,350,0,1.31,0.7,45.22
37,40,2,350,2,1.78,0.55,94.35
43,40,4,350,2,1.69,0.79,111.92
40,40,0,350,1,2.88,0.97,87.35
36,40,6,350,0,0.76,1.26,75.32
29,40,2,350,2,1.89,1.18,80.85
24,40,1,350,2,2.83,0.5,65.45
44,40,0,350,0,0.93,0.7,79.19
34,40,3,350,2,2.08,1.21,93.63
39,40,1,350,0,3.07,0.51,71.1
24,40,4,350,0,2.72,1.07,46.9
35,40,0,350,1,2.03,0.28,71.94
38,40,3,350,1,2.65,1.29,89.79
41,40,4,350,0,1.5,1.3,83.53
38,40,3,350,0,3.19,0.3,71.31
35,40,1,350,1,0.73,0.97,76.34
33,40,2,350,1,2.69,1.48,78.46
20,40,6,350,0,2.86,0.93,41.09
31,40,3,350,0,3.37,0.49,57.54
37,40,1,350,2,2.71,0.96,95.81
30,40,2,350,1,1.14,0.83,66.92
39,40,4,350,1,1.73,0.63,89.07
36,40,3,350,2,0.67,0.7,93.73
29,40,1,350,1,2.22,0.52,62.32
24,40,0,350,1,2.35,0.89,52.09
31,40,4,350,0,3.27,0.79,60.85
36,40,1,350,1,3.26,0.53,78.36
24,40,6,350,1,1.21,0.38,58.43
25,40,5,350,1,2.29,0.4,59.98
40,40,2,350,0,2.92,0.62,75.44
34,40,4,350,1,3.43,1.08,82.47
29,40,6,350,0,2.69,1.21,61.82
35,40,2,350,2,3.38,0.49,91.21
45,40,2,350,1,2.53,0.26,97.17
25,40,6,350,1,1.43,0.3,60.33
31,40,1,350,0,2.79,0.65,54.47
41,40,6,350,0,1.29,0.87,84.34
43,40,5,350,0,0.84,1.17,88.19
31,40,4,350,0,0.85,1.04,60.01
35,40,5,350,1,2.16,0.36,81.09
32,40,2,350,0,0.69,1.48,61.06
42,40,0,350,1,0.69,0.48,86.84
41,40,6,350,1,2.94,1.37,102.09
29,40,1,350,2,2.92,0.89,78.45
33,40,4,350,0,2.57,1.29,67.31
21,40,3,350,0,2.87,1.49,41.26
21,40,4,350,1,2.62,1.25,54.79
35,40,2,350,0,1.11,0.63,63.09
38,40,3,350,1,1.9,0.75,86.05
33,40,4,350,0,2.81,0.72,64.32
30,40,0,350,2,3.35,1.02,80.02
38,40,4,350,2,1.76,1.33,104.31
43,40,6,350,0,3.49,1.42,93.78
29,40,3,350,2,0.92,0.93,80.25
23,40,5,350,0,1.33,1.32,46.59
29,40,1,350,1,2.91,0.68,63.86
21,40,4,350,1,0.66,1.1,52.12
27,40,2,350,2,1.31,0.31,71.11
31,40,2,350,0,3.42,0.67,56.88
40,40,1,350,1,2.7,0.67,87.2
23,40,3,350,2,2.65,1.29,71.02
41,40,2,350,2,2.79,0.43,103.19
25,40,6,350,0,1.39,0.95,50.56
23,40,1,350,0,1.34,1.12,38.61
27,40,3,350,0,1.74,0.26,46.14
26,40,6,350,1,3.04,1.41,70.24
21,40,6,350,2,1.94,1.4,71.83
33,40,3,350,2,1.49,1.05,90.04
27,40,3,350,0,1.13,1.27,51.27
36,40,0,350,0,2.55,0.56,62.75
25,40,2,350,0,1.66,1.06,44.58
42,40,2,350,0,2.6,1.1,82.14
45,40,2,350,0,0.66,0.58,83.84
22,40,0,350,2,2.19,1.03,61.84
28,40,6,350,0,1.82,0.27,53.56
40,40,4,350,0,2.92,1.42,83.38
22,40,4,350,1,0.65,0.46,50.65
38,40,6,350,1,2.61,0.38,89.77
24,40,5,350,0,1.88,0.78,46.2
29,40,4,350,0,2.92,0.44,54.26
37,40,6,350,2,3.5,0.8,104.22
29,40,2,350,1,0.53,0.74,63.7
36,40,1,350,0,0.58,1.36,67.14
26,40,5,350,0,3.06,1.36,54.86
32,40,2,350,2,2.34,1.32,88.49
35,40,2,350,1,1.93,0.59,77.03
33,40,6,350,0,3.2,0.66,67.77
20,40,3,350,2,1.5,0.4,58.49
26,40,1,350,1,0.54,1.49,59.79
42,40,3,350,0,2.88,0.35,79.89
36,40,4,350,0,3.08,0.96,72.36
35,40,3,350,2,0.57,1.21,94.37
32,40,2,350,0,2.97,0.91,59.96
31,40,3,350,2,0.5,0.87,83.81
25,40,3,350,1,3.3,1.29,62.51
20,40,3,350,1,2.56,1.34,51.38
43,40,6,350,0,2.95,1.33,92.77
36,40,1,350,1,1.13,1.49,81.79
37,40,6,350,0,1.77,0.54,74.34
31,40,6,350,1,1.18,1.31,78.67
41,40,5,350,1,2.93,1.04,98.51
38,40,0,350,2,1.84,0.88,94.98
42,40,5,350,0,1.1,0.36,81.71
28,40,1,350,0,2.73,1.26,51.42
41,40,4,350,0,1.61,0.68,80.13
30,40,6,350,2,1.67,0.5,85.81
36,40,4,350,2,1.79,0.36,94.57
37,40,2,350,0,1.23,0.6,67.32
41,40,2,350,0,0.65,1.2,78.75
40,40,4,350,2,2.72,0.57,105.2
39,40,6,350,1,2.44,0.97,95.08
26,40,6,350,2,1.07,0.94,79.15
26,40,4,350,0,1.62,0.42,46.5
38,40,0,350,1,2.12,0.36,78.91
35,40,6,350,1,3.3,0.27,83.35
34,40,2,350,2,2.74,0.98,91.23
42,40,6,350,0,1.49,0.9,86.84
39,40,6,350,1,2.06,0.8,93.77
21,40,0,350,1,0.89,1.25,46.32
43,40,2,350,1,1.39,0.5,93.18
23,40,5,350,1,1.37,0.3,54.27
29,40,6,350,0,1.19,1.22,60.48
41,40,5,350,0,3.42,0.71,83.7
21,40,5,350,2,3.17,1.43,71.43
36,40,2,350,2,2.3,0.59,92.92
25,40,1,350,0,3.08,0.53,41.19
26,40,4,350,2,3.38,0.86,77.42
35,40,6,350,2,2.12,0.52,97.07
22,40,5,350,2,1.86,1.38,72.07
21,40,1,350,0,1.76,1.08,34.49
44,40,6,350,0,2.24,0.3,88.44
34,40,3,350,1,2.71,0.84,78.73
29,40,6,350,1,2.77,0.42,70.84
21,40,1,350,0,1.06,1.02,33.5
45,40,2,350,2,3.05,0.74,113.76
22,40,5,350,1,2.76,1.49,60.13
44,40,0,350,0,1.09,0.91,80.53
35,40,1,350,2,3.35,0.65,90.37
20,40,6,350,1,3.4,1.37,57.47
43,40,5,350,2,1.62,1.31,116.5
40,40,6,350,0,3.04,0.95,84.27
34,40,4,350,2,1.61,0.69,91.98
38,40,5,350,2,3.36,0.78,104.41
40,40,3,350,2,1.69,0.32,101.12
22,40,0,350,1,3.2,1.49,51.97
22,40,1,350,0,1.84,1.35,38.23
28,40,3,350,0,1.27,0.42,48.75
36,40,1,350,2,0.99,1.38,94.44
39,40,0,350,1,2.33,1.47,87.51
45,40,6,350,2,2.94,0.43,118.77
33,40,5,350,0,0.54,1.39,67.7
45,40,5,350,2,1.32,1.34,120.68
42,40,2,350,2,3.1,0.85,108.0
23,40,0,350,0,1.02,0.87,35.19
40,40,3,350,1,2.3,1.26,93.59
24,40,0,350,0,3.49,0.87,39.63
21,40,0,350,2,2.19,1.05,59.8
25,40,5,350,0,1.01,1.29,50.41
39,40,5,350,0,3.31,0.31,77.05
28,40,3,350,1,1.48,1.35,67.59
37,40,4,350,2,3.4,0.37,98.27
21,40,5,350,0,1.15,0.29,36.32
32,40,0,350,1,0.78,0.29,64.4
26,40,4,350,1,1.25,0.87,62.1
22,40,3,350,2,1.67,0.89,65.71
37,40,0,350,1,1.4,0.77,78.41
40,40,5,350,0,2.38,0.59,79.91
33,40,3,350,0,2.64,0.92,63.57
40,40,5,350,1,3.16,1.23,97.65
41,40,3,350,0,2.77,1.33,83.17
38,40,4,350,2,2.32,1.42,105.33
23,40,3,350,2,0.63,1.38,69.65
43,40,1,350,1,3.19,1.45,98.49
29,40,3,350,1,3.4,1.02,69.66
32,40,5,350,0,0.8,1.34,65.51
35,40,6,350,1,1.3,0.55,83.07
24,40,4,350,0,2.67,0.67,44.6
34,40,6,350,1,0.75,0.38,79.46
38,40,0,350,0,0.87,1.3,69.65
31,40,3,350,0,2.04,0.51,56.41
39,40,0,350,2,2.7,0.63,96.52
33,40,5,350,0,1.43,1.04,66.55
28,40,4,350,1,1.26,1.21,68.31
25,40,4,350,0,1.21,1.44,49.73
32,40,0,350,1,3.19,1.05,70.93
20,40,4,350,2,3.26,0.79,64.04
38,40,4,350,1,2.66,0.95,89.6
40,40,2,350,0,1.46,1.31,77.97
22,40,1,350,1,1.5,0.98,49.23
34,40,4,350,1,2.77,1.04,81.63
44,40,2,350,0,1.13,0.64,82.47
22,40,1,350,2,0.8,0.8,60.96
44,40,0,350,2,0.91,1.11,108.29
36,40,3,350,2,1.97,1.4,98.89
25,40,1,350,0,2.27,1.23,44.39
33,40,6,350,0,0.86,0.46,64.46
27,40,4,350,2,1.74,0.62,76.69
32,40,2,350,2,0.56,0.92,84.58
35,40,5,350,1,0.61,0.5,80.43
26,40,1,350,1,2.41,0.41,55.44
29,40,4,350,0,2.16,1.41,59.02
32,40,2,350,0,1.61,0.39,55.77
24,40,1,350,1,1.85,1.22,55.2
35,40,1,350,0,1.02,1.18,64.39
25,40,5,350,2,2.37,0.56,74.36
39,40,5,350,1,2.99,0.53,91.4
27,40,5,350,0,1.78,1.19,54.85
43,40,6,350,2,3.06,1.05,118.09
43,40,0,350,0,2.72,1.07,80.8
21,40,4,350,1,3.46,1.4,56.42
37,40,1,350,0,1.07,1.31,69.46
37,40,5,350,0,1.49,1.46,77.56
29,40,2,350,1,1.03,0.25,61.4
39,40,0,350,2,2.36,1.26,99.76
29,40,0,350,0,2.79,1.04,50.67
42,40,1,350,1,1.51,0.75,90.84
34,40,1,350,2,0.56,0.91,87.1
32,40,6,350,0,2.13,0.64,64.52
34,40,5,350,1,2.04,1.45,84.98
40,40,4,350,0,1.63,0.31,75.92
36,40,2,350,0,1.17,1.08,67.83
41,40,1,350,2,3.4,0.54,102.67
30,40,6,350,1,2.2,0.42,72.45
32,40,6,350,0,0.95,1.35,67.42
20,40,1,350,1,3.14,0.53,43.92
34,40,2,350,0,2.74,0.95,64.26
41,40,5,350,0,1.98,0.37,80.44
45,40,3,350,0,3.06,0.73,88.63
44,40,2,350,0,1.3,0.35,80.99
37,40,6,350,1,0.5,0.35,85.49
41,40,0,350,1,1.0,1.15,88.76
22,40,5,350,2,3.37,0.82,70.32
27,40,4,350,0,1.44,0.65,49.78
27,40,3,350,0,2.15,1.41,53.01
35,40,2,350,2,0.65,0.56,89.07
25,40,3,350,0,2.05,0.94,45.98
31,40,2,350,1,1.91,0.8,69.61
22,40,3,350,2,3.34,0.94,67.54
27,40,5,350,2,0.95,0.77,78.51
20,40,4,350,1,3.01,0.33,47.82
24,40,2,350,1,1.84,1.26,57.13
44,40,2,350,2,1.09,1.34,113.18
36,40,4,350,1,2.3,1.29,86.89
41,40,4,350,0,0.66,0.94,80.72
31,40,2,350,0,3.24,0.28,54.52
34,40,6,350,0,3.22,0.4,68.47
36,40,5,350,2,2.98,0.55,98.46
26,40,4,350,1,3.4,1.42,67.2
44,40,5,350,1,2.87,1.25,106.07
26,40,4,350,1,1.18,0.85,61.92
39,40,1,350,0,1.34,1.17,73.21
27,40,5,350,0,3.14,0.25,50.82
45,40,2,350,2,0.84,1.28,114.75
24,40,2,350,1,0.67,1.29,56.21
37,40,1,350,2,1.02,0.51,91.7
41,40,3,350,2,1.14,1.43,109.01
33,40,0,350,2,1.59,1.24,86.06
22,40,4,350,0,0.69,1.4,42.58
27,40,3,350,2,1.16,1.34,78.49
25,40,4,350,2,1.54,0.92,73.9
42,40,5,350,0,2.86,1.46,89.56
30,40,3,350,2,0.78,0.51,79.89
26,40,1,350,1,0.89,1.41,59.66
39,40,3,350,0,1.64,0.54,73.37
43,40,5,350,2,1.18,1.03,114.51
22,40,5,350,0,1.7,1.14,43.77
21,40,3,350,2,1.99,1.4,66.73
35,40,2,350,1,1.66,0.89,78.47
30,40,2,350,1,1.39,0.93,67.72
28,40,2,350,0,2.26,1.01,51.29
26,40,0,350,1,1.3,0.84,55.12
22,40,1,350,1,3.22,0.91,50.43
32,40,2,350,0,2.31,1.38,62.0
29,40,0,350,1,2.61,0.58,61.3
30,40,1,350,0,3.1,0.83,53.63
21,40,2,350,2,3.38,0.41,60.73
38,40,4,350,1,0.67,0.83,87.07
22,40,5,350,2,2.14,1.18,71.21
42,40,2,350,1,1.41,0.82,92.85
31,40,6,350,0,1.85,0.79,62.96
25,40,2,350,2,2.36,1.38,73.83
44,40,2,350,1,3.33,1.02,100.06
28,40,4,350,2,3.07,1.47,84.86
45,40,2,350,0,2.48,1.46,90.49
31,40,0,350,2,2.02,0.53,78.16
38,40,5,350,2,3.27,0.7,103.87
42,40,5,350,1,1.01,1.45,101.18
44,40,6,350,0,1.04,1.35,93.25
35,40,5,350,2,1.83,1.48,100.5
27,40,6,350,2,1.04,0.83,80.65
43,40,4,350,0,1.83,1.18,87.45
43,40,0,350,0,1.56,0.79,78.14
21,40,0,350,0,3.3,0.43,30.54
30,40,4,350,1,3.48,1.31,75.23
36,40,6,350,0,2.24,0.84,74.33
30,40,2,350,0,2.81,0.45,52.93
29,40,5,350,2,1.29,1.23,85.71
20,40,6,350,2,0.52,1.24,67.46
36,40,5,350,2,0.92,0.77,97.79
32,40,1,350,0,1.97,1.24,59.18
33,40,6,350,2,1.94,0.9,94.75
36,40,5,350,1,1.34,0.43,82.86
43,40,4,350,1,1.61,1.19,100.7
33,40,2,350,1,1.3,1.35,76.44
35,40,2,350,1,3.43,1.07,81.13
40,40,4,350,0,1.17,1.15,80.23
23,40,6,350,2,3.22,1.39,77.25
26,40,6,350,2,2.37,1.17,81.66
23,40,3,350,2,0.73,0.89,66.98
24,40,6,350,0,2.83,0.9,49.47
33,40,5,350,0,1.18,0.94,65.76
22,40,5,350,2,2.71,1.28,72.3
36,40,3,350,0,3.14,1.47,73.57
41,40,3,350,0,2.64,0.75,79.77
37,40,6,350,1,2.84,0.35,87.67
25,40,0,350,0,0.84,1.23,41.34
29,40,5,350,1,1.13,0.79,69.68
22,40,4,350,1,2.55,1.37,57.55
22,40,2,350,2,0.89,1.02,64.0
40,40,2,350,2,2.7,0.53,101.53
45,40,2,350,2,3.12,0.53,112.64
22,40,4,350,0,1.93,1.06,41.82
34,40,2,350,0,0.73,0.25,58.45
34,40,5,350,1,0.8,1.44,83.77
36,40,5,350,1,3.22,0.56,85.34
21,40,5,350,0,3.19,0.39,38.78
32,40,0,350,0,1.02,1.28,56.81
23,40,3,350,2,2.41,0.9,68.6
21,40,6,350,0,2.4,0.49,40.33
40,40,1,350,1,0.94,0.54,84.83
33,40,4,350,2,2.61,0.32,88.67
30,40,4,350,1,0.63,1.24,72.19
38,40,6,350,2,3.37,0.65,105.4
29,40,4,350,0,1.91,0.9,55.91
20,40,4,350,0,3.3,1.49,41.23
26,40,0,350,0,2.61,1.18,44.85
34,40,6,350,1,2.35,0.93,84.05
37,40,0,350,2,0.72,1.49,95.24
45,40,1,350,2,3.13,0.52,110.88
42,40,1,350,0,3.06,0.41,76.96
34,40,2,350,1,1.55,0.97,76.67
41,40,3,350,1,2.44,0.76,93.04
21,40,2,350,2,1.05,1.38,64.03
22,40,0,350,1,3.39,1.33,51.24
39,40,6,350,0,1.07,1.43,83.0
27,40,6,350,1,1.7,0.57,66.4
35,40,0,350,2,2.71,0.71,88.4
25,40,2,350,0,1.77,0.95,44.06
35,40,2,350,2,2.13,1.05,93.21
31,40,5,350,2,3.42,0.99,90.63
40,40,3,350,1,2.07,0.52,89.2
28,40,3,350,2,2.66,1.1,80.68
34,40,0,350,2,2.55,0.65,85.77
25,40,3,350,2,1.72,1.43,75.23
31,40,1,350,1,0.93,1.01,68.17
45,40,0,350,0,3.01,1.48,87.67
31,40,4,350,2,1.62,1.24,88.65
23,40,0,350,2,0.97,0.42,59.41
35,40,1,350,0,2.99,1.0,65.21
39,40,4,350,0,1.1,0.91,76.67
45,40,0,350,1,3.33,1.0,98.66
22,40,3,350,1,3.06,1.47,56.87
41,40,0,350,0,2.76,0.88,75.47
31,40,2,350,2,0.58,0.94,82.56
38,40,5,350,1,2.47,1.12,92.1
20,40,4,350,0,2.38,1.01,37.67
30,40,2,350,0,1.33,1.2,55.78
41,40,6,350,2,0.64,0.88,110.59
43,40,2,350,0,0.98,1.42,84.58
21,40,0,350,0,0.62,1.08,31.71
44,40,6,350,2,0.58,0.54,115.05
21,40,1,350,2,1.91,0.29,56.97
30,40,0,350,1,1.62,1.46,67.49
41,40,0,350,0,2.72,1.37,78.2
28,40,3,350,1,2.8,0.89,66.23
39,40,4,350,0,2.26,0.89,77.63
32,40,4,350,0,2.02,0.66,61.1
20,40,2,350,2,3.12,0.29,57.67
45,40,5,350,1,1.29,0.39,101.9
35,40,2,350,1,0.85,1.29,79.97
32,40,1,350,1,2.0,1.05,71.54
39,40,4,350,2,3.19,0.9,105.35
34,40,4,350,0,2.21,1.49,70.25
27,40,2,350,0,2.68,1.48,52.18
33,40,3,350,2,1.77,0.84,89.11
42,40,1,350,2,0.67,0.88,104.19
26,40,6,350,1,0.69,1.18,66.75
38,40,1,350,0,2.73,0.69,69.65
33,40,0,350,1,1.43,1.31,72.9
25,40,6,350,2,3.03,0.83,78.21
31,40,2,350,0,1.92,1.43,59.77
37,40,4,350,1,2.46,0.94,87.21
40,40,6,350,1,2.04,0.54,94.43
40,40,5,350,1,3.39,1.42,98.93
35,40,4,350,1,0.6,1.31,83.28
25,40,3,350,2,1.92,1.39,75.19
26,40,5,350,1,0.96,1.38,66.42
25,40,1,350,2,1.01,0.86,67.93
21,40,3,350,1,2.85,1.49,54.64
23,40,5,350,1,2.24,0.45,55.93
23,40,5,350,2,1.61,0.52,69.14
30,40,1,350,0,2.0,1.34,55.48
40,40,0,350,1,3.49,1.2,89.21
20,40,6,350,0,2.9,0.78,40.28
32,40,2,350,2,0.62,1.11,85.71
44,40,1,350,1,1.14,1.22,97.44
28,40,3,350,0,1.55,1.23,53.58
42,40,0,350,0,2.96,0.6,76.23
41,40,5,350,1,2.25,0.86,96.86
36,40,4,350,1,1.49,1.39,86.7
29,40,1,350,0,3.37,0.97,52.52
31,40,4,350,0,3.34,0.87,61.37
30,40,4,350,0,1.8,0.46,55.48
44,40,6,350,0,0.55,1.12,91.49
21,40,3,350,0,1.91,0.71,35.97
29,40,3,350,2,2.04,0.42,78.41
23,40,6,350,1,2.73,1.4,63.46
27,40,1,350,2,0.8,0.69,71.06
42,40,6,350,0,1.76,0.32,83.82
42,40,3,350,2,2.71,0.83,109.23
31,40,0,350,0,0.66,0.33,48.97
27,40,1,350,0,3.07,1.01,48.18
39,40,6,350,2,0.92,0.84,106.33
21,40,0,350,0,0.86,1.33,33.35
27,40,1,350,0,3.29,1.08,48.78
32,40,4,350,1,2.13,0.63,74.43
34,40,4,350,0,1.19,1.01,66.59
22,40,1,350,0,3.31,0.94,37.28
40,40,6,350,2,2.09,0.7,108.78
31,40,6,350,0,0.87,0.64,61.2
34,40,4,350,2,0.57,1.26,94.22
34,40,4,350,0,2.63,1.42,70.24
34,40,2,350,1,0.62,1.26,77.44
29,40,3,350,2,1.04,1.04,80.98
27,40,5,350,2,0.71,1.15,80.43
37,40,3,350,2,2.97,1.0,99.71
30,40,1,350,2,0.56,0.92,78.57
34,40,5,350,0,3.29,0.75,68.79
24,40,4,350,0,2.51,1.16,47.21
45,40,0,350,1,3.38,0.8,97.58
34,40,4,350,0,3.3,1.02,68.61
44,40,6,350,2,1.94,0.76,117.56
42,40,2,350,0,3.0,1.38,84.09
26,40,5,350,2,3.22,1.32,81.58
24,40,4,350,2,0.5,0.32,67.41
37,40,5,350,2,2.87,1.17,104.0
36,40,6,350,0,3.08,0.58,73.64
32,40,4,350,1,1.84,1.21,77.43
43,40,2,350,0,0.85,0.58,79.73
22,40,4,350,2,0.67,1.21,68.29
22,40,5,350,2,1.72,1.15,70.65
24,40,2,350,0,2.32,1.3,44.4
34,40,0,350,0,1.56,0.59,57.71
32,40,3,350,2,1.89,1.21,89.16
29,40,3,350,1,1.53,1.37,69.9
37,40,6,350,1,1.12,0.6,87.48
37,40,0,350,1,0.98,0.43,76.1
41,40,6,350,0,1.85,0.97,85.42
23,40,6,350,1,0.84,0.75,58.03
43,40,6,350,2,2.8,0.47,114.58
44,40,3,350,1,2.47,0.62,98.72
34,40,2,350,0,2.01,0.41,60.54
28,40,2,350,2,3.28,0.69,77.23
45,40,2,350,1,2.13,0.71,99.34
34,40,5,350,0,3.29,1.41,72.51
44,40,5,350,1,0.61,1.42,104.93
21,40,3,350,1,0.92,0.59,47.77
23,40,5,350,0,2.86,0.77,44.91
36,40,4,350,2,2.37,1.14,99.51
35,40,4,350,0,2.95,1.15,71.16
39,40,1,350,0,1.86,0.85,71.89
44,40,2,350,2,1.84,1.4,114.22
35,40,2,350,0,1.22,0.88,64.6
33,40,4,350,1,3.4,0.8,78.72
36,40,2,350,0,2.68,1.09,69.29
28,40,4,350,2,2.13,0.29,77.33
43,40,6,350,1,0.66,0.97,102.01
38,40,3,350,0,3.03,1.37,77.2
30,40,0,350,1,1.55,1.41,67.14
43,40,0,350,0,3.15,1.24,82.16
42,40,5,350,1,2.47,1.08,100.45
30,40,4,350,1,2.33,0.69,70.67
24,40,6,350,1,2.93,1.01,63.59
33,40,6,350,1,3.24,0.66,81.21
37,40,2,350,0,1.89,0.49,67.31
35,40,4,350,1,1.37,1.05,82.53
40,40,3,350,0,2.88,0.47,76.27
22,40,2,350,0,3.12,0.43,35.95
36,40,1,350,2,3.27,1.43,96.84
21,40,6,350,1,1.78,1.32,57.83
36,40,3,350,2,1.9,0.79,95.39
25,40,6,350,1,2.43,1.32,67.02
31,40,6,350,1,1.81,0.48,74.57
21,40,5,350,2,3.44,1.42,71.62
32,40,2,350,0,1.7,1.16,60.19
29,40,2,350,0,0.55,0.67,49.92
30,40,2,350,1,2.81,1.12,70.11
44,40,1,350,0,1.66,0.74,81.81
31,40,2,350,1,3.18,0.61,69.72
21,40,6,350,0,2.51,1.33,45.17
37,40,1,350,0,0.88,0.26,63.36
41,40,5,350,1,1.9,1.18,98.34
28,40,2,350,1,3.2,1.0,65.5
39,40,6,350,2,2.17,0.38,104.9
43,40,3,350,0,1.99,1.0,84.87
40,40,2,350,2,2.42,1.25,105.33
33,40,0,350,2,2.49,0.94,85.2
28,40,2,350,1,1.17,0.98,63.5
34,40,0,350,2,1.89,0.43,83.91
22,40,4,350,1,2.17,1.36,57.14
34,40,2,350,2,0.88,1.38,91.76
36,40,0,350,1,0.7,0.29,72.91
35,40,0,350,1,2.55,0.61,74.29
36,40,4,350,2,1.28,1.43,100.13
22,40,2,350,1,1.08,0.42,47.39
26,40,4,350,0,2.12,0.44,47.08
36,40,2,350,2,1.94,1.41,97.21
22,40,4,350,2,0.68,1.4,69.38
34,40,2,350,1,3.48,0.67,76.77
36,40,1,350,2,0.59,1.29,93.56
35,40,6,350,0,0.83,1.04,72.0
30,40,2,350,1,2.16,0.81,67.76
25,40,6,350,2,0.75,0.39,73.61
23,40,3,350,2,0.76,1.42,69.99
22,40,1,350,1,0.65,0.88,47.87
45,40,6,350,0,0.89,0.3,89.33
42,40,5,350,1,0.71,1.28,99.94
36,40,2,350,0,1.08,0.51,64.53
36,40,6,350,0,0.95,0.53,71.38
43,40,5,350,2,0.77,1.43,116.39
33,40,2,350,0,3.5,0.61,60.91
43,40,6,350,0,2.58,0.77,89.26
41,40,5,350,1,3.29,1.48,101.32
37,40,0,350,1,1.25,1.39,81.77
44,40,3,350,1,2.05,0.95,100.19
26,40,4,350,2,2.7,0.72,76.0
34,40,0,350,1,2.73,0.57,72.08
20,40,3,350,1,1.67,0.33,44.86
31,40,3,350,0,2.56,1.26,61.13
29,40,2,350,0,2.53,1.5,56.45
23,40,0,350,0,3.21,0.57,35.54
38,40,4,350,2,2.72,1.41,105.65
37,40,3,350,1,3.17,1.43,88.92
44,40,5,350,2,1.36,0.63,114.57
33,40,5,350,0,0.91,0.83,64.88
35,40,5,350,2,0.57,0.31,92.72
43,40,1,350,2,2.18,0.29,104.41
23,40,5,350,2,2.49,0.99,72.61
29,40,0,350,2,1.88,1.12,77.07
21,40,0,350,2,1.19,0.55,56.05
20,40,1,350,2,1.44,0.26,54.22
39,40,6,350,1,3.21,1.15,96.81
41,40,3,350,0,2.58,0.62,78.98
34,40,0,350,0,1.07,0.87,58.83
29,40,5,350,0,2.77,1.01,59.05
30,40,1,350,1,0.69,0.36,62.14
44,40,6,350,0,0.87,1.2,92.24
43,40,0,350,0,0.82,0.39,75.2
24,40,0,350,0,2.8,1.11,40.34
37,40,4,350,1,2.66,1.14,88.53
42,40,1,350,0,3.32,0.56,78.05
38,40,4,350,1,3.28,0.74,88.99
25,40,5,350,2,2.74,0.76,75.83
33,40,3,350,1,0.62,0.56,73.06
24,40,6,350,2,0.7,0.37,71.3
30,40,4,350,2,2.71,1.24,87.52
44,40,5,350,0,1.1,0.43,86.4
35,40,6,350,2,1.02,0.4,95.37
36,40,0,350,1,1.63,0.26,73.6
42,40,2,350,0,2.67,0.46,78.6
42,40,0,350,0,0.52,1.21,77.4
42,40,1,350,0,2.32,1.0,79.6
30,40,1,350,1,3.01,0.36,64.29
40,40,0,350,0,0.98,0.97,72.18
20,40,2,350,2,3.16,1.44,64.19
36,40,4,350,0,1.33,0.26,66.78
45,40,2,350,0,0.62,1.15,87.02
43,40,0,350,2,2.75,0.34,103.51
21,40,3,350,2,1.0,1.07,63.95
21,40,6,350,0,2.38,0.86,42.39
45,40,3,350,2,2.06,0.5,113.2
44,40,6,350,0,2.14,0.38,88.8
21,40,6,350,0,2.79,0.49,40.69
32,40,5,350,0,2.11,1.1,65.38
38,40,1,350,0,3.26,1.03,72.07
26,40,6,350,2,2.75,0.44,77.89
36,40,6,350,0,0.96,1.44,76.52
44,40,6,350,2,3.43,1.45,122.83
38,40,0,350,2,1.85,0.55,93.13
35,40,3,350,1,2.44,0.85,80.68
20,40,4,350,1,1.33,0.74,48.57
42,40,1,350,2,1.95,1.4,108.31
42,40,3,350,2,1.53,1.12,109.77
44,40,0,350,2,3.1,1.12,110.38
40,40,4,350,1,2.7,0.68,92.4
42,40,5,350,1,2.66,0.93,99.78
23,40,6,350,1,2.82,1.24,62.64
44,40,3,350,0,2.47,0.52,84.75
42,40,5,350,2,2.12,0.74,111.61
44,40,2,350,2,1.88,0.27,107.88
24,40,6,350,2,1.21,0.6,73.08
31,40,3,350,2,1.19,0.53,82.53
43,40,6,350,1,0.8,1.04,102.53
25,40,2,350,2,2.63,0.51,69.18
39,40,6,350,1,3.13,0.62,93.75
27,40,0,350,1,3.12,1.09,60.36
37,40,5,350,1,1.52,0.83,87.43
38,40,1,350,1,1.98,0.74,82.64
28,40,3,350,2,1.65,0.61,76.98
20,40,1,350,2,0.74,1.31,59.49
29,40,2,350,1,1.12,0.77,64.42
20,40,0,350,2,2.08,0.94,56.94
32,40,2,350,0,2.21,0.53,57.11
30,40,0,350,2,0.7,0.93,77.05
37,40,4,350,0,1.2,1.1,73.54
43,40,2,350,0,2.99,0.27,79.97
43,40,4,350,0,0.89,1.32,87.36
34,40,3,350,1,2.57,1.18,80.52
42,40,6,350,2,1.46,0.73,112.65
30,40,3,350,1,2.44,1.24,72.16
40,40,5,350,0,1.27,1.14,81.98
36,40,0,350,0,3.15,0.51,63.03
23,40,4,350,2,2.1,0.9,70.02
35,40,2,350,0,1.98,1.12,66.66
34,40,5,350,2,2.33,0.81,95.04
45,40,4,350,0,3.24,0.86,91.25
23,40,2,350,2,1.51,1.41,68.92
33,40,3,350,2,3.06,1.19,92.29
45,40,1,350,1,1.49,0.51,95.9
38,40,5,350,2,3.1,0.53,102.75
23,40,1,350,2,2.11,0.39,62.01
26,40,5,350,1,2.8,1.14,66.78
41,40,6,350,0,1.78,0.79,84.34
34,40,0,350,1,2.71,0.3,70.54
35,40,3,350,2,3.34,0.26,91.59
45,40,4,350,1,2.52,1.22,106.01
38,40,1,350,2,2.02,1.33,99.4
35,40,2,350,0,2.4,1.38,68.52
31,40,2,350,0,1.79,0.88,56.55
20,40,4,350,1,2.71,1.49,54.08
36,40,4,350,2,0.52,1.38,99.14
27,40,2,350,2,0.83,0.54,71.96
26,40,2,350,0,1.22,0.51,43.21
37,40,2,350,0,1.67,1.25,71.4
32,40,0,350,0,0.95,0.64,53.13
37,40,5,350,1,2.65,0.79,88.26
39,40,2,350,0,0.88,1.27,75.06
20,40,1,350,2,1.16,1.47,60.78
34,40,4,350,2,1.93,0.97,93.85
38,40,2,350,1,1.37,0.54,82.66
28,40,6,350,0,3.43,0.32,55.34
23,40,3,350,1,1.3,0.71,53.09
36,40,6,350,0,2.14,0.6,72.88
45,40,2,350,2,1.7,0.74,112.51
25,40,0,350,1,1.49,0.5,51.23
32,40,0,350,2,1.23,0.69,80.48
28,40,5,350,0,1.16,1.39,57.55
41,40,5,350,0,0.88,0.54,80.38
32,40,5,350,1,1.29,0.4,74.07
42,40,3,350,2,3.43,1.49,113.63
34,40,2,350,0,1.94,0.84,62.9
24,40,3,350,2,0.96,0.47,66.97
36,40,0,350,2,3.13,0.76,91.22
33,40,1,350,2,1.4,0.87,85.51
30,40,5,350,1,3.31,1.18,76.05
32,40,2,350,1,1.35,1.39,74.56
35,40,2,350,2,3.49,0.85,93.34
26,40,5,350,1,2.87,0.81,64.98
34,40,0,350,1,0.96,1.21,74.05
37,40,2,350,0,1.49,0.69,68.07
29,40,5,350,0,3.1,1.19,60.37
21,40,3,350,1,1.07,0.93,49.83
41,40,0,350,0,2.25,1.12,76.35
29,40,4,350,1,3.07,0.66,69.04
35,40,4,350,1,1.03,1.43,84.36
41,40,1,350,1,3.29,0.57,89.33
37,40,1,350,1,1.61,1.28,83.2
40,40,0,350,1,3.26,0.65,85.9
35,40,5,350,2,1.54,1.03,97.69
29,40,3,350,2,1.13,1.33,82.7
32,40,0,350,0,0.73,0.26,50.79
42,40,5,350,1,1.46,0.51,96.3
22,40,5,350,0,2.75,0.56,41.48
37,40,0,350,0,0.53,0.7,63.81
25,40,3,350,0,1.92,0.7,44.5
25,40,6,350,0,2.3,0.96,51.46
25,40,6,350,0,3.38,1.01,52.75
26,40,6,350,1,0.77,1.25,67.22
38,40,2,350,2,2.66,0.95,99.57
40,40,2,350,1,1.73,0.53,87.23
28,40,6,350,2,1.61,0.67,82.42
35,40,3,350,2,0.83,0.94,93.09
39,40,1,350,1,1.32,0.46,82.59
22,40,6,350,0,1.72,0.48,41.78
39,40,3,350,0,0.6,0.34,71.27
27,40,0,350,0,1.54,1.33,46.85
34,40,4,350,0,2.08,0.52,64.65
40,40,3,350,1,3.05,0.58,90.45
32,40,1,350,2,1.72,1.25,85.8
41,40,6,350,1,3.32,1.13,101.09
42,40,6,350,2,3.12,1.41,118.03
38,40,2,350,0,3.36,1.25,75.11
40,40,2,350,0,2.43,0.59,74.82
25,40,2,350,0,1.14,0.97,43.58
39,40,5,350,2,0.95,0.3,101.6
30,40,1,350,2,1.87,1.16,81.15
37,40,5,350,2,3.32,0.52,100.76
29,40,1,350,2,0.55,0.78,75.63
40,40,3,350,0,0.93,0.71,75.81
32,40,0,350,1,2.2,1.17,70.68
37,40,2,350,2,1.85,1.19,98.03
22,40,3,350,1,2.64,0.56,51.35
32,40,3,350,2,2.99,0.52,86.3
21,40,1,350,1,1.7,0.46,44.33
33,40,4,350,2,2.53,0.72,90.86
20,40,5,350,0,2.86,0.27,35.65
45,40,1,350,1,0.67,1.44,100.38
37,40,4,350,1,2.06,0.66,85.26
40,40,3,350,2,1.42,0.27,100.59
37,40,2,350,1,3.01,0.82,83.62
26,40,2,350,2,1.26,1.33,74.67
27,40,3,350,0,2.64,1.22,52.39
23,40,1,350,2,3.48,0.75,65.32
27,40,2,350,1,1.25,1.48,64.25
33,40,0,350,1,2.12,1.3,73.49
22,40,4,350,1,0.77,0.62,51.66
25,40,5,350,0,2.53,1.23,51.49
43,40,3,350,2,0.82,0.68,108.78
23,40,2,350,1,1.9,1.04,53.8
28,40,5,350,1,1.67,0.72,67.65
20,40,2,350,1,0.78,0.57,43.67
29,40,0,350,1,1.33,0.43,59.27
28,40,5,350,1,2.11,0.89,69.01
41,40,1,350,2,3.31,1.05,105.46
26,40,2,350,0,2.89,1.01,47.58
45,40,1,350,0,1.96,1.05,85.98
27,40,5,350,2,1.49,0.7,78.62
40,40,4,350,2,3.21,1.01,108.14
44,40,5,350,1,3.34,0.48,102.16
43,40,4,350,0,3.03,0.57,85.12
32,40,0,350,1,1.13,0.73,67.21
39,40,3,350,2,2.82,1.3,105.55
32,40,0,350,0,3.19,0.89,56.63
23,40,6,350,0,1.67,1.48,49.52
20,40,0,350,2,2.09,1.49,60.05
42,40,1,350,1,1.18,0.29,87.94
38,40,3,350,1,1.31,1.44,89.39
40,40,5,350,2,2.56,0.8,108.06
39,40,1,350,0,2.39,0.6,70.98
36,40,5,350,2,2.92,0.96,100.72
33,40,2,350,0,0.62,0.82,59.41
29,40,5,350,2,1.3,0.9,83.86
34,40,2,350,0,0.76,0.39,59.26
22,40,2,350,2,1.81,0.29,60.74
30,40,2,350,1,1.88,0.9,68.0
35,40,3,350,1,0.62,0.94,79.5
29,40,1,350,1,1.91,0.5,61.92
29,40,1,350,1,0.61,0.34,59.8
28,40,6,350,1,2.75,0.34,68.22
31,40,4,350,2,2.21,0.32,84.01
21,40,1,350,1,2.8,0.69,46.65
35,40,1,350,1,2.1,1.25,79.19
31,40,0,350,1,1.71,1.14,67.91
40,40,1,350,2,2.2,1.49,104.76
26,40,0,350,2,2.93,0.68,69.13
35,40,2,350,1,1.01,0.44,75.32
27,40,1,350,0,3.44,1.11,49.09
23,40,6,350,1,0.94,0.44,56.38
25,40,5,350,2,1.42,0.8,74.83
44,40,5,350,0,2.03,0.73,88.96
45,40,6,350,0,2.16,0.38,90.96
44,40,1,350,0,2.86,1.41,86.71
41,40,4,350,1,0.75,1.0,94.54
21,40,3,350,2,1.79,1.0,64.29
42,40,2,350,0,2.25,0.3,77.3
22,40,1,350,0,1.28,1.18,36.75
27,40,0,350,1,3.13,1.41,62.18
28,40,3,350,2,1.98,0.89,78.86
28,40,5,350,2,1.96,1.08,83.35
22,40,1,350,2,1.56,1.06,63.13
33,40,0,350,1,0.86,1.12,71.3
31,40,2,350,1,1.91,0.3,66.79
31,40,1,350,1,1.54,0.95,68.4
34,40,4,350,1,2.83,1.4,83.72
41,40,4,350,0,3.06,0.73,81.77
21,40,0,350,0,1.15,1.26,33.22
25,40,6,350,0,1.11,0.56,48.1
34,40,3,350,0,3.3,0.7,65.09
38,40,5,350,1,1.01,0.28,86.0
20,40,6,350,2,2.86,0.69,66.54
23,40,2,350,2,2.37,0.59,65.1
41,40,6,350,1,2.52,0.96,99.39
31,40,3,350,2,1.12,0.47,82.13
41,40,3,350,0,3.48,1.31,83.71
29,40,0,350,1,2.06,0.79,61.98
26,40,0,350,1,1.54,0.55,53.7
36,40,5,350,1,0.97,0.36,82.12
29,40,3,350,2,3.04,1.4,84.87
37,40,4,350,1,1.75,0.48,83.96
28,40,3,350,1,0.68,1.27,66.4
45,40,3,350,0,0.64,1.45,90.44
43,40,5,350,2,1.83,1.39,117.15
30,40,4,350,2,1.75,0.79,84.09
37,40,4,350,1,2.38,0.81,86.4
31,40,2,350,1,2.71,1.0,71.48
40,40,4,350,1,2.83,1.06,94.67
20,40,4,350,2,1.88,1.32,65.75
30,40,1,350,1,2.11,0.35,63.4
24,40,2,350,0,3.02,1.23,44.65
42,40,4,350,1,2.06,0.8,96.77
45,40,3,350,1,1.68,0.45,99.17
34,40,1,350,2,1.06,0.63,85.98
37,40,2,350,2,2.96,0.49,95.11
30,40,2,350,2,1.82,0.95,81.63
33,40,5,350,1,2.91,0.37,77.55
36,40,3,350,0,1.86,1.45,72.27
27,40,1,350,0,2.36,1.11,48.08
37,40,3,350,2,1.39,0.3,94.29
39,40,3,350,2,0.97,0.9,101.58
44,40,6,350,2,0.55,1.46,120.21
29,40,6,350,1,1.94,0.59,71.02
28,40,4,350,0,3.0,0.45,52.25
45,40,5,350,0,2.28,0.51,90.09
26,40,0,350,1,2.4,1.2,58.17
31,40,4,350,0,0.94,1.15,60.71
35,40,4,350,0,3.08,1.32,72.24
24,40,0,350,2,2.05,0.93,65.43
23,40,3,350,2,1.1,1.08,68.39
30,40,2,350,0,1.35,0.38,51.18
29,40,3,350,2,0.78,0.91,80.01
34,40,6,350,1,1.87,1.24,85.35
44,40,5,350,1,2.6,1.07,104.8
28,40,1,350,0,1.78,0.45,45.97
26,40,4,350,1,1.09,0.66,60.76
22,40,0,350,0,2.83,1.3,37.15
36,40,0,350,2,2.98,0.47,89.44
37,40,1,350,1,2.82,1.5,85.56
39,40,1,350,2,2.17,1.17,100.79
27,40,2,350,0,2.64,0.67,47.58
41,40,3,350,1,3.47,0.69,93.61
27,40,3,350,1,0.74,1.37,64.87
37,40,5,350,2,1.42,0.62,99.55
42,40,3,350,0,0.83,0.85,80.8
42,40,5,350,1,0.93,1.29,100.2
39,40,2,350,1,0.67,0.93,86.35
22,40,1,350,2,2.75,0.78,62.66
28,40,3,350,2,1.07,1.4,80.89
21,40,4,350,0,0.94,1.31,40.16
33,40,2,350,0,1.0,1.36,62.81
33,40,6,350,2,0.5,0.98,93.86
29,40,5,350,0,2.89,0.53,56.45
28,40,5,350,0,3.0,0.41,53.73
24,40,1,350,0,1.88,0.31,36.69
41,40,4,350,1,2.56,0.55,93.68
27,40,2,350,0,2.27,1.08,49.55
27,40,5,350,2,0.79,1.04,79.89
22,40,5,350,1,0.6,1.07,55.75
21,40,3,350,1,3.41,0.37,48.85
40,40,4,350,2,3.34,0.34,104.48
45,40,5,350,1,0.84,1.12,105.59
26,40,2,350,2,2.97,0.78,73.16
23,40,3,350,1,2.33,0.63,53.6
31,40,5,350,2,2.08,0.55,86.9
40,40,5,350,1,1.16,1.09,95.0
42,40,5,350,1,2.47,1.15,100.84
36,40,6,350,0,0.72,0.34,70.09
36,40,5,350,1,1.99,1.38,88.83
40,40,0,350,0,1.43,1.25,74.18
35,40,6,350,1,1.24,0.62,83.41
29,40,0,350,2,0.73,0.36,71.71
45,40,3,350,0,1.66,0.58,86.48
34,40,6,350,0,1.4,1.38,72.3
33,40,5,350,0,0.68,0.44,62.47
35,40,2,350,1,1.63,0.88,78.38
22,40,2,350,0,1.73,1.35,39.84
35,40,6,350,1,2.6,1.11,87.44
27,40,0,350,2,1.18,0.89,70.83
34,40,4,350,1,0.58,0.4,75.98
31,40,0,350,2,2.97,0.47,78.71
37,40,4,350,0,1.14,1.26,74.39
30,40,1,350,0,2.94,0.63,52.35
35,40,5,350,1,1.13,1.06,84.08
36,40,6,350,1,1.03,0.99,87.45
23,40,2,350,1,0.6,0.31,48.47
36,40,1,350,1,2.03,0.54,77.27
36,40,5,350,0,0.65,1.25,73.45
30,40,3,350,0,1.05,0.3,52.16
32,40,2,350,2,2.66,0.84,86.08
28,40,5,350,2,1.94,1.28,84.45
31,40,6,350,2,1.4,0.77,89.23
28,40,0,350,1,1.42,0.78,59.18
33,40,6,350,0,2.95,0.65,67.48
38,40,0,350,0,2.59,0.9,68.99
33,40,3,350,2,2.98,0.77,89.84
40,40,4,350,1,3.43,0.43,91.67
28,40,4,350,0,3.37,1.4,57.95
27,40,0,350,0,1.51,1.12,45.64
44,40,1,350,1,1.18,1.3,97.92
43,40,3,350,0,2.9,0.81,84.64
25,40,1,350,2,1.28,1.44,71.45
44,40,4,350,1,3.0,1.22,104.31
24,40,2,350,1,2.31,1.5,58.92
23,40,2,350,1,1.01,1.06,53.08
43,40,2,350,2,1.34,0.29,105.35
31,40,6,350,1,0.8,0.82,75.55
31,40,6,350,2,0.92,0.83,89.12
29,40,5,350,2,2.71,0.75,84.33
29,40,4,350,1,3.02,0.38,67.41
35,40,5,350,1,1.41,1.47,86.65
31,40,2,350,1,1.03,0.45,66.82
40,40,2,350,1,2.31,1.46,93.01
44,40,0,350,2,0.69,0.36,103.85
44,40,4,350,1,1.8,1.44,104.43
33,40,1,350,0,1.45,0.44,56.33
39,40,5,350,1,1.49,0.85,91.81
39,40,6,350,2,2.94,1.11,109.74
39,40,3,350,1,2.61,0.94,89.93
24,40,2,350,2,2.19,0.73,67.86
37,40,6,350,2,2.0,1.33,105.81
20,40,6,350,2,0.59,1.35,68.15
26,40,2,350,2,3.47,1.36,76.9
39,40,3,350,2,2.78,0.75,102.41
43,40,1,350,1,3.01,0.45,92.69
45,40,3,350,2,2.89,0.32,112.96
45,40,1,350,1,2.85,0.77,98.63
26,40,2,350,2,3.01,1.37,76.52
25,40,6,350,2,0.51,0.93,76.43
44,40,6,350,2,2.75,0.51,116.9
24,40,5,350,2,0.58,1.45,75.57
44,40,4,350,1,2.62,1.44,105.2
34,40,4,350,1,3.49,1.17,83.03
41,40,4,350,2,0.8,0.55,105.45
31,40,0,350,0,2.96,1.31,56.64
21,40,5,350,1,2.84,1.33,57.16
20,40,4,350,0,1.34,1.23,37.94
41,40,4,350,0,1.74,0.72,80.48
20,40,3,350,1,2.15,1.25,50.49
40,40,1,350,0,0.87,1.49,76.73
44,40,3,350,0,2.34,0.83,86.38
43,40,6,350,1,2.14,0.8,102.42
44,40,4,350,2,2.07,1.2,116.73
27,40,0,350,1,1.29,0.3,54.21
36,40,4,350,1,0.64,1.42,86.08
22,40,3,350,2,0.67,1.04,65.62
25,40,0,350,0,1.6,0.53,38.1
32,40,6,350,1,3.45,1.14,81.96
23,40,6,350,1,2.9,1.41,63.67
35,40,1,350,0,2.22,1.04,64.72
38,40,3,350,2,0.58,0.99,99.58
31,40,4,350,1,1.53,0.4,70.43
45,40,6,350,0,1.21,0.74,92.11
34,40,6,350,2,3.08,0.64,96.49
21,40,5,350,1,3.06,1.09,56.01
29,40,3,350,2,1.22,1.47,83.57
27,40,0,350,0,3.21,0.47,43.55
23,40,1,350,2,0.6,1.49,66.81
22,40,3,350,2,1.05,0.53,63.1
24,40,2,350,2,3.49,0.37,67.04
28,40,2,350,1,2.64,0.95,64.7
29,40,3,350,2,3.22,0.28,78.72
24,40,4,350,0,2.32,1.44,48.62
41,40,1,350,2,2.43,0.67,102.5
26,40,2,350,0,3.03,1.49,50.42
37,40,1,350,0,2.77,0.97,69.13
35,40,2,350,0,2.4,0.8,65.25
26,40,4,350,1,3.02,1.31,66.22
34,40,2,350,2,2.36,0.93,90.6
27,40,5,350,0,1.67,0.55,51.14
21,40,5,350,0,1.45,1.13,41.34
29,40,5,350,2,0.68,0.53,81.2
26,40,5,350,0,2.8,0.79,51.4
22,40,4,350,2,2.3,1.48,71.33
26,40,3,350,2,1.3,1.15,75.41
43,40,3,350,0,3.26,0.58,83.68
39,40,1,350,0,3.19,0.29,69.97
36,40,1,350,2,2.87,0.98,93.93
45,40,0,350,1,0.75,0.59,93.95
29,40,1,350,1,1.04,0.69,62.18
39,40,3,350,2,2.17,1.02,103.37
33,40,0,350,2,0.79,0.4,80.58
37,40,4,350,2,2.94,0.42,98.13
37,40,3,350,1,2.55,1.25,87.33
36,40,4,350,2,0.51,1.25,98.4
43,40,1,350,0,1.37,0.52,78.16
34,40,0,350,2,3.24,1.06,88.72
29,40,1,350,1,1.99,1.42,67.18
34,40,1,350,0,0.79,0.75,59.61
23,40,4,350,0,3.12,0.67,42.87
30,40,6,350,1,1.19,0.46,71.74
42,40,2,350,1,2.3,0.47,91.71
22,40,0,350,0,2.73,0.89,34.75
32,40,5,350,0,0.54,1.19,64.43
23,40,1,350,2,2.39,0.56,63.23
30,40,1,350,1,0.94,1.47,68.63
22,40,4,350,2,2.95,1.31,70.98
20,40,1,350,2,3.12,1.16,60.86
34,40,5,350,1,2.51,0.55,80.34
29,40,2,350,0,1.97,1.3,54.8
22,40,5,350,2,0.7,0.95,68.57
24,40,1,350,2,2.81,0.96,68.02
35,40,2,350,2,0.79,0.82,90.66
31,40,4,350,2,0.75,0.84,85.59
36,40,3,350,0,1.97,0.52,67.13
43,40,4,350,0,2.43,0.35,83.33
34,40,2,350,2,3.29,0.48,88.93
30,40,3,350,2,0.87,0.99,82.69
33,40,2,350,2,3.13,1.14,90.35
39,40,2,350,2,1.51,0.86,100.14
33,40,4,350,2,1.36,1.02,91.46
29,40,4,350,1,2.46,1.45,72.93
30,40,5,350,0,3.45,1.13,62.5
32,40,5,350,1,0.58,1.49,79.55
28,40,6,350,0,1.39,0.29,53.27
25,40,6,350,1,1.6,0.28,60.38
24,40,5,350,0,2.39,0.81,46.84
24,40,1,350,2,1.05,0.86,65.82
27,40,5,350,2,2.41,0.43,77.95
39,40,2,350,0,0.7,0.43,70.16
32,40,3,350,0,0.9,0.71,58.62
33,40,5,350,0,0.77,1.4,67.97
22,40,4,350,1,2.35,0.89,54.65
33,40,3,350,1,3.06,0.4,74.43
34,40,1,350,0,0.88,1.34,63.02
37,40,1,350,2,1.82,0.98,95.1
25,40,1,350,0,1.58,1.43,44.87
25,40,0,350,1,0.85,0.3,49.51
42,40,4,350,0,1.81,0.69,82.52
37,40,0,350,0,2.52,1.13,68.08
24,40,6,350,1,2.52,1.31,64.9
27,40,1,350,0,2.78,1.25,49.26
30,40,3,350,2,3.32,1.17,85.98
32,40,3,350,1,0.68,1.3,75.15
45,40,4,350,1,0.56,0.53,100.29
38,40,0,350,1,1.28,1.38,83.88
32,40,6,350,1,1.73,0.89,78.95
34,40,0,350,0,2.91,1.33,63.14
28,40,0,350,0,0.88,1.16,47.42
34,40,6,350,2,2.64,1.16,99.01
27,40,1,350,0,2.58,0.96,47.44
21,40,0,350,0,1.27,0.99,31.81
23,40,0,350,1,1.57,1.19,50.91
23,40,4,350,1,1.7,0.7,55.12
20,40,5,350,2,1.45,0.52,62.55
33,40,4,350,2,1.33,0.44,88.16
33,40,1,350,0,2.94,0.57,58.45
28,40,4,350,0,1.25,1.23,55.02
27,40,3,350,2,2.63,1.27,79.47
28,40,1,350,0,0.56,0.81,46.86
40,40,6,350,0,3.22,0.95,84.44
43,40,2,350,0,0.96,0.67,80.34
21,40,4,350,0,2.26,0.33,35.87
45,40,6,350,1,1.31,0.88,106.39
26,40,1,350,2,2.77,1.21,73.68
29,40,5,350,0,1.8,0.63,56.0
37,40,5,350,0,2.82,0.91,75.69
42,40,0,350,1,0.84,0.32,86.08
45,40,3,350,1,2.51,0.62,100.9
43,40,6,350,2,3.31,1.46,120.63
44,40,2,350,2,2.87,0.53,110.27
37,40,5,350,2,1.7,0.94,101.62
27,40,4,350,1,3.49,1.36,69.09
41,40,6,350,0,3.12,0.79,85.59
25,40,0,350,2,1.3,1.47,69.92
35,40,2,350,1,0.6,0.69,76.35
44,40,5,350,0,1.57,0.29,86.05
20,40,4,350,2,2.53,0.48,61.62
20,40,0,350,0,1.78,1.25,31.61
31,40,4,350,0,1.59,0.41,57.14
29,40,4,350,0,0.64,1.07,55.69
21,40,3,350,2,2.67,0.64,63.08
29,40,0,350,1,3.07,0.29,60.1
37,40,0,350,1,0.85,0.25,74.97
23,40,6,350,1,0.66,0.84,58.37
27,40,4,350,0,2.2,0.28,48.4
33,40,0,350,1,2.91,1.43,74.96
34,40,3,350,2,1.05,0.52,88.78
43,40,5,350,2,1.77,1.1,115.46
22,40,0,350,2,2.19,1.25,63.08
29,40,4,350,2,2.73,0.84,83.14
25,40,4,350,1,1.94,0.93,60.93
31,40,6,350,2,2.62,1.2,92.79
37,40,3,350,2,2.09,0.58,96.52
28,40,3,350,0,3.13,0.64,51.72
32,40,5,350,2,2.26,0.6,89.5
24,40,5,350,0,2.58,1.03,48.26
36,40,3,350,2,3.42,1.04,98.21
36,40,6,350,2,0.98,1.29,102.49
22,40,0,350,1,3.04,0.29,45.05
43,40,6,350,1,3.0,0.6,102.09
34,40,3,350,1,2.47,0.85,78.56
31,40,0,350,0,2.88,1.09,55.32
43,40,4,350,1,2.21,0.84,99.29
23,40,3,350,1,1.8,1.45,57.73
45,40,5,350,0,3.06,1.43,96.01
42,40,0,350,2,1.99,1.25,105.79
20,40,4,350,1,0.77,1.25,50.92
40,40,5,350,1,1.07,0.54,91.81
27,40,0,350,0,0.7,0.75,42.8
30,40,2,350,0,1.07,1.01,54.47
42,40,0,350,1,3.16,0.53,89.42
41,40,4,350,1,3.22,1.12,97.51
21,40,3,350,0,1.1,0.88,36.17
41,40,4,350,2,0.96,0.84,107.23
45,40,2,350,0,1.37,0.44,83.71
32,40,1,350,0,3.16,0.84,58.03
27,40,5,350,1,2.7,1.46,70.63
27,40,0,350,1,1.58,1.42,60.79
33,40,2,350,1,1.72,0.9,74.29
25,40,0,350,1,3.12,0.35,51.9
22,40,1,350,1,0.93,1.4,51.07
21,40,5,350,0,1.87,0.83,40.04
32,40,4,350,0,2.61,0.59,61.25
28,40,0,350,1,1.35,1.27,61.88
42,40,3,350,0,0.83,0.79,80.46
22,40,4,350,1,1.44,1.37,56.51
44,40,0,350,2,1.15,0.26,103.72
24,40,2,350,2,2.22,0.84,68.51
23,40,6,350,1,0.56,1.41,61.49
43,40,6,350,2,2.09,0.57,114.48
39,40,3,350,0,2.71,1.38,79.1
23,40,4,350,2,3.03,0.94,71.11
42,40,1,350,0,1.38,0.79,77.54
28,40,6,350,2,0.96,0.45,80.58
35,40,0,350,1,1.48,0.44,72.33
25,40,1,350,0,1.61,1.4,44.73
41,40,0,350,1,2.69,1.41,91.8
25,40,0,350,2,1.08,0.82,66.05
36,40,2,350,2,1.76,1.48,97.43
42,40,0,350,1,2.63,0.66,89.66
27,40,0,350,0,0.84,1.01,44.39
20,40,1,350,1,0.68,0.8,43.16
32,40,5,350,2,2.81,0.92,91.81
23,40,0,350,1,1.07,0.52,46.66
41,40,2,350,0,3.25,1.26,81.5
31,40,5,350,1,0.83,0.7,73.19
23,40,1,350,2,0.9,1.19,65.4
23,40,5,350,2,3.06,0.69,71.44
40,40,1,350,2,3.4,0.68,101.31
42,40,2,350,0,1.29,0.88,79.68
36,40,4,350,2,2.96,1.2,100.4
25,40,1,350,1,2.73,1.44,59.4
35,40,1,350,1,0.71,1.08,76.94
43,40,2,350,2,0.81,1.41,111.17
28,40,2,350,1,0.68,0.68,61.36
23,40,6,350,0,2.49,1.45,50.11
20,40,5,350,1,1.94,0.47,49.33
43,40,6,350,0,1.02,0.9,88.55
42,40,4,350,2,2.28,0.88,110.83
38,40,3,350,2,1.93,0.74,99.42
20,40,3,350,0,2.6,0.88,35.42
24,40,5,350,2,0.86,0.29,69.29
21,40,5,350,0,2.83,0.7,40.2
33,40,6,350,1,0.72,0.83,79.82
38,40,4,350,2,1.62,0.58,99.94
42,40,2,350,0,1.13,0.82,79.19
30,40,2,350,0,1.96,1.28,56.82
37,40,5,350,2,3.49,0.75,102.21
22,40,2,350,1,0.73,0.76,48.98
28,40,6,350,2,3.42,1.31,87.71
25,40,6,350,1,3.19,0.8,64.79
27,40,6,350,2,1.37,1.1,82.48
43,40,1,350,2,1.01,0.67,105.47
30,40,2,350,2,2.1,0.44,79.01
33,40,0,350,1,1.12,0.62,68.72
35,40,0,350,0,3.25,0.96,63.51
40,40,2,350,0,3.16,1.04,78.03
20,40,6,350,0,2.52,0.3,37.22
24,40,2,350,2,0.98,1.15,69.11
28,40,0,350,0,1.88,0.57,45.02
43,40,6,350,2,2.56,1.35,119.32
43,40,5,350,2,0.58,1.08,114.24
24,40,2,350,0,3.01,1.13,44.08
38,40,2,350,2,0.87,1.37,100.27
34,40,1,350,2,1.5,0.55,85.94
36,40,6,350,0,0.51,0.39,70.18
35,40,6,350,1,2.53,0.26,82.58
32,40,2,350,1,1.24,0.91,71.75
28,40,0,350,2,1.77,0.3,70.2
32,40,6,350,1,1.31,0.93,78.79
36,40,5,350,0,1.23,1.42,74.94
41,40,6,350,0,1.62,1.32,87.18
37,40,2,350,1,3.39,0.75,83.58
30,40,0,350,0,2.58,1.44,54.87
23,40,5,350,2,1.94,1.14,72.94
44,40,6,350,0,1.09,1.23,92.62
38,40,1,350,2,2.74,0.7,96.52
22,40,4,350,1,1.12,0.72,52.55
33,40,1,350,2,3.16,0.37,84.32
34,40,4,350,1,2.45,0.89,80.49
42,40,6,350,1,0.53,0.49,97.03
29,40,0,350,0,0.76,0.74,47.09
43,40,6,350,1,3.09,1.4,106.69
28,40,5,350,1,2.71,1.4,72.45
24,40,3,350,0,2.91,1.03,45.14
38,40,0,350,0,1.91,1.09,69.43
42,40,0,350,2,0.83,1.17,104.26
30,40,4,350,1,0.89,1.1,71.64
35,40,6,350,0,3.31,0.47,71.09
20,40,6,350,0,2.23,1.3,42.59
22,40,2,350,2,0.78,1.32,65.59
41,40,4,350,1,0.87,0.74,93.18
22,40,5,350,2,1.17,0.96,69.06
40,40,3,350,1,2.03,0.26,87.7
42,40,3,350,1,2.12,1.25,97.65
38,40,4,350,1,3.2,1.09,90.89
24,40,0,350,1,1.84,0.9,51.67
24,40,4,350,0,0.56,0.82,43.48
30,40,2,350,0,1.05,0.25,50.17
39,40,0,350,0,2.16,0.94,70.97
45,40,0,350,2,2.94,0.38,108.2
22,40,2,350,0,2.26,0.96,38.13
39,40,5,350,0,2.71,0.98,80.27
39,40,0,350,1,1.2,0.89,83.19
25,40,0,350,1,2.1,0.97,54.45
42,40,1,350,2,2.41,1.48,109.19
43,40,5,350,1,2.22,0.81,100.84
41,40,6,350,2,2.48,1.06,113.32
34,40,2,350,2,1.65,1.32,92.14
39,40,0,350,2,0.63,1.0,96.68
36,40,0,350,0,0.64,1.41,65.77
37,40,3,350,2,2.88,0.27,95.51
34,40,1,350,2,0.88,1.47,90.55
41,40,2,350,1,0.93,0.7,89.59
21,40,0,350,1,0.92,1.41,47.25
26,40,2,350,1,2.81,0.54,58.26
40,40,4,350,2,2.13,0.4,103.69
30,40,5,350,2,2.86,0.8,86.89
27,40,6,350,0,3.36,1.23,58.26
35,40,3,350,2,2.27,0.89,94.15
21,40,6,350,0,3.17,0.74,42.45
33,40,6,350,1,2.67,0.89,81.97
39,40,4,350,2,1.17,0.26,99.87
25,40,4,350,2,0.79,0.39,70.22
43,40,6,350,0,1.4,1.1,90.03
22,40,0,350,2,1.98,1.4,63.73
20,40,5,350,1,3.47,0.5,50.92
30,40,4,350,0,1.52,0.99,58.2
35,40,6,350,1,3.24,0.46,84.37
31,40,2,350,2,2.78,0.92,84.5
24,40,2,350,1,1.52,0.33,51.58
45,40,2,350,2,2.25,0.64,112.46
36,40,0,350,1,2.98,0.63,76.94
36,40,6,350,1,2.49,1.26,90.33
21,40,5,350,1,3.16,0.9,55.03
23,40,0,350,1,0.56,1.11,49.52
44,40,4,350,1,3.2,1.37,105.34
40,40,3,350,0,3.06,0.38,75.93
30,40,5,350,0,3.44,0.84,60.86
45,40,2,350,2,0.86,1.44,115.67
37,40,4,350,1,0.94,1.05,86.42
36,40,2,350,0,2.49,0.78,67.36
24,40,6,350,1,2.52,0.62,61.01
20,40,5,350,2,2.74,0.38,62.96
35,40,6,350,0,0.97,0.93,71.51
36,40,1,350,0,3.36,1.41,70.01
31,40,2,350,1,1.65,0.46,67.45
40,40,1,350,2,0.86,1.39,102.95
27,40,2,350,1,2.59,0.34,59.07
44,40,2,350,2,2.75,1.04,113.03
21,40,2,350,0,3.05,0.58,34.58
35,40,2,350,1,2.32,1.36,81.73
26,40,6,350,0,2.26,0.85,52.95
40,40,5,350,2,1.17,0.88,107.22
22,40,3,350,1,2.94,1.25,55.52
42,40,2,350,0,2.9,1.39,84.06
33,40,5,350,2,0.58,1.41,94.65
38,40,5,350,1,3.04,0.95,91.67
45,40,2,350,1,2.51,0.53,98.68
21,40,5,350,1,0.55,1.34,55.09
42,40,1,350,2,3.23,1.26,108.71
38,40,6,350,1,1.87,0.65,90.6
40,40,1,350,1,1.63,1.4,90.33
40,40,0,350,1,2.66,0.8,86.19
33,40,1,350,0,1.38,1.1,59.99
34,40,0,350,2,3.16,1.23,89.61
42,40,3,350,1,3.18,1.07,97.63
27,40,0,350,2,2.62,0.55,70.25
24,40,1,350,1,2.29,0.4,50.98
27,40,1,350,2,3.0,1.02,74.97
36,40,2,350,2,3.09,1.36,97.99
43,40,1,350,2,3.17,0.51,106.57
22,40,3,350,0,2.37,1.36,42.21
31,40,1,350,0,1.97,1.26,57.15
22,40,2,350,0,2.36,1.38,40.6
25,40,0,350,2,2.08,1.14,68.79
40,40,3,350,2,1.3,1.17,105.55
24,40,4,350,2,0.83,0.61,69.35
27,40,0,350,1,2.86,0.45,56.51
32,40,2,350,1,2.02,0.86,72.2
40,40,5,350,1,2.38,0.79,94.44
21,40,2,350,0,3.1,1.44,39.48
30,40,1,350,1,0.75,1.31,67.55
29,40,4,350,0,2.43,0.86,56.17
31,40,2,350,1,1.17,0.33,66.27
40,40,4,350,0,3.42,1.08,81.93
33,40,1,350,2,0.96,0.7,84.14
45,40,4,350,0,2.18,1.01,91.11
33,40,6,350,1,1.04,1.26,82.54
25,40,6,350,0,0.5,1.44,52.5
34,40,4,350,2,0.67,0.27,88.73
45,40,5,350,1,2.17,1.37,108.24
24,40,0,350,2,2.05,0.32,61.99
25,40,0,350,2,2.36,1.06,68.6
20,40,5,350,1,1.21,1.29,53.27
38,40,3,350,0,0.8,0.56,70.56
43,40,5,350,0,2.27,1.07,88.95
35,40,5,350,0,0.88,1.35,72.08
25,40,4,350,1,1.42,0.38,57.35
34,40,5,350,2,0.67,0.46,91.52
33,40,5,350,2,1.57,0.74,91.79
38,40,6,350,2,1.09,0.73,103.73
43,40,4,350,2,3.01,1.15,115.18
44,40,3,350,2,1.45,0.45,110.21
39,40,4,350,2,0.98,0.95,103.58
28,40,2,350,2,2.16,0.93,77.54
40,40,3,350,2,2.3,1.25,106.93
36,40,0,350,2,1.87,0.92,90.95
41,40,6,350,1,1.12,0.58,95.94
41,40,2,350,2,0.57,0.42,101.07
25,40,5,350,0,2.09,0.96,49.55
27,40,4,350,2,0.83,1.0,77.98
21,40,5,350,1,2.13,1.12,55.31
42,40,4,350,2,3.14,0.95,112.03
27,40,3,350,0,1.9,0.63,48.38
37,40,2,350,2,2.48,1.18,98.56
29,40,4,350,0,1.07,0.52,52.99
24,40,4,350,1,3.49,0.57,58.2
21,40,4,350,0,2.47,1.37,41.93
34,40,5,350,1,3.34,1.48,86.35
34,40,5,350,0,1.61,1.45,71.18
24,40,2,350,0,2.36,0.29,38.74
32,40,6,350,0,2.62,0.54,64.41
32,40,4,350,2,3.03,0.39,87.31
35,40,3,350,0,0.83,0.54,64.04
32,40,5,350,0,3.2,1.31,67.58
23,40,5,350,2,2.73,0.54,70.29
21,40,5,350,2,3.19,0.4,65.64
28,40,0,350,1,2.3,0.67,59.38
24,40,0,350,0,0.93,0.51,35.22
34,40,3,350,2,1.39,0.83,90.85
28,40,5,350,1,2.52,0.53,67.36
35,40,4,350,0,0.59,0.34,64.4
20,40,3,350,1,1.09,1.03,48.27
20,40,1,350,2,3.37,1.15,61.03
42,40,1,350,0,1.82,0.25,74.91
45,40,2,350,1,2.55,1.37,103.45
34,40,2,350,1,2.55,1.1,78.33
39,40,1,350,0,0.62,0.55,69.05
29,40,0,350,2,3.33,0.75,76.33
32,40,4,350,0,2.64,1.26,65.06
39,40,2,350,1,3.24,1.33,91.0
25,40,5,350,1,1.21,0.4,58.98
36,40,0,350,0,1.52,0.62,62.13
43,40,3,350,0,2.1,1.2,86.1
28,40,3,350,0,3.12,1.08,54.2
42,40,1,350,1,1.98,0.77,91.39
40,40,6,350,2,1.08,1.16,110.43
21,40,3,350,1,0.62,0.33,46.03
37,40,3,350,0,0.58,0.26,66.51
44,40,3,350,0,1.21,0.97,86.12
21,40,0,350,1,1.14,0.62,43.0
43,40,3,350,1,3.25,0.86,98.65
30,40,3,350,1,2.04,0.72,68.85
44,40,4,350,0,0.99,0.36,84.19
39,40,3,350,0,2.68,1.42,79.3
43,40,1,350,2,1.04,0.85,106.51
44,40,1,350,1,1.87,1.07,97.27
43,40,6,350,0,3.1,1.48,93.75
21,40,4,350,0,0.66,0.52,35.45
22,40,5,350,1,1.84,0.28,52.45
21,40,0,350,1,0.73,1.48,47.47
22,40,2,350,0,3.17,0.96,38.98
33,40,0,350,2,1.05,0.9,83.64
37,40,3,350,0,3.31,0.43,70.01
41,40,4,350,1,3.19,1.37,98.9
32,40,4,350,2,2.12,0.58,87.54
38,40,2,350,2,2.98,0.7,98.46
20,40,4,350,2,2.91,0.38,61.41
28,40,1,350,1,2.31,1.19,64.03
29,40,4,350,0,2.27,0.57,54.39
34,40,4,350,0,1.89,0.35,63.52
38,40,2,350,0,2.39,0.61,70.6
32,40,5,350,2,2.46,0.86,91.15
24,40,5,350,1,1.41,0.48,57.47
39,40,2,350,2,0.99,0.69,98.7
29,40,5,350,0,0.92,0.74,55.81
40,40,0,350,1,0.93,1.08,86.16
34,40,2,350,0,2.22,0.7,62.37
42,40,6,350,1,2.35,0.61,99.4
26,40,2,350,0,2.41,0.98,46.97
42,40,1,350,2,0.89,0.34,101.35
41,40,3,350,0,2.88,1.24,82.76
44,40,5,350,0,3.23,0.63,89.51
45,40,0,350,2,1.57,1.43,112.85
41,40,2,350,0,0.88,1.17,78.79
40,40,0,350,0,2.42,0.77,72.39
26,40,3,350,1,1.37,1.33,63.09
22,40,3,350,0,2.87,0.69,38.89
38,40,4,350,0,0.83,0.71,73.14
44,40,4,350,1,3.03,0.33,99.32
45,40,6,350,1,0.98,1.02,106.87
28,40,1,350,0,1.54,0.85,48.0
36,40,1,350,0,1.1,1.07,65.99
29,40,3,350,0,3.47,0.69,54.47
27,40,3,350,0,2.4,1.32,52.73
44,40,1,350,2,1.58,0.79,108.82
33,40,1,350,1,1.04,0.73,70.98
39,40,0,350,1,1.35,1.06,84.29
23,40,3,350,1,2.9,1.0,56.21
30,40,5,350,1,1.92,0.53,71.1
20,40,1,350,0,1.25,0.59,29.1
38,40,3,350,1,1.45,0.72,85.46
26,40,6,350,0,0.56,0.34,48.49
27,40,6,350,2,1.54,1.29,83.71
27,40,5,350,0,0.93,0.42,49.72
32,40,6,350,2,1.41,1.32,94.48
32,40,1,350,2,3.36,0.52,83.21
40,40,0,350,2,0.54,1.0,98.74
40,40,3,350,0,1.89,0.64,76.31
38,40,5,350,1,0.93,0.98,89.87
36,40,4,350,1,1.54,0.94,84.21
33,40,6,350,0,3.28,1.26,71.23
31,40,4,350,1,1.67,1.16,74.85
29,40,0,350,2,2.5,0.58,74.6
31,40,5,350,0,0.61,0.48,58.34
29,40,0,350,2,2.16,1.4,78.91
43,40,0,350,0,0.75,1.14,79.36
21,40,0,350,1,2.33,0.35,42.59
25,40,5,350,1,1.63,0.98,62.64
32,40,6,350,1,1.83,0.7,77.98
42,40,5,350,0,1.41,0.39,82.17
32,40,6,350,0,1.11,1.07,65.99
28,40,0,350,2,0.77,0.92,72.76
20,40,2,350,0,0.65,1.42,34.94
40,40,3,350,2,1.41,0.44,101.54
41,40,1,350,2,3.4,0.33,101.48
23,40,3,350,0,0.57,1.04,40.87
40,40,1,350,0,1.65,1.28,76.27
38,40,2,350,0,1.38,1.18,72.88
43,40,6,350,0,1.69,0.31,85.84
27,40,5,350,1,1.65,1.34,68.98
39,40,3,350,1,1.82,0.77,88.23
24,40,1,350,2,0.85,0.84,65.52
32,40,2,350,1,0.92,0.89,71.34
44,40,6,350,2,3.13,0.66,118.1
33,40,5,350,1,2.13,0.96,80.15
43,40,1,350,1,2.15,1.28,96.57
29,40,3,350,2,2.39,0.78,80.77
32,40,1,350,0,1.51,1.02,57.51
28,40,4,350,0,2.31,0.62,52.56
33,40,5,350,1,0.71,0.88,78.38
30,40,4,350,2,3.03,1.46,89.06
40,40,1,350,0,0.81,1.22,75.15
37,40,6,350,0,0.51,0.68,73.96
42,40,2,350,0,1.31,0.49,77.5
26,40,5,350,2,1.01,1.46,80.32
37,40,2,350,0,2.7,1.08,71.4
35,40,2,350,2,0.87,1.39,93.95
44,40,4,350,2,3.25,0.56,114.22
32,40,4,350,0,3.39,1.44,66.77
36,40,5,350,2,2.51,0.47,97.58
31,40,4,350,1,3.49,0.99,75.58
34,40,0,350,1,2.27,0.55,71.54
42,40,4,350,2,1.61,0.73,109.36
21,40,2,350,0,0.99,0.73,33.51
42,40,6,350,0,0.64,1.47,89.26
43,40,5,350,0,0.71,0.33,83.33
22,40,5,350,0,3.19,0.73,42.85
34,40,1,350,1,1.34,0.76,73.58
22,40,3,350,0,2.1,1.33,41.79
44,40,2,350,2,1.21,0.44,108.22
37,40,3,350,0,3.37,1.33,75.14
25,40,6,350,1,1.58,0.64,62.39
40,40,4,350,1,0.68,0.74,90.86
39,40,1,350,2,2.44,0.77,98.78
45,40,3,350,2,3.21,0.89,116.47
43,40,1,350,1,2.61,0.65,93.44
45,40,2,350,0,3.02,0.63,86.32
28,40,2,350,0,2.86,1.36,53.82
35,40,2,350,2,1.93,0.61,90.54
41,40,5,350,1,2.34,0.45,94.63
31,40,0,350,0,2.79,0.38,51.23
38,40,2,350,0,1.89,0.7,70.64
30,40,0,350,0,3.26,0.64,50.99
29,40,5,350,2,1.21,0.26,80.17
44,40,1,350,2,2.43,1.32,112.6
37,40,4,350,0,1.52,1.43,75.7
31,40,0,350,1,0.78,0.46,63.21
42,40,2,350,0,2.11,0.81,80.05
22,40,0,350,2,2.49,1.15,62.79
22,40,4,350,0,1.42,0.37,37.45
27,40,3,350,0,1.81,1.43,52.81
32,40,2,350,0,1.17,0.54,56.2
29,40,2,350,1,3.11,0.81,66.49
27,40,0,350,0,1.37,1.23,46.13
20,40,4,350,1,2.98,0.51,48.8
22,40,5,350,0,2.99,0.67,42.32
34,40,1,350,0,1.26,0.94,61.12
45,40,5,350,0,1.81,1.36,94.45
31,40,2,350,0,2.61,1.23,59.29
26,40,6,350,2,0.51,1.15,79.82
22,40,6,350,0,1.66,1.48,47.37
31,40,4,350,2,0.69,0.72,84.85
35,40,6,350,2,2.16,0.97,99.64
24,40,0,350,0,1.26,0.29,34.29
41,40,3,350,2,0.93,1.24,107.75
20,40,2,350,2,0.95,1.08,60.1
22,40,4,350,1,2.56,1.47,58.12
20,40,3,350,2,3.16,0.61,61.22
27,40,0,350,2,1.15,1.05,71.71
25,40,3,350,1,1.68,1.07,59.77
24,40,0,350,2,2.14,0.38,62.41
42,40,6,350,1,3.21,1.1,102.97
32,40,2,350,0,0.93,0.81,57.5
45,40,6,350,2,1.98,0.75,119.68
23,40,0,350,0,1.89,0.56,34.25
39,40,1,350,1,1.56,1.24,87.21
25,40,1,350,1,1.22,0.72,53.93
30,40,0,350,1,0.9,0.83,63.27
40,40,3,350,2,0.83,1.39,106.35
31,40,2,350,0,2.45,1.36,59.87
29,40,6,350,2,3.41,0.91,87.59
42,40,2,350,1,0.77,1.01,93.33
40,40,1,350,2,2.18,0.83,101.02
26,40,3,350,1,3.42,1.23,64.43
37,40,2,350,1,3.18,0.91,84.28
21,40,3,350,1,3.3,1.16,53.2
26,40,0,350,2,1.71,0.5,66.98
37,40,2,350,0,1.91,0.64,68.18
44,40,0,350,1,2.71,1.35,97.91
40,40,1,350,0,1.56,0.62,72.46
30,40,3,350,1,1.27,1.17,70.67
20,40,0,350,2,2.08,0.73,55.75
22,40,0,350,2,0.58,1.42,62.54
43,40,2,350,1,0.89,0.29,91.53
36,40,3,350,1,1.88,0.57,80.73
33,40,3,350,1,3.02,1.25,79.19
30,40,5,350,1,0.64,0.63,70.47
25,40,5,350,1,2.37,1.36,65.47
32,40,0,350,0,1.89,0.73,54.51
20,40,3,350,2,2.99,0.32,59.43
34,40,6,350,0,2.45,1.35,73.11
32,40,5,350,2,1.78,0.8,90.18
27,40,5,350,0,1.07,1.39,55.32
23,40,6,350,1,1.39,1.19,61.03
34,40,0,350,1,2.69,1.0,74.47
24,40,1,350,1,3.34,1.44,57.82
24,40,6,350,0,1.83,0.58,46.74
36,40,6,350,1,0.72,1.17,88.17
39,40,0,350,0,2.63,1.27,73.26
21,40,0,350,0,3.43,0.85,33.03
42,40,2,350,2,2.32,0.91,107.61
25,40,6,350,0,1.6,1.12,51.72
43,40,6,350,0,1.48,0.97,89.37
27,40,3,350,0,3.22,1.09,52.2
35,40,6,350,1,2.67,0.43,83.67
42,40,2,350,1,3.2,0.83,94.58
22,40,0,350,1,1.8,0.54,45.31
38,40,4,350,0,2.67,0.55,73.95
21,40,6,350,0,3.16,1.48,46.62
30,40,2,350,0,0.82,1.21,55.37
40,40,5,350,2,2.99,0.41,106.26
41,40,1,350,2,1.5,1.18,104.51
41,40,4,350,0,2.55,1.22,84.05
20,40,1,350,1,2.24,1.32,47.54
29,40,4,350,2,2.92,0.8,83.09
25,40,1,350,0,3.3,0.29,40.04
23,40,4,350,0,1.75,1.49,46.22
27,40,3,350,2,3.28,1.37,80.64
38,40,1,350,1,1.73,1.39,86.07
21,40,1,350,2,1.83,1.28,62.48
38,40,1,350,1,2.02,1.23,85.44
41,40,4,350,1,0.68,0.58,92.11
24,40,3,350,2,2.62,1.18,72.51
40,40,5,350,0,3.47,0.57,80.81
43,40,6,350,1,2.06,1.39,105.68
45,40,1,350,2,2.65,0.91,112.64
35,40,6,350,0,2.23,0.44,69.92
29,40,4,350,2,0.6,0.38,78.56
42,40,1,350,2,3.18,0.67,105.34
24,40,5,350,0,1.66,1.22,48.48
42,40,2,350,0,1.96,0.74,79.51
25,40,6,350,1,1.81,1.42,67.0
28,40,5,350,2,1.2,1.23,83.48
23,40,6,350,0,1.9,1.34,48.95
40,40,0,350,2,1.82,0.43,96.72
38,40,3,350,2,1.34,1.42,102.71
20,40,4,350,2,2.07,0.71,62.49
28,40,6,350,0,1.23,0.47,54.14
32,40,6,350,2,3.43,1.36,96.59
27,40,0,350,0,1.98,0.48,42.46
34,40,0,350,1,1.9,1.03,73.91
39,40,1,350,1,1.81,0.81,85.02
27,40,2,350,1,0.97,1.4,63.54
25,40,2,350,0,0.74,1.46,45.98
43,40,2,350,1,1.73,0.39,92.87
26,40,6,350,0,3.12,0.68,52.79
23,40,4,350,1,3.22,0.43,55.01
41,40,5,350,1,2.63,1.21,99.19
28,40,0,350,1,0.64,0.45,56.59
27,40,3,350,1,2.44,0.34,60.64
39,40,6,350,1,0.7,0.41,90.3
23,40,4,350,1,3.37,1.38,60.51
35,40,1,350,0,1.36,0.37,60.14
26,40,0,350,0,2.07,1.36,45.37
39,40,5,350,0,3.16,1.43,83.23
33,40,6,350,2,2.24,1.0,95.59
25,40,6,350,0,1.34,0.73,49.27
42,40,6,350,2,2.04,1.14,115.5
33,40,2,350,0,0.52,0.53,57.69
38,40,5,350,0,2.42,0.69,76.22
23,40,5,350,1,1.69,0.49,55.64
35,40,5,350,1,2.11,0.8,83.52
24,40,2,350,1,2.82,1.14,57.36
29,40,3,350,2,1.26,1.12,81.64
42,40,3,350,2,1.56,0.28,105.06
25,40,2,350,2,2.84,1.12,72.81
36,40,1,350,2,2.66,1.07,94.24
43,40,2,350,1,3.44,1.05,98.18
38,40,5,350,0,1.77,0.47,74.38
21,40,5,350,0,2.05,0.3,37.21
43,40,0,350,2,3.04,0.68,105.7
34,40,2,350,0,0.98,0.92,62.46
35,40,6,350,1,1.03,0.89,84.74
38,40,6,350,0,1.16,0.91,78.01
36,40,2,350,0,3.08,1.28,70.73
22,40,0,350,1,0.6,0.76,45.43
30,40,4,350,2,1.61,1.5,87.96
42,40,0,350,2,0.98,0.89,102.82
24,40,5,350,1,3.43,1.48,64.99
33,40,5,350,0,2.46,0.44,64.13
22,40,0,350,1,1.28,0.61,45.22
39,40,6,350,1,2.19,1.03,95.19
35,40,4,350,1,1.93,1.03,82.94
23,40,0,350,2,0.65,0.35,58.71
36,40,5,350,1,2.91,0.94,87.2
45,40,6,350,1,2.23,1.06,108.26
28,40,0,350,2,2.66,0.43,71.76
37,40,0,350,2,3.3,0.82,93.86
40,40,2,350,1,0.53,0.73,87.24
21,40,4,350,1,2.28,0.83,52.1
39,40,0,350,2,2.95,1.47,101.49
38,40,0,350,2,2.64,1.24,97.76
37,40,3,350,0,1.2,0.5,68.44
22,40,3,350,2,2.64,0.26,63.05
36,40,0,350,1,2.78,0.53,76.19
20,40,3,350,2,2.18,0.92,62.06
26,40,5,350,2,3.17,1.16,80.63
39,40,2,350,2,2.19,1.46,104.15
39,40,2,350,1,2.15,1.31,89.87
29,40,0,350,0,0.73,1.0,48.52
40,40,2,350,0,3.14,0.3,73.84
44,40,3,350,2,2.43,1.19,115.29
34,40,6,350,0,2.69,0.82,70.34
23,40,3,350,0,1.45,0.72,39.89
44,40,1,350,1,3.46,0.84,97.45
25,40,4,350,2,1.83,1.1,75.19
22,40,0,350,2,2.16,1.49,64.4
29,40,4,350,0,2.65,1.17,58.13
25,40,1,350,0,3.03,1.01,43.85
28,40,3,350,2,3.29,1.15,81.55
34,40,3,350,2,2.56,1.2,94.02
23,40,5,350,0,0.82,0.81,43.24
40,40,6,350,2,3.47,1.39,113.95
21,40,6,350,0,2.32,1.17,44.09
29,40,2,350,0,1.83,0.44,49.82
28,40,4,350,1,3.0,1.29,70.38
43,40,2,350,0,2.45,0.96,83.36
28,40,6,350,0,2.73,1.29,60.16
44,40,5,350,0,3.1,0.72,89.9
34,40,4,350,1,1.02,1.42,82.14
39,40,4,350,2,2.7,0.35,101.8
32,40,2,350,1,1.95,0.49,70.05
39,40,6,350,0,1.25,0.51,77.98
33,40,6,350,1,3.05,1.28,84.53
42,40,3,350,0,2.5,1.17,84.16
28,40,0,350,2,1.78,1.09,74.66
45,40,1,350,0,3.01,1.23,87.98
26,40,6,350,2,1.52,0.3,75.96
34,40,6,350,1,3.31,1.48,88.04
36,40,1,350,1,1.98,1.0,79.82
29,40,4,350,0,1.96,0.3,52.58
27,40,4,350,2,2.69,0.27,75.6
21,40,6,350,2,3.33,1.04,71.09
27,40,6,350,2,2.81,0.45,80.15
33,40,3,350,1,2.33,0.64,75.1
30,40,2,350,2,1.47,0.77,80.29
42,40,5,350,0,2.06,0.33,82.44
21,40,2,350,2,2.66,0.94,63.05
31,40,4,350,1,1.48,0.7,72.08
25,40,2,350,1,3.07,1.18,59.96
39,40,2,350,1,1.99,1.24,89.33
39,40,1,350,2,0.85,1.04,98.83
45,40,2,350,0,2.64,0.77,86.75
25,40,6,350,2,1.33,0.83,76.63
43,40,1,350,1,3.27,0.32,92.2
31,40,4,350,0,2.14,1.14,61.77
45,40,1,350,0,2.7,0.92,85.94
38,40,3,350,2,1.67,0.28,96.59
29,40,4,350,2,0.89,1.39,84.53
42,40,3,350,0,0.91,1.08,82.17
32,40,3,350,2,2.34,0.95,88.12
32,40,3,350,0,2.58,0.67,59.96
30,40,5,350,2,2.83,0.78,86.75
41,40,2,350,0,2.77,0.56,77.11
42,40,2,350,0,1.74,0.92,80.33
36,40,4,350,0,2.19,0.74,70.29
32,40,3,350,2,1.46,1.11,88.2
21,40,2,350,1,3.07,0.79,49.18
44,40,6,350,1,2.48,0.89,105.39
21,40,5,350,2,3.36,0.75,67.77
38,40,2,350,2,3.15,0.94,99.97
36,40,6,350,2,2.49,0.66,100.34
26,40,6,350,2,0.85,1.28,80.87
45,40,1,350,1,3.29,0.25,96.11
26,40,0,350,1,1.7,1.18,57.41
38,40,1,350,2,0.9,1.09,97.01
45,40,2,350,1,3.28,0.54,99.45
43,40,4,350,1,1.08,0.93,98.74
30,40,0,350,1,0.63,0.59,61.66
26,40,6,350,0,1.97,1.22,54.77
25,40,3,350,2,3.29,0.83,73.31
38,40,2,350,1,2.72,1.19,87.58
44,40,5,350,0,2.69,0.3,87.15
27,40,6,350,1,2.34,0.83,68.46
37,40,3,350,1,3.0,1.23,87.64
26,40,5,350,0,0.74,1.31,52.42
20,40,6,350,2,0.77,1.05,66.62
39,40,1,350,1,1.31,0.44,82.47
21,40,6,350,2,2.25,1.33,71.72
31,40,0,350,0,0.73,1.11,53.43
36,40,2,350,2,1.94,0.5,92.07
25,40,2,350,1,3.12,1.19,60.07
29,40,2,350,2,2.82,0.7,79.0
35,40,0,350,2,2.93,0.91,89.73
22,40,4,350,1,3.33,1.43,58.61
37,40,1,350,0,1.9,1.29,70.12
38,40,2,350,2,2.24,1.2,100.59
44,40,3,350,0,1.26,1.16,87.24
42,40,1,350,0,3.31,1.14,81.31
37,40,0,350,0,1.66,1.14,67.34
23,40,2,350,1,2.56,0.51,51.42
23,40,2,350,1,0.58,1.36,54.37
39,40,4,350,1,1.97,0.65,89.41
32,40,3,350,2,2.32,0.78,87.14
42,40,3,350,0,2.47,1.28,84.75
41,40,1,350,2,3.39,0.54,102.66
43,40,1,350,1,2.99,0.49,92.89
39,40,0,350,2,2.89,1.34,100.7
27,40,3,350,0,0.93,1.11,50.18
28,40,1,350,1,1.19,0.81,60.85
36,40,4,350,0,1.16,0.52,68.09
26,40,1,350,1,2.88,1.27,60.73
32,40,5,350,2,2.15,1.37,93.74
42,40,2,350,0,2.96,0.7,80.22
24,40,5,350,0,0.57,0.8,45.09
33,40,3,350,1,2.06,0.57,74.46
31,40,5,350,1,2.17,1.39,78.32
22,40,3,350,2,3.26,0.67,65.94
39,40,3,350,0,0.65,0.29,71.04
23,40,2,350,0,2.07,1.06,40.67
29,40,6,350,0,1.58,0.34,55.88
21,40,3,350,1,1.43,0.67,48.7
27,40,4,350,0,2.18,0.7,50.75
29,40,3,350,2,2.85,0.26,78.26
28,40,4,350,2,2.39,1.04,81.81
29,40,6,350,0,2.56,1.37,62.6
26,40,5,350,0,2.64,0.95,52.15
22,40,1,350,2,2.98,0.43,60.9
24,40,1,350,2,3.16,0.52,65.87
39,40,0,350,2,1.77,1.22,98.98
36,40,0,350,1,2.12,0.3,74.28
25,40,0,350,1,1.46,1.33,55.88
21,40,3,350,2,3.35,1.41,68.06
23,40,0,350,0,2.81,1.0,37.59
32,40,2,350,0,1.98,1.07,59.94
21,40,6,350,1,2.22,1.06,56.77
32,40,2,350,1,2.12,0.83,72.12
35,40,0,350,2,3.13,1.0,90.43
21,40,2,350,2,2.46,0.46,60.16
43,40,4,350,0,0.64,0.38,81.83
30,40,0,350,2,1.32,1.13,78.75
35,40,4,350,2,1.14,1.09,95.94
35,40,2,350,1,1.63,0.96,78.83
42,40,4,350,1,2.68,1.39,100.68
22,40,6,350,1,1.87,1.05,58.54
21,40,1,350,0,2.77,0.68,33.17
23,40,3,350,0,2.11,1.19,43.15
39,40,4,350,1,2.74,0.52,89.39
45,40,4,350,2,0.74,0.65,114.54
42,40,6,350,2,2.74,1.44,117.85
30,40,3,350,1,3.41,1.18,72.72
30,40,0,350,0,2.65,0.27,48.34
30,40,0,350,2,0.95,0.63,75.59
41,40,4,350,0,2.1,0.58,80.03
42,40,3,350,1,2.33,1.3,98.13
29,40,3,350,2,1.16,0.55,78.33
25,40,0,350,0,0.82,0.67,38.17
44,40,4,350,0,1.18,1.09,88.48
33,40,1,350,0,3.1,0.58,58.65
32,40,6,350,0,2.74,1.27,68.64
21,40,6,350,2,2.46,0.37,66.51
23,40,2,350,1,1.43,0.72,51.55
32,40,1,350,0,3.14,0.36,55.3
21,40,6,350,0,2.87,0.62,41.5
23,40,6,350,2,1.03,0.6,70.76
45,40,4,350,1,1.71,1.35,105.99
36,40,2,350,1,3.19,0.39,79.21
44,40,0,350,0,2.59,0.46,79.38
38,40,2,350,1,1.23,1.04,85.35
43,40,0,350,0,3.01,1.28,82.25
30,40,4,350,2,1.82,0.42,82.07
26,40,3,350,2,2.05,0.66,73.34
32,40,4,350,1,2.12,0.86,75.72
29,40,6,350,2,2.45,0.91,86.7
38,40,4,350,2,2.15,1.13,103.54
40,40,2,350,1,2.14,1.17,91.22
40,40,1,350,1,1.05,0.47,84.54
22,40,0,350,0,3.13,0.29,31.74
33,40,0,350,2,3.47,1.34,88.37
20,40,3,350,2,3.27,1.45,66.06
37,40,5,350,0,2.43,0.71,74.2
23,40,2,350,1,2.69,0.99,54.25
24,40,0,350,2,2.71,0.93,66.05
42,40,1,350,2,2.68,1.0,106.74
44,40,0,350,2,1.35,0.54,105.48
30,40,6,350,1,1.49,0.48,72.13
38,40,2,350,0,2.05,0.78,71.24
30,40,0,350,1,1.26,1.41,66.87
31,40,2,350,2,1.5,1.01,83.81
34,40,5,350,0,3.34,0.73,68.72
21,40,5,350,2,2.27,1.41,70.48
24,40,5,350,0,1.45,1.02,47.15
42,40,3,350,1,0.8,0.68,93.21
28,40,0,350,1,1.54,0.42,57.26
33,40,0,350,2,0.95,0.61,81.91
43,40,5,350,1,0.67,1.38,102.61
31,40,2,350,0,1.72,0.6,54.91
26,40,5,350,1,3.15,1.15,67.16
41,40,4,350,2,2.09,0.91,108.68
45,40,5,350,1,1.4,0.73,103.92
42,40,0,350,0,2.44,1.42,80.37
28,40,2,350,2,1.24,1.11,77.7
40,40,0,350,1,3.08,1.31,89.45
25,40,5,350,0,1.42,0.62,47.01
38,40,0,350,2,0.65,1.18,95.57
37,40,6,350,1,0.57,1.44,91.7
37,40,5,350,1,1.23,0.4,84.74
23,40,1,350,1,0.6,1.3,52.34
26,40,3,350,0,0.53,0.58,44.68
21,40,1,350,0,2.21,1.41,36.77
43,40,4,350,2,3.26,1.47,117.21
28,40,1,350,0,1.99,1.23,50.56
21,40,2,350,2,1.03,0.3,57.92
26,40,1,350,1,0.72,0.65,55.22
20,40,1,350,2,1.21,0.38,54.68
25,40,0,350,0,0.53,0.74,38.29
33,40,6,350,2,3.47,0.36,93.13
30,40,6,350,2,1.16,1.32,89.96
31,40,1,350,2,0.89,0.7,79.78
33,40,6,350,1,1.17,1.06,81.54
41,40,2,350,0,1.33,1.43,80.68
29,40,3,350,2,3.37,0.77,81.62
33,40,6,350,0,3.45,1.02,70.03
30,40,1,350,0,1.61,1.36,55.23
24,40,1,350,1,3.06,0.4,51.7
29,40,0,350,2,0.69,1.36,77.32
23,40,6,350,0,3.35,1.23,49.67
35,40,3,350,2,2.09,1.43,97.03
40,40,4,350,1,3.32,1.47,97.44
42,40,6,350,2,2.63,0.61,113.06
44,40,1,350,1,2.56,1.12,98.19
39,40,5,350,2,1.21,0.98,105.68
30,40,3,350,2,1.12,0.66,81.06
27,40,3,350,0,1.44,1.19,51.11
32,40,2,350,0,1.04,0.36,55.07
42,40,6,350,0,2.5,0.86,87.55
25,40,5,350,1,2.11,0.42,59.93
35,40,1,350,0,2.53,0.71,63.15
31,40,2,350,0,1.74,0.62,55.04
25,40,3,350,2,2.09,1.08,73.6
32,40,0,350,1,2.3,0.43,66.6
40,40,1,350,2,2.96,0.77,101.41
45,40,4,350,0,2.12,0.32,87.16
28,40,5,350,0,2.51,0.88,55.93
36,40,0,350,1,1.28,0.42,74.18
24,40,4,350,0,2.15,0.93,45.58
30,40,3,350,2,2.57,1.31,86.07
34,40,0,350,2,2.03,1.49,90.02
41,40,5,350,1,1.02,0.7,94.81
26,40,2,350,2,1.47,0.42,69.73
31,40,5,350,2,2.84,0.98,90.03
33,40,0,350,2,2.17,0.5,82.42
44,40,0,350,2,1.26,1.02,108.1
43,40,4,350,1,3.13,0.85,100.2
38,40,0,350,2,2.25,0.78,94.8
44,40,3,350,2,2.37,0.78,112.93
29,40,6,350,2,2.52,0.88,86.6
25,40,0,350,1,1.6,0.77,52.86
37,40,2,350,1,2.33,0.69,82.25
31,40,6,350,0,2.2,1.16,65.37
38,40,2,350,2,2.1,1.0,99.33
26,40,3,350,1,2.66,1.2,63.55
25,40,3,350,2,1.53,1.48,75.34
42,40,4,350,1,1.96,1.48,100.52
22,40,4,350,1,1.09,0.61,51.9
21,40,5,350,1,2.36,0.26,50.68
26,40,1,350,2,2.34,0.27,67.98
26,40,0,350,2,3.39,0.35,67.7
24,40,0,350,0,0.78,1.15,38.69
27,40,4,350,1,1.72,0.91,64.9
41,40,2,350,2,0.68,1.25,105.86
36,40,1,350,1,1.09,1.39,81.19
29,40,6,350,2,3.0,1.12,88.4
27,40,4,350,2,1.34,1.03,78.63
35,40,2,350,2,3.38,0.96,93.86
32,40,6,350,2,1.03,0.37,88.77
21,40,4,350,0,2.86,0.4,36.82
43,40,2,350,1,1.6,0.66,94.27
23,40,5,350,1,2.75,0.46,56.46
32,40,1,350,2,2.47,1.39,87.29
21,40,2,350,0,2.94,1.18,37.86
20,40,2,350,0,2.0,1.35,35.8
36,40,2,350,0,1.68,0.35,64.18
41,40,2,350,0,2.44,0.98,79.17
38,40,1,350,2,0.97,1.48,99.27
29,40,5,350,1,0.58,0.28,66.3
35,40,0,350,0,1.12,0.34,58.03
28,40,5,350,0,2.9,1.46,59.56
25,40,6,350,2,1.53,0.9,77.21
42,40,1,350,1,3.36,1.1,94.53
40,40,5,350,1,3.03,0.67,94.37
29,40,0,350,1,2.73,0.61,61.58
22,40,4,350,1,2.56,0.37,51.91
31,40,1,350,0,3.23,0.72,55.27
29,40,6,350,2,2.64,0.55,84.85
32,40,0,350,0,1.07,0.45,52.17
25,40,1,350,0,0.61,0.96,41.32
22,40,0,350,2,2.47,0.47,58.94
40,40,5,350,1,1.9,0.73,93.66
41,40,0,350,2,2.6,0.5,99.98
35,40,6,350,0,1.22,0.5,69.32
37,40,2,350,2,2.1,0.56,94.7
32,40,0,350,1,3.28,0.29,66.73
26,40,1,350,1,1.63,1.05,58.32
39,40,4,350,0,3.45,0.65,77.39
45,40,1,350,2,2.0,0.49,109.66
44,40,4,350,1,1.14,1.27,102.86
20,40,0,350,0,1.13,1.39,31.79
31,40,3,350,2,3.19,0.78,85.8
35,40,2,350,1,0.88,0.4,74.98
44,40,2,350,2,2.95,1.43,115.42
29,40,3,350,2,2.0,0.66,79.73
32,40,6,350,0,1.37,0.7,64.15
39,40,4,350,1,0.66,0.98,90.05
28,40,4,350,2,0.57,1.14,80.68
34,40,1,350,2,1.23,0.7,86.54
22,40,4,350,0,0.52,0.84,39.27
26,40,3,350,0,1.94,0.72,46.78
41,40,6,350,0,2.85,0.81,85.45
25,40,1,350,1,0.92,0.87,54.5
21,40,4,350,2,0.79,1.42,67.45
21,40,0,350,0,1.8,1.32,34.16
32,40,4,350,2,1.87,0.46,86.63
43,40,0,350,1,1.46,1.07,93.03
40,40,1,350,1,2.95,1.17,90.26
37,40,1,350,2,2.33,0.48,92.75
27,40,6,350,1,2.75,1.14,70.59
44,40,2,350,0,1.3,0.75,83.25
25,40,0,350,1,3.46,0.74,54.42
22,40,0,350,0,1.93,1.31,36.37
21,40,1,350,2,3.31,0.52,59.57
36,40,3,350,1,2.78,1.35,85.96
30,40,4,350,0,3.37,1.01,60.04
33,40,3,350,2,0.53,1.36,90.89
34,40,2,350,1,2.74,1.46,80.54
44,40,5,350,1,1.88,0.32,99.9
33,40,0,350,0,1.97,1.37,60.34
33,40,3,350,2,1.96,0.7,88.5
26,40,1,350,2,1.21,0.95,70.77
30,40,3,350,0,1.88,1.08,57.33
35,40,1,350,1,3.34,1.45,81.47
20,40,0,350,0,0.74,1.3,30.92
24,40,0,350,2,3.33,0.53,64.37
29,40,5,350,0,2.2,0.69,56.71
34,40,2,350,0,1.12,1.37,65.13
35,40,4,350,0,3.22,0.95,70.28
31,40,4,350,0,1.84,1.48,63.41
21,40,5,350,1,2.38,1.07,55.26
33,40,0,350,1,3.39,1.44,75.46
29,40,0,350,0,0.84,0.82,47.61
35,40,2,350,2,0.76,1.42,94.02
38,40,1,350,2,2.01,1.3,99.23
24,40,0,350,1,1.0,0.25,47.22
39,40,1,350,2,2.08,0.51,96.98
31,40,1,350,2,0.85,1.41,83.75
30,40,4,350,0,3.11,1.43,62.16
33,40,4,350,2,0.67,1.02,90.82
28,40,2,350,2,2.07,0.63,75.77
24,40,2,350,1,2.28,1.31,57.82
21,40,2,350,2,0.9,1.32,63.56
39,40,6,350,1,3.4,0.66,94.23
35,40,4,350,1,2.78,0.41,80.23
29,40,1,350,2,3.46,0.99,79.52
31,40,3,350,2,0.58,1.46,87.21
34,40,0,350,0,0.62,0.38,55.65
43,40,3,350,1,2.35,0.88,97.93
36,40,6,350,2,3.14,1.2,103.99
32,40,2,350,2,3.06,0.86,86.56
24,40,5,350,0,2.52,0.64,46.0
24,40,5,350,0,1.59,0.92,46.72
43,40,2,350,2,2.55,1.16,111.38
43,40,3,350,1,1.54,1.42,100.22
40,40,6,350,0,1.22,0.75,81.45
37,40,5,350,1,2.54,1.46,91.93
20,40,6,350,2,3.47,0.72,67.27
35,40,4,350,1,1.29,1.05,82.45
41,40,2,350,1,2.67,1.41,95.21
22,40,1,350,2,1.87,1.34,65.0
37,40,6,350,2,2.96,1.17,105.8
39,40,0,350,2,0.65,0.59,94.39
33,40,5,350,0,2.45,0.7,65.58
21,40,5,350,2,2.62,1.16,69.4
40,40,0,350,2,0.79,0.48,96.04
39,40,3,350,2,3.35,1.11,104.97
22,40,4,350,1,0.93,0.83,52.99
21,40,4,350,2,0.93,0.64,63.18
32,40,4,350,1,2.14,1.42,78.9
26,40,5,350,1,3.14,0.49,63.43
23,40,2,350,0,1.09,1.35,41.39
33,40,1,350,1,2.41,0.45,70.68
32,40,4,350,2,1.44,0.6,87.02
23,40,1,350,1,0.91,1.26,52.4
40,40,4,350,1,0.69,0.39,88.9
23,40,4,350,2,1.91,1.2,71.54
45,40,2,350,2,3.39,1.36,117.58
23,40,2,350,0,3.16,0.88,40.67
37,40,1,350,2,2.15,1.43,97.94
36,40,2,350,0,2.8,1.34,70.81
45,40,4,350,1,2.49,0.78,103.5
32,40,5,350,0,3.19,0.72,64.24
44,40,5,350,1,3.46,0.26,101.04
40,40,0,350,2,0.57,1.12,99.45
42,40,0,350,1,1.26,0.77,89.0
37,40,3,350,0,1.58,0.6,69.36
33,40,3,350,0,2.81,0.62,62.04
43,40,6,350,2,2.57,1.31,119.1
21,40,4,350,2,0.94,1.39,67.42
30,40,0,350,2,2.77,1.1,79.93
31,40,4,350,1,0.91,1.12,73.92
22,40,4,350,0,3.01,0.39,39.05
20,40,0,350,2,1.67,1.44,59.37
31,40,6,350,1,2.01,0.35,74.02
45,40,4,350,0,2.03,1.05,91.19
26,40,5,350,2,1.96,1.44,81.09
37,40,6,350,0,3.05,0.36,74.52
34,40,2,350,0,2.02,1.24,65.23
45,40,4,350,1,1.75,1.27,105.57
45,40,1,350,1,2.47,1.45,102.11
31,40,3,350,2,2.3,0.29,82.21
26,40,6,350,0,0.72,1.32,54.17
20,40,5,350,1,3.16,0.69,51.7
42,40,1,350,1,0.93,0.29,87.7
36,40,4,350,0,0.72,0.57,67.96
32,40,0,350,1,3.06,0.33,66.75
39,40,2,350,0,2.67,0.53,72.56
41,40,0,350,1,2.61,0.87,88.68
20,40,0,350,0,0.99,1.0,29.46
34,40,3,350,0,3.11,0.66,64.69
20,40,6,350,0,0.51,0.44,36.14
27,40,0,350,2,0.93,0.65,69.25
30,40,6,350,1,1.03,1.12,75.31
22,40,5,350,2,3.42,1.22,72.62
26,40,3,350,1,3.41,1.32,64.93
37,40,4,350,1,1.46,0.27,82.5
28,40,0,350,0,2.79,0.83,47.34
39,40,5,350,1,2.0,0.66,91.21
26,40,0,350,1,1.91,1.28,58.17
41,40,5,350,2,2.54,0.36,107.71
26,40,3,350,1,2.85,0.39,59.16
44,40,1,350,0,3.12,1.4,86.89
23,40,3,350,0,0.58,1.26,42.12
42,40,3,350,0,2.75,0.5,80.61
33,40,1,350,0,2.97,0.71,59.27
43,40,1,350,2,1.17,0.88,106.8
44,40,4,350,0,3.2,1.43,92.28
36,40,6,350,0,0.81,0.26,69.73
24,40,6,350,1,1.27,0.71,60.35
27,40,0,350,2,3.05,0.74,71.73
39,40,5,350,0,3.35,1.5,83.8
30,40,1,350,1,2.65,0.26,63.4
44,40,0,350,2,1.18,0.38,104.42
36,40,0,350,2,2.6,0.87,91.34
32,40,0,350,1,0.85,1.39,70.67
44,40,4,350,0,2.14,1.05,89.15
29,40,4,350,2,1.88,1.0,83.25
41,40,6,350,0,3.27,0.77,85.61
39,40,6,350,2,1.35,0.52,104.93
34,40,4,350,2,2.46,0.76,93.16
36,40,1,350,2,3.49,0.68,92.82
39,40,5,350,0,1.77,0.7,77.82
42,40,4,350,1,2.64,1.01,98.5
26,40,5,350,2,3.38,1.39,82.12
26,40,5,350,2,2.95,0.35,75.86
24,40,4,350,0,1.66,0.35,41.85
30,40,1,350,1,1.0,0.33,62.26
21,40,0,350,0,2.23,0.87,32.03
45,40,0,350,0,1.42,0.89,82.87
28,40,3,350,0,3.3,0.76,52.56
40,40,3,350,0,1.63,0.81,77.03
44,40,0,350,2,2.23,1.27,110.42
35,40,5,350,0,1.99,0.71,69.5
25,40,4,350,0,2.79,0.36,45.11
31,40,4,350,2,2.52,0.92,87.68
24,40,5,350,0,1.38,0.25,42.74
26,40,5,350,0,2.6,0.54,49.81
27,40,4,350,1,0.69,0.29,60.45
41,40,5,350,0,1.33,0.41,80.07
42,40,5,350,1,2.05,0.87,98.87
30,40,0,350,2,1.44,0.99,78.07
40,40,5,350,1,0.67,0.73,92.51
42,40,6,350,1,1.95,0.89,100.61
21,40,5,350,1,2.75,0.42,51.94
28,40,5,350,2,3.14,0.61,81.79
44,40,2,350,1,1.89,0.97,98.44
24,40,5,350,2,1.03,0.84,72.55
29,40,5,350,0,1.36,1.2,58.81
42,40,6,350,0,3.01,0.38,85.32
20,40,6,350,1,2.15,0.37,50.67
21,40,2,350,1,2.64,0.4,46.58
28,40,4,350,0,3.4,0.53,53.07
25,40,1,350,0,3.28,0.86,43.24
44,40,4,350,1,0.82,0.43,97.82
43,40,1,350,0,2.04,1.26,82.95
31,40,1,350,0,2.52,0.27,52.08
32,40,2,350,0,1.44,0.67,57.19
32,40,5,350,1,2.05,0.48,75.23
37,40,0,350,0,1.27,0.32,62.35
28,40,6,350,0,1.73,1.33,59.46
21,40,5,350,2,1.49,1.24,68.8
42,40,1,350,2,3.41,0.42,104.14
40,40,2,350,1,2.69,0.98,90.66
23,40,3,350,2,1.73,1.26,69.99
25,40,6,350,2,2.56,1.1,79.3
28,40,3,350,0,2.57,1.16,54.14
25,40,0,350,1,2.77,0.54,52.65
21,40,6,350,2,1.64,1.17,70.25
39,40,3,350,0,1.02,0.54,72.79
23,40,5,350,0,1.51,0.52,42.24
40,40,2,350,2,2.41,0.57,101.48
45,40,3,350,2,2.42,0.86,115.57
44,40,4,350,1,1.88,1.42,104.39
24,40,1,350,0,1.97,0.45,37.56
42,40,2,350,2,2.88,1.28,110.22
25,40,2,350,0,3.07,0.66,43.63
22,40,6,350,0,2.96,1.27,47.39
44,40,3,350,1,1.49,0.5,97.13
29,40,5,350,2,1.88,1.13,85.7
22,40,0,350,0,0.57,1.5,36.18
20,40,2,350,0,1.91,0.9,33.18
34,40,5,350,1,1.47,0.68,80.1
36,40,4,350,0,0.89,1.3,72.24
31,40,4,350,2,3.27,0.98,88.72
39,40,0,350,1,1.81,1.04,84.6
45,40,1,350,0,1.82,0.64,83.54
42,40,0,350,1,2.46,0.55,88.88
26,40,6,350,0,1.17,0.58,50.42
27,40,6,350,2,1.91,0.43,79.2
40,40,1,350,1,1.77,0.97,88.03
21,40,5,350,2,2.64,0.87,67.78
32,40,5,350,1,2.53,0.45,75.5
25,40,5,350,1,0.69,0.73,60.36
41,40,6,350,0,2.15,0.26,81.7
26,40,1,350,1,1.25,1.11,58.31
26,40,5,350,0,1.8,1.25,53.07
32,40,6,350,0,0.82,1.08,65.78
34,40,2,350,2,3.23,0.26,87.63
23,40,0,350,2,1.62,1.4,65.54
38,40,4,350,2,1.55,0.67,100.39
32,40,3,350,1,0.78,0.95,73.27
32,40,3,350,1,3.36,0.68,74.14
39,40,0,350,1,1.77,0.96,84.12
20,40,6,350,1,2.39,0.73,52.93
22,40,5,350,2,0.83,1.41,71.29
31,40,3,350,1,3.43,0.76,72.51
38,40,4,350,2,1.82,0.44,99.34
42,40,5,350,0,2.38,0.86,85.73
21,40,1,350,0,1.82,0.45,30.99
39,40,0,350,2,1.51,1.42,99.87
43,40,2,350,0,2.01,1.23,84.47
42,40,1,350,0,2.57,0.36,76.22
42,40,0,350,1,2.51,0.9,90.9
25,40,4,350,0,1.24,0.81,46.2
23,40,6,350,0,1.0,0.76,44.84
21,40,5,350,2,1.18,1.43,69.58
45,40,2,350,1,2.24,0.93,100.68
20,40,1,350,0,0.51,0.4,27.34
26,40,1,350,1,3.13,0.94,59.1
30,40,1,350,2,2.9,1.22,82.44
22,40,1,350,1,1.13,0.38,45.5
39,40,1,350,1,1.35,1.18,86.68
43,40,1,350,2,0.98,0.51,104.54
20,40,6,350,0,3.04,1.26,43.12
32,40,1,350,1,1.37,0.64,68.64
34,40,2,350,2,1.32,1.26,91.49
26,40,2,350,1,3.2,0.78,59.97
42,40,5,350,2,3.24,0.66,112.2
37,40,0,350,2,3.24,0.88,94.14
36,40,0,350,0,3.41,0.88,65.35
23,40,4,350,2,1.26,1.42,72.17
28,40,6,350,1,2.19,0.5,68.6
25,40,0,350,1,2.5,1.17,55.95
32,40,1,350,1,3.42,0.66,70.66
44,40,5,350,1,2.39,0.56,101.73
22,40,5,350,2,1.16,1.21,70.46
33,40,3,350,0,2.27,1.17,64.64
44,40,0,350,1,1.51,1.22,96.07
36,40,1,350,2,1.46,0.68,90.93
39,40,0,350,1,1.87,0.79,83.25
40,40,3,350,2,1.54,1.3,106.51
37,40,1,350,0,1.67,1.11,68.89
30,40,4,350,2,0.52,0.54,81.54
39,40,0,350,2,0.53,0.46,93.54
22,40,6,350,1,1.59,0.78,56.75
28,40,3,350,2,2.43,1.15,80.75
20,40,2,350,0,0.67,0.61,30.39
22,40,4,350,2,1.27,0.46,64.62
29,40,0,350,0,1.59,1.09,49.83
22,40,2,350,2,1.12,0.68,62.3
44,40,3,350,1,3.09,1.35,103.41
21,40,0,350,0,2.88,1.1,33.93
24,40,6,350,1,2.18,0.65,60.86
20,40,6,350,0,1.0,1.32,41.56
31,40,6,350,1,0.88,0.32,72.8
39,40,2,350,1,2.64,0.57,86.15
41,40,4,350,0,2.75,1.25,84.41
20,40,0,350,1,0.69,1.11,43.2
43,40,2,350,2,3.11,1.27,112.52
30,40,4,350,1,0.67,0.28,66.81
44,40,0,350,2,1.6,0.92,107.86
33,40,4,350,2,2.21,0.33,88.36
21,40,2,350,2,3.26,1.09,64.45
32,40,2,350,0,2.23,1.36,61.81
30,40,0,350,2,3.27,1.18,80.85
20,40,6,350,0,0.51,0.71,37.66
31,40,6,350,2,2.68,1.06,92.05
21,40,2,350,0,3.25,0.71,35.5
32,40,2,350,2,2.28,0.95,86.35
32,40,1,350,0,3.36,0.67,57.26
34,40,6,350,1,2.85,0.56,82.42
45,40,2,350,0,3.32,1.04,88.91
32,40,3,350,0,1.54,0.87,60.12
40,40,1,350,1,1.6,0.94,87.7
30,40,0,350,2,1.07,0.26,73.61
43,40,5,350,1,1.82,0.51,98.78
40,40,5,350,0,2.81,1.34,84.54
45,40,0,350,1,3.41,1.22,99.98
36,40,4,350,2,3.0,0.58,96.94
30,40,0,350,2,3.41,0.82,78.95
38,40,5,350,2,3.39,1.16,106.58
24,40,5,350,2,2.26,0.8,73.47
32,40,6,350,0,3.49,1.29,69.45
24,40,5,350,1,1.57,1.42,62.92
26,40,0,350,1,2.27,0.8,55.79
30,40,5,350,0,3.13,1.15,62.32
30,40,1,350,0,2.28,0.97,53.66
36,40,0,350,0,1.03,1.17,64.78
44,40,1,350,2,2.46,0.9,110.26
32,40,0,350,1,1.91,1.1,70.02
37,40,3,350,2,1.63,0.63,96.38
31,40,2,350,2,2.17,0.91,83.87
22,40,2,350,2,1.19,0.95,63.88
31,40,0,350,0,2.75,1.04,54.92
21,40,0,350,1,0.93,0.73,43.43
41,40,0,350,2,2.37,0.66,100.67
36,40,6,350,1,3.34,1.42,92.02
44,40,4,350,0,2.01,1.08,89.2
39,40,1,350,1,1.73,1.0,86.02
41,40,0,350,1,1.53,1.25,89.82
26,40,6,350,0,1.36,1.21,54.14
44,40,0,350,0,2.93,1.21,83.93
36,40,2,350,1,2.44,0.48,79.02
20,40,3,350,0,2.37,0.44,32.73
32,40,1,350,1,1.16,0.74,69.01
29,40,5,350,0,1.41,1.5,60.55
38,40,6,350,2,0.97,1.4,107.39
44,40,0,350,2,0.75,0.87,106.78
31,40,2,350,2,2.37,0.69,82.82
33,40,3,350,1,0.51,0.74,73.98
45,40,1,350,1,3.5,0.63,98.45
23,40,4,350,1,2.86,1.37,59.98
30,40,3,350,2,0.93,1.0,82.8
27,40,3,350,2,1.71,0.74,75.62
23,40,4,350,2,1.36,0.6,67.64
32,40,1,350,2,2.31,1.38,87.09
42,40,3,350,2,1.7,0.76,107.9
27,40,4,350,0,3.34,0.56,51.04
28,40,6,350,2,0.61,1.34,85.27
30,40,1,350,1,1.5,1.31,68.25
24,40,0,350,2,1.05,1.0,64.9
44,40,1,350,0,1.63,0.72,81.67
40,40,1,350,0,1.93,0.98,74.84
43,40,5,350,0,0.52,1.46,89.52
31,40,2,350,1,3.22,0.96,71.73
43,40,3,350,2,1.94,1.13,112.36
41,40,1,350,1,0.57,0.63,87.14
29,40,6,350,1,2.53,0.96,73.66
39,40,5,350,1,1.7,0.85,92.0
29,40,0,350,2,2.04,1.49,79.31
27,40,0,350,2,2.22,1.1,72.98
22,40,0,350,1,1.13,0.6,45.02
33,40,1,350,1,2.37,0.62,71.6
27,40,3,350,2,2.39,0.42,74.45
38,40,0,350,1,2.85,1.45,85.74
37,40,3,350,2,2.82,0.66,97.65
28,40,2,350,2,2.33,1.32,79.9
45,40,3,350,2,1.54,0.81,114.47
40,40,4,350,2,2.55,1.23,108.77
34,40,1,350,2,2.16,1.03,89.26
20,40,2,350,2,2.56,1.39,63.35
33,40,5,350,1,3.02,0.38,77.71
24,40,0,350,0,2.32,0.28,35.22
33,40,4,350,1,3.35,1.12,80.47
41,40,0,350,0,3.32,1.13,77.41
29,40,5,350,0,2.72,0.5,56.13
32,40,4,350,2,1.09,0.88,88.27
29,40,1,350,1,3.06,0.28,61.74
36,40,0,350,1,1.25,0.59,75.11
20,40,0,350,2,1.86,0.34,53.35
32,40,2,350,0,1.71,1.27,60.82
30,40,1,350,1,2.87,1.23,69.07
35,40,2,350,1,2.36,0.79,78.55
37,40,5,350,0,0.91,1.4,76.68
39,40,4,350,0,0.55,0.84,75.76
43,40,3,350,2,2.36,1.34,113.93
43,40,5,350,1,1.46,1.15,102.05
21,40,0,350,2,2.96,1.1,60.8
39,40,6,350,2,1.89,0.92,107.69
44,40,4,350,0,2.59,0.39,85.85
32,40,4,350,1,3.08,1.08,77.85
26,40,5,350,0,0.59,0.6,48.27
37,40,4,350,0,2.38,1.03,74.24
44,40,4,350,1,2.91,0.3,99.04
38,40,4,350,0,2.81,1.35,78.59
44,40,2,350,0,2.71,0.65,83.99
23,40,5,350,1,1.96,1.3,60.46
33,40,2,350,0,2.38,1.32,63.87
44,40,5,350,0,1.66,1.29,91.77
32,40,2,350,1,2.2,1.1,73.72
29,40,6,350,1,1.99,0.65,71.41
34,40,5,350,1,1.3,0.85,80.9
35,40,1,350,2,2.21,1.06,91.62
32,40,1,350,0,2.8,0.29,54.59
41,40,0,350,1,3.26,0.6,87.76
31,40,6,350,2,2.8,0.75,90.41
38,40,1,350,0,3.12,0.64,69.74
43,40,6,350,1,0.92,0.51,99.65
45,40,5,350,1,0.7,0.41,101.46
25,40,2,350,1,3.13,0.39,55.56
34,40,5,350,2,3.16,1.25,98.29
27,40,4,350,1,2.73,1.11,66.97
42,40,0,350,1,1.42,0.4,87.07
33,40,6,350,1,0.8,1.48,83.56
40,40,4,350,0,2.04,0.55,77.66
24,40,3,350,1,2.06,0.64,55.55
31,40,3,350,1,3.41,1.29,75.48
37,40,5,350,1,1.98,0.86,88.03
32,40,2,350,1,0.71,1.39,73.97
21,40,5,350,2,0.84,0.74,65.37
41,40,6,350,1,0.96,1.4,100.42
21,40,3,350,0,2.87,1.46,41.09
44,40,1,350,1,2.4,1.06,97.7
26,40,4,350,2,1.38,1.47,79.0
29,40,3,350,1,0.77,1.12,67.78
20,40,3,350,0,2.83,0.72,34.74
44,40,2,350,1,1.22,1.48,100.69
20,40,5,350,1,1.18,0.36,48.0
36,40,2,350,0,1.29,1.18,68.5
33,40,4,350,1,3.39,0.86,79.05
24,40,4,350,1,1.13,1.16,59.33
21,40,4,350,0,3.35,0.29,36.65
26,40,6,350,0,2.49,1.48,56.72
27,40,4,350,1,2.62,0.94,65.91
37,40,0,350,1,1.01,1.34,81.26
26,40,2,350,2,1.45,0.73,71.46
22,40,6,350,2,1.08,0.64,68.89
27,40,3,350,1,0.6,0.86,61.87
38,40,0,350,0,0.59,0.46,64.65
41,40,0,350,1,3.24,1.14,90.79
26,40,6,350,2,2.78,0.78,79.84
27,40,3,350,1,0.93,1.29,64.6
45,40,1,350,1,1.45,1.39,100.83
41,40,6,350,0,2.35,0.36,82.45
28,40,0,350,1,2.74,0.51,58.88
42,40,2,350,2,0.8,0.58,104.33
26,40,5,350,1,3.4,0.97,66.37
43,40,4,350,0,0.71,1.07,85.79
28,40,4,350,1,3.36,1.17,70.04
42,40,4,350,1,0.95,1.38,99.01
45,40,5,350,2,0.53,0.38,114.53
27,40,2,350,1,2.65,0.61,60.65
43,40,5,350,1,1.88,0.5,98.77
29,40,1,350,1,2.46,0.69,63.5
32,40,2,350,0,0.54,0.53,55.56
32,40,2,350,1,3.48,1.26,75.81
22,40,0,350,2,1.91,0.33,57.63
31,40,1,350,1,3.03,1.11,70.69
45,40,6,350,2,2.32,1.43,123.83
45,40,5,350,0,3.38,0.61,91.68
21,40,1,350,0,1.09,0.81,32.34
37,40,6,350,2,1.21,0.53,100.57
22,40,5,350,2,1.51,1.2,70.73
41,40,3,350,2,1.79,1.01,107.25
38,40,1,350,0,3.23,0.95,71.59
38,40,5,350,1,3.49,0.85,91.52
41,40,2,350,1,3.0,0.88,92.53
43,40,6,350,1,0.71,1.21,103.41
45,40,4,350,1,1.44,1.3,105.45
43,40,6,350,2,1.15,0.26,111.86
25,40,6,350,1,0.68,0.29,59.58
44,40,5,350,0,3.14,1.27,93.03
21,40,6,350,2,2.75,1.46,72.92
44,40,4,350,2,0.92,0.7,112.84
37,40,2,350,1,1.0,1.1,83.33
27,40,1,350,2,2.43,0.96,74.1
34,40,6,350,2,3.19,0.69,96.87
37,40,6,350,2,3.16,1.29,106.67
33,40,2,350,0,3.01,1.26,64.12
40,40,2,350,2,1.01,0.74,101.14
25,40,0,350,0,1.64,1.36,42.82
28,40,5,350,2,2.59,0.8,82.35
37,40,2,350,0,0.81,1.3,70.88
29,40,3,350,1,2.6,0.33,65.03
42,40,3,350,0,2.64,0.4,79.94
21,40,3,350,1,2.01,0.93,50.7
29,40,3,350,1,0.69,0.32,63.19
27,40,4,350,0,2.8,0.62,50.87
36,40,0,350,2,2.15,0.4,88.28
24,40,1,350,2,1.32,1.49,69.63
24,40,4,350,1,2.38,1.2,60.72
26,40,0,350,1,0.85,0.88,54.92
30,40,1,350,1,2.3,0.66,65.33
42,40,1,350,2,1.13,1.1,105.86
40,40,0,350,2,3.19,0.84,100.3
42,40,0,350,1,2.46,0.59,89.11
30,40,5,350,2,1.12,1.32,88.21
22,40,6,350,2,1.22,1.23,72.35
27,40,0,350,1,2.0,0.55,56.28
43,40,3,350,2,1.34,1.23,112.36
41,40,6,350,1,2.14,0.48,96.33
26,40,0,350,2,2.17,1.1,70.79
45,40,4,350,2,3.24,0.97,118.67
28,40,5,350,0,1.15,1.17,56.3
25,40,4,350,0,1.47,0.62,45.35
22,40,3,350,0,0.59,0.8,37.39
23,40,3,350,2,1.73,0.87,67.79
36,40,5,350,2,2.04,0.27,96.01
43,40,3,350,0,1.96,0.57,82.42
23,40,6,350,1,1.97,1.42,62.86
20,40,2,350,2,2.67,0.97,61.08
44,40,1,350,0,0.65,0.83,81.38
33,40,4,350,0,1.95,0.51,62.33
45,40,0,350,2,1.47,1.07,110.73
31,40,1,350,1,0.56,0.62,65.63
39,40,6,350,1,1.02,0.92,93.48
35,40,3,350,2,2.22,1.16,95.62
21,40,3,350,0,0.69,1.07,36.86
42,40,2,350,2,2.45,0.43,105.02
30,40,0,350,2,3.23,0.97,79.62
28,40,0,350,0,1.75,0.9,46.76
24,40,5,350,0,1.99,0.82,46.53
24,40,4,350,1,1.61,1.29,60.51
37,40,6,350,1,2.07,0.35,86.95
25,40,6,350,2,2.77,1.2,80.05
28,40,1,350,2,0.68,1.02,74.96
30,40,0,350,1,2.44,1.03,65.83
25,40,3,350,1,1.08,0.56,56.33
26,40,4,350,1,0.74,0.94,62.02
34,40,6,350,1,2.54,0.93,84.22
45,40,3,350,0,1.46,0.58,86.3
34,40,1,350,1,3.44,1.07,77.28
38,40,4,350,1,2.38,1.46,92.21
31,40,6,350,1,2.42,0.82,77.06
44,40,0,350,1,1.83,0.28,91.06
34,40,5,350,0,0.82,0.65,65.93
21,40,5,350,1,2.04,0.65,52.58
41,40,6,350,2,1.61,0.75,110.76
31,40,4,350,1,3.24,0.65,73.43
30,40,5,350,1,1.31,1.15,74.03
21,40,0,350,2,2.36,1.08,60.13
27,40,5,350,0,3.36,1.2,56.38
40,40,2,350,2,0.54,1.14,102.96
34,40,4,350,2,3.39,0.33,91.6
39,40,4,350,0,0.99,0.72,75.49
36,40,4,350,0,1.04,1.21,71.87
39,40,4,350,1,0.97,0.34,86.73
20,40,3,350,2,1.92,0.54,59.67
40,40,0,350,1,1.35,0.81,85.02
27,40,5,350,2,2.9,0.54,79.03
23,40,5,350,2,1.95,0.78,70.92
23,40,3,350,2,2.65,0.79,68.2
36,40,2,350,0,2.88,0.83,68.01
38,40,4,350,0,1.35,0.68,73.46
29,40,6,350,2,1.15,0.48,83.07
42,40,6,350,2,3.01,0.82,114.6
24,40,2,350,0,3.02,0.55,40.82
45,40,5,350,2,2.47,1.16,120.74
38,40,0,350,1,1.62,0.64,80.03
24,40,3,350,0,1.24,1.19,44.49
22,40,3,350,0,1.06,0.55,36.42
22,40,4,350,2,1.52,0.87,67.17
23,40,5,350,2,3.24,1.29,75.0
41,40,4,350,2,0.89,1.5,110.89
23,40,6,350,0,1.42,0.47,43.59
45,40,2,350,0,2.75,0.85,87.31
29,40,2,350,1,2.32,0.69,65.08
39,40,1,350,2,1.69,0.86,98.59
37,40,2,350,1,3.24,1.28,86.43
35,40,4,350,1,1.99,1.5,85.64
42,40,2,350,2,2.97,1.1,109.28
29,40,4,350,1,1.09,1.49,71.88
20,40,3,350,0,2.08,0.8,34.49
44,40,4,350,2,2.34,0.27,111.74
32,40,6,350,1,1.12,1.23,80.3
32,40,4,350,0,1.07,0.83,61.17
26,40,3,350,2,2.37,1.34,77.47
44,40,0,350,1,3.03,1.45,98.78
30,40,6,350,1,2.68,0.44,73.01
39,40,4,350,1,1.04,1.43,92.94
34,40,4,350,2,2.88,1.46,97.5
34,40,3,350,0,0.94,0.7,62.9
22,40,2,350,1,0.53,0.91,49.64
22,40,0,350,2,2.75,1.41,64.5
38,40,4,350,1,2.06,1.25,90.73
26,40,6,350,1,3.01,0.92,67.44
24,40,2,350,2,3.49,0.87,69.86
25,40,5,350,2,1.14,0.9,75.13
25,40,2,350,0,3.09,0.9,45.0
28,40,4,350,1,0.63,0.86,65.75
42,40,6,350,1,2.97,0.27,98.06
28,40,2,350,0,1.89,1.22,52.13
43,40,5,350,0,0.59,1.17,87.95
38,40,0,350,0,1.6,1.3,70.33
23,40,0,350,1,2.8,1.24,52.33
32,40,5,350,1,0.51,1.11,77.35
28,40,3,350,0,3.45,0.72,52.47
42,40,3,350,1,2.83,0.85,96.06
44,40,5,350,2,2.88,1.25,119.48
45,40,6,350,1,1.04,0.85,105.97
38,40,2,350,2,3.21,1.25,101.77
33,40,2,350,1,1.07,1.09,74.76
29,40,0,350,1,1.14,1.44,64.79
27,40,2,350,2,3.27,0.51,74.06
44,40,1,350,2,1.83,1.38,112.38
22,40,5,350,1,1.32,0.82,55.01
33,40,3,350,2,1.69,0.34,86.22
34,40,0,350,1,3.21,1.05,75.24
22,40,5,350,2,2.47,0.56,68.02
29,40,1,350,0,2.47,0.33,48.08
31,40,6,350,2,1.6,0.25,86.48
41,40,3,350,1,3.21,1.48,97.82
26,40,4,350,1,3.21,0.69,62.9
24,40,0,350,1,3.06,0.87,52.63
26,40,2,350,0,0.7,0.42,42.22
22,40,5,350,2,1.41,0.95,69.23
33,40,2,350,1,0.88,1.27,75.59
22,40,4,350,0,3.33,0.6,40.53
27,40,6,350,2,2.55,1.0,83.01
21,40,3,350,2,2.83,1.09,65.77
30,40,2,350,2,0.73,1.21,82.08
39,40,4,350,2,2.81,0.77,104.27
42,40,0,350,1,2.79,1.3,93.42
25,40,2,350,2,2.53,1.36,73.88
42,40,2,350,1,2.28,1.11,95.3
43,40,4,350,0,3.15,1.14,88.45
41,40,5,350,1,0.57,0.78,94.85
35,40,2,350,0,0.96,0.67,63.18
31,40,2,350,1,2.41,0.56,68.72
34,40,1,350,1,0.91,1.35,76.5
32,40,0,350,2,2.69,0.73,82.06
21,40,6,350,0,0.73,1.07,42.04
32,40,1,350,0,2.71,1.13,59.25
23,40,0,350,0,2.84,1.21,38.8
42,40,2,350,0,1.0,0.79,78.9
21,40,6,350,0,1.68,1.13,43.27
31,40,1,350,2,0.85,0.59,79.13
35,40,0,350,2,2.16,0.89,88.9
31,40,0,350,0,3.15,1.49,57.83
45,40,1,350,2,0.96,1.09,112.08
22,40,1,350,0,1.19,1.15,36.5
30,40,0,350,1,2.99,1.49,68.93
28,40,1,350,1,3.27,1.36,65.89
35,40,5,350,1,1.93,0.78,83.24
21,40,2,350,2,3.02,0.66,61.8
45,40,3,350,2,2.6,0.55,113.99
28,40,2,350,1,1.86,0.75,62.85
37,40,5,350,1,0.75,1.5,90.49
29,40,1,350,2,0.58,0.26,72.73
20,40,2,350,0,3.02,1.07,35.17
43,40,6,350,2,2.24,1.36,119.07
23,40,0,350,0,2.35,1.03,37.33
37,40,1,350,2,2.18,0.66,93.63
33,40,5,350,1,0.63,1.02,79.1
20,40,2,350,2,2.92,1.19,62.56
28,40,4,350,2,1.29,1.39,82.76
43,40,0,350,1,0.62,0.65,89.88
38,40,2,350,1,2.64,0.72,84.85
25,40,4,350,0,0.54,1.35,48.6
36,40,3,350,1,0.67,0.34,78.3
44,40,2,350,2,1.38,1.35,113.51
30,40,6,350,1,1.0,1.36,76.64
39,40,2,350,2,2.18,0.84,100.65
42,40,6,350,1,2.29,0.32,97.71
42,40,0,350,2,0.93,1.08,103.85
20,40,3,350,2,3.35,1.24,64.95
33,40,1,350,1,2.53,1.04,74.12
42,40,5,350,1,2.2,0.66,97.83
21,40,6,350,2,2.93,1.32,72.3
41,40,2,350,1,1.14,1.16,92.38
25,40,2,350,1,1.08,1.05,57.38
30,40,0,350,2,1.93,1.47,81.24
41,40,0,350,0,1.99,1.4,77.69
32,40,5,350,2,0.92,0.26,86.33
45,40,0,350,0,2.57,1.27,86.08
22,40,6,350,2,1.83,0.94,71.28
28,40,2,350,1,2.99,0.31,61.42
41,40,2,350,1,1.79,0.81,91.01
25,40,2,350,2,3.24,0.98,72.39
20,40,4,350,1,2.57,1.0,51.19
27,40,2,350,0,1.03,0.73,46.42
35,40,5,350,0,0.54,1.05,70.07
35,40,1,350,2,1.08,1.46,92.83
24,40,6,350,1,3.46,0.29,60.02
38,40,6,350,0,1.89,1.32,81.0
25,40,5,350,2,1.16,1.04,75.94
29,40,5,350,0,0.6,1.12,57.65
33,40,0,350,2,1.91,0.64,82.97
37,40,2,350,0,1.09,1.13,70.18
34,40,2,350,2,1.54,0.47,87.24
38,40,4,350,2,3.19,0.82,102.76
33,40,1,350,1,0.52,0.36,68.41
37,40,6,350,0,0.51,0.46,72.72
23,40,2,350,2,1.67,0.41,63.43
33,40,0,350,1,1.13,0.64,68.85
36,40,6,350,2,1.21,0.59,98.76
43,40,6,350,2,0.85,0.79,114.57
35,40,0,350,0,2.69,0.62,61.07
28,40,2,350,0,1.17,0.62,48.07
45,40,2,350,1,1.51,0.88,99.72
44,40,4,350,1,0.69,1.46,103.51
42,40,4,350,0,2.8,1.11,85.81
33,40,3,350,0,3.03,0.99,64.33
35,40,5,350,0,1.15,0.81,69.28
33,40,0,350,0,2.8,0.98,58.92
29,40,2,350,0,1.53,1.13,53.43
34,40,1,350,2,2.73,0.43,86.41
31,40,1,350,1,1.52,1.18,69.68
44,40,1,350,0,2.97,0.87,83.76
22,40,2,350,1,1.38,1.17,51.9
42,40,4,350,0,0.89,0.88,82.74
24,40,5,350,1,0.92,0.75,58.54
21,40,4,350,2,1.66,0.44,62.73
27,40,4,350,0,1.2,1.16,52.43
34,40,2,350,0,1.57,0.6,61.2
32,40,3,350,0,0.95,0.68,58.5
39,40,0,350,0,0.59,0.4,66.46
30,40,4,350,0,1.59,0.42,55.05
32,40,0,350,0,0.83,0.61,52.85
21,40,2,350,0,0.55,0.57,32.2
21,40,4,350,2,3.32,1.0,67.43
31,40,3,350,0,2.66,1.23,61.05
29,40,2,350,1,0.83,0.65,63.47
30,40,2,350,1,2.69,0.35,65.65
24,40,6,350,0,1.51,0.88,48.13
31,40,4,350,0,1.29,1.39,62.39
40,40,5,350,0,3.46,1.16,84.13
24,40,2,350,0,3.06,0.54,40.8
35,40,2,350,2,1.95,0.8,91.63
32,40,1,350,0,2.05,1.37,59.99
43,40,3,350,1,3.17,1.43,101.79
41,40,3,350,2,2.47,0.43,104.61
39,40,1,350,0,1.48,1.23,73.68
27,40,2,350,1,2.79,0.78,61.74
33,40,2,350,2,3.33,1.0,89.75
45,40,5,350,0,3.06,1.41,95.89
39,40,1,350,2,1.99,0.5,96.84
43,40,6,350,2,1.93,0.86,115.97
39,40,0,350,2,1.51,0.99,97.44
31,40,6,350,1,0.9,1.47,79.31
41,40,1,350,0,2.73,0.75,76.43
41,40,2,350,2,1.68,0.98,105.26
42,40,5,350,2,1.54,0.26,108.36
24,40,4,350,2,1.66,0.68,70.52
41,40,3,350,2,1.78,0.41,103.86
21,40,2,350,0,2.56,0.85,35.65
26,40,5,350,2,2.45,0.81,77.99
38,40,3,350,2,0.63,0.95,99.4
22,40,0,350,2,1.04,0.97,60.43
25,40,2,350,2,2.8,1.38,74.24
42,40,1,350,1,2.69,0.71,91.71
38,40,5,350,1,0.7,0.67,87.91
39,40,5,350,2,0.92,0.68,103.72
44,40,4,350,0,2.34,1.21,90.24
27,40,6,350,0,3.13,1.14,57.54
45,40,0,350,1,2.91,1.23,99.57
36,40,6,350,1,0.78,0.82,86.26
28,40,0,350,0,1.33,1.01,46.99
32,40,2,350,0,2.33,0.48,56.94
33,40,5,350,0,1.45,0.4,62.96
39,40,1,350,2,3.41,1.39,103.18
21,40,5,350,1,0.83,1.42,55.8
23,40,1,350,2,0.94,0.82,63.35
20,40,4,350,1,1.96,1.43,53.05
33,40,3,350,1,1.26,0.72,74.56
41,40,5,350,2,3.48,0.74,110.73
23,40,3,350,2,1.63,1.29,70.07
22,40,0,350,2,1.58,1.16,62.0
29,40,5,350,2,2.36,1.25,86.82
23,40,5,350,2,2.76,0.74,71.45
26,40,5,350,2,1.45,1.3,79.82
20,40,5,350,2,3.04,1.28,68.32
44,40,4,350,1,2.04,0.4,98.79
24,40,6,350,0,0.63,1.3,49.68
34,40,4,350,0,2.93,0.95,67.87
43,40,6,350,2,1.12,0.92,115.55
25,40,2,350,2,1.92,0.61,69.08
34,40,0,350,1,1.71,1.33,75.42
26,40,5,350,2,3.4,1.4,82.2
26,40,2,350,2,1.73,0.73,71.72
27,40,0,350,0,1.42,1.17,45.83
35,40,5,350,2,1.83,1.05,98.07
41,40,5,350,2,1.65,0.47,107.5
31,40,3,350,2,1.25,0.8,84.11
42,40,3,350,2,2.98,0.61,108.24
20,40,2,350,1,3.21,0.96,48.13
36,40,2,350,1,0.54,0.92,79.74
27,40,6,350,0,1.98,0.54,53.09
40,40,6,350,0,1.89,0.41,80.16
30,40,6,350,0,2.96,0.35,59.36
40,40,4,350,0,1.1,0.26,75.15
39,40,2,350,2,0.88,1.2,101.47
23,40,6,350,2,0.58,1.46,75.19
25,40,6,350,2,1.69,1.19,78.99
41,40,0,350,0,1.57,0.88,74.37
27,40,4,350,1,2.24,1.35,67.87
22,40,5,350,2,1.4,0.62,67.36
20,40,6,350,2,0.87,0.26,62.26
29,40,6,350,0,3.16,0.46,58.02
30,40,6,350,0,1.6,1.27,63.29
26,40,4,350,2,3.35,1.2,79.31
26,40,3,350,2,1.01,1.32,76.1
27,40,2,350,0,1.78,0.42,45.37
38,40,3,350,1,2.32,0.45,84.75
42,40,1,350,1,3.01,0.54,91.05
22,40,5,350,0,1.2,1.15,43.36
44,40,2,350,2,1.04,0.78,109.97
26,40,1,350,1,3.04,0.78,58.11
38,40,1,350,0,1.43,1.16,71.1
39,40,2,350,1,1.3,0.82,86.32
41,40,2,350,2,0.86,0.48,101.68
43,40,5,350,2,2.76,0.56,113.33
22,40,1,350,0,2.57,1.39,39.13
36,40,5,350,0,1.96,1.04,73.48
22,40,5,350,2,1.47,0.49,66.69
40,40,5,350,1,1.95,1.38,97.37
35,40,5,350,1,1.95,0.85,83.65
25,40,4,350,2,2.28,1.18,76.06
26,40,4,350,1,1.17,0.84,61.85
38,40,4,350,1,3.22,1.03,90.57
35,40,2,350,0,2.31,0.27,62.17
38,40,5,350,0,3.44,0.58,76.55
43,40,5,350,0,0.51,0.85,86.07
41,40,0,350,2,2.12,0.61,100.16
29,40,4,350,0,3.4,0.52,55.16
43,40,1,350,1,2.88,0.84,94.77
20,40,6,350,1,3.35,1.26,56.81
34,40,5,350,1,0.5,0.26,76.83
39,40,2,350,2,1.86,1.14,102.04
34,40,3,350,2,1.5,0.59,89.6
25,40,2,350,2,0.52,1.3,71.67
25,40,4,350,1,1.79,1.12,61.86
39,40,0,350,1,2.83,0.55,82.79
27,40,4,350,1,1.84,0.67,63.66
28,40,0,350,0,2.76,0.32,44.43
39,40,3,350,1,1.86,0.44,86.41
25,40,0,350,1,2.23,1.0,54.74
21,40,6,350,2,2.89,0.71,68.82
32,40,4,350,1,1.86,0.91,75.76
27,40,2,350,0,1.29,1.49,50.95
45,40,4,350,1,0.84,1.47,105.85
45,40,2,350,1,1.8,1.04,100.89
39,40,2,350,1,2.54,1.46,91.08
32,40,1,350,0,1.42,1.22,58.56
39,40,4,350,1,2.86,1.01,92.27
44,40,5,350,0,0.93,0.77,88.16
25,40,1,350,2,1.85,0.31,65.61
44,40,1,350,2,2.38,1.06,111.09
30,40,2,350,2,1.85,1.42,84.31
39,40,5,350,1,0.6,0.38,88.33
33,40,3,350,0,2.14,0.34,59.84
44,40,6,350,0,1.41,1.18,92.63
23,40,1,350,1,2.34,1.26,53.73
31,40,5,350,2,2.76,0.77,88.78
39,40,3,350,0,3.49,1.35,79.66
42,40,4,350,1,0.54,1.38,98.63
25,40,6,350,0,2.98,1.05,52.6
25,40,6,350,1,1.25,0.26,59.94
21,40,2,350,2,1.36,0.81,61.11
23,40,3,350,2,1.86,0.28,64.59
32,40,2,350,0,0.83,0.33,54.7
35,40,0,350,2,0.73,0.9,87.63
38,40,3,350,1,2.84,0.65,86.36
30,40,5,350,2,0.5,1.33,87.69
35,40,6,350,2,0.68,0.42,95.16
43,40,5,350,0,3.09,1.36,91.35
29,40,1,350,0,3.47,0.98,52.67
32,40,0,350,0,2.06,0.81,55.12
34,40,5,350,2,2.92,0.36,93.05
28,40,6,350,0,0.61,1.34,58.47
33,40,0,350,2,2.22,0.73,83.77
35,40,1,350,2,1.62,0.98,90.62
23,40,5,350,2,3.2,1.02,73.44
21,40,1,350,2,2.61,1.04,61.85
30,40,5,350,1,0.53,0.69,70.71
39,40,0,350,2,3.32,1.06,99.52
39,40,1,350,1,0.93,0.68,83.47
31,40,1,350,1,1.16,0.86,67.54
39,40,4,350,0,1.42,0.87,76.74
29,40,6,350,2,3.02,0.98,87.63
45,40,1,350,0,1.39,0.49,82.3
44,40,3,350,2,1.83,0.82,112.65
24,40,2,350,1,0.53,1.25,55.85
22,40,4,350,2,2.89,1.49,71.94
42,40,2,350,2,2.28,1.22,109.32
43,40,1,350,2,3.46,0.53,106.96
36,40,1,350,2,1.08,0.83,91.42
24,40,2,350,2,3.04,1.07,70.57
28,40,3,350,1,1.57,0.47,62.71
37,40,4,350,0,1.5,0.76,71.9
20,40,1,350,2,2.76,1.34,61.54
41,40,2,350,0,3.3,0.63,78.0
21,40,3,350,0,2.12,0.48,34.87
36,40,4,350,1,2.38,1.18,86.35
26,40,4,350,0,2.78,0.83,49.89
35,40,5,350,1,1.75,1.0,84.31
40,40,5,350,0,3.2,1.05,83.27
42,40,3,350,0,3.49,1.44,86.6
33,40,6,350,1,1.72,0.86,80.92
40,40,5,350,2,2.98,0.4,106.2
38,40,5,350,1,1.21,0.41,86.92
38,40,6,350,1,3.33,0.56,91.45
22,40,3,350,0,2.87,0.73,39.12
22,40,0,350,2,1.72,1.33,63.09
43,40,2,350,0,1.72,0.41,79.58
34,40,4,350,1,2.08,1.05,81.04
33,40,5,350,0,1.15,0.82,65.05
32,40,3,350,2,1.36,0.57,85.06
37,40,2,350,0,0.95,1.22,70.56
61,40,8,350,4,8.51,2.16,198.26
62,40,18,350,3,3.25,1.91,197.84
57,40,13,350,4,4.88,4.39,207.45
48,40,17,350,5,3.63,4.08,205.49
50,40,15,350,5,4.12,2.08,195.53
50,40,15,350,3,4.18,2.5,171.15
56,40,8,350,3,7.35,1.8,171.02
70,40,10,350,3,5.15,2.0,203.56
60,40,8,350,4,7.32,2.49,196.87
53,40,16,350,5,5.14,2.45,206.71
59,40,14,350,3,7.63,1.76,187.78
58,40,18,350,3,8.95,1.98,194.96
75,40,8,350,3,7.74,3.83,223.59
47,40,14,350,3,4.93,1.7,159.19
67,40,10,350,3,5.93,1.7,196.16
63,40,18,350,5,6.95,2.24,232.09
61,40,12,350,3,8.52,4.11,202.72
66,40,14,350,4,4.65,4.37,228.14
50,40,9,350,3,5.32,3.96,170.16
57,40,13,350,5,3.15,4.01,217.1
73,40,14,350,3,8.79,2.75,224.47
48,40,11,350,5,7.49,4.11,198.96
56,40,8,350,4,6.55,4.14,196.88
57,40,7,350,3,7.5,3.33,180.22
54,40,11,350,3,8.93,2.45,177.01
64,40,10,350,4,6.56,3.43,213.47
63,40,10,350,5,3.42,1.66,211.82
48,40,7,350,5,3.32,2.14,177.12
46,40,13,350,4,4.38,2.08,170.36
62,40,16,350,5,4.02,2.3,224.13
63,40,14,350,4,7.15,3.83,220.99
69,40,15,350,3,3.17,3.33,215.65
68,40,11,350,4,7.13,3.92,227.06
66,40,11,350,4,7.28,4.29,224.99
63,40,10,350,5,7.71,3.25,224.78
66,40,11,350,3,6.41,2.68,201.7
64,40,11,350,4,5.63,4.24,218.89
52,40,12,350,5,7.68,3.05,203.46
75,40,16,350,5,7.05,4.06,264.76
56,40,7,350,5,7.85,3.08,203.79
64,40,17,350,4,6.4,2.25,218.66
58,40,7,350,5,5.11,4.12,211.4
70,40,18,350,3,6.12,3.45,226.36
72,40,18,350,4,6.0,3.34,243.31
68,40,16,350,4,3.23,3.95,232.17
64,40,15,350,4,5.76,3.27,220.39
75,40,17,350,5,8.85,4.35,269.78
71,40,16,350,4,7.18,4.09,243.07
65,40,12,350,4,4.47,3.98,220.2
50,40,16,350,5,6.02,3.13,204.93
47,40,7,350,5,7.02,2.2,178.75
75,40,8,350,4,6.0,3.49,233.45
46,40,13,350,4,8.75,4.49,188.02
57,40,13,350,5,4.44,3.53,215.59
52,40,15,350,4,6.83,4.1,200.33
67,40,17,350,3,5.15,3.39,216.97
67,40,13,350,4,5.23,2.25,217.15
65,40,17,350,5,8.4,2.69,238.55
48,40,14,350,4,4.78,2.25,177.7
55,40,8,350,4,8.99,3.11,191.19
49,40,12,350,4,5.7,3.57,184.71
47,40,7,350,5,5.26,3.66,185.35
70,40,10,350,4,4.05,4.07,227.61
65,40,16,350,3,8.54,3.25,213.33
56,40,10,350,5,7.73,3.74,212.55
47,40,18,350,5,6.75,2.67,200.01
71,40,7,350,4,7.36,2.04,216.25
57,40,7,350,5,6.62,4.26,211.45
47,40,8,350,4,8.23,2.39,169.26
53,40,11,350,3,4.83,3.01,174.21
72,40,17,350,5,5.98,2.24,248.78
47,40,11,350,5,7.49,4.18,197.21
53,40,12,350,4,6.0,1.73,183.19
47,40,18,350,3,7.26,2.5,172.72
70,40,18,350,4,5.6,3.21,237.92
54,40,10,350,3,3.48,2.43,170.11
53,40,8,350,3,5.55,1.76,162.69
50,40,9,350,3,8.08,2.05,161.95
57,40,10,350,4,4.44,1.62,186.27
70,40,13,350,3,8.11,1.79,210.27
59,40,16,350,5,4.12,3.43,224.16
61,40,11,350,5,6.53,3.28,221.27
58,40,18,350,3,6.99,3.06,199.23
57,40,11,350,3,6.94,2.05,179.34
66,40,17,350,3,5.72,3.46,215.75
71,40,7,350,4,6.77,2.13,216.2
60,40,18,350,5,6.44,4.33,236.97
48,40,18,350,3,5.01,3.79,180.05
67,40,17,350,4,7.46,3.52,233.25
54,40,15,350,5,5.84,3.96,216.31
52,40,11,350,4,4.78,2.15,180.57
63,40,7,350,3,6.07,1.79,183.08
46,40,14,350,3,6.62,1.71,158.67
73,40,15,350,3,8.48,1.85,220.82
46,40,17,350,3,5.61,1.83,163.55
55,40,12,350,3,5.41,2.53,178.05
70,40,15,350,4,3.73,1.84,223.31
48,40,9,350,3,6.66,1.6,153.81
62,40,11,350,3,8.24,4.14,203.06
70,40,14,350,3,4.31,2.21,210.82
67,40,17,350,4,8.28,1.89,224.82
60,40,7,350,3,3.74,3.48,184.01
62,40,8,350,4,7.34,4.18,210.71
54,40,9,350,4,8.78,4.07,195.98
63,40,8,350,5,5.77,4.23,225.07
54,40,12,350,3,3.75,4.31,184.4
51,40,10,350,4,8.57,2.28,180.97
72,40,16,350,5,7.49,2.05,247.4
62,40,15,350,5,5.24,3.5,230.32
48,40,16,350,4,7.15,2.91,187.05
51,40,11,350,3,3.93,2.73,167.5
62,40,15,350,4,3.89,2.37,209.29
70,40,12,350,5,5.85,4.16,246.62
66,40,17,350,5,7.97,4.29,249.32
50,40,15,350,3,7.08,2.05,171.31
64,40,10,350,5,5.57,4.21,230.35
73,40,15,350,3,6.64,2.9,225.03
48,40,18,350,3,4.65,4.43,183.33
64,40,7,350,4,3.55,3.96,208.52
65,40,17,350,5,8.54,4.1,246.63
73,40,9,350,4,8.93,1.82,224.18
69,40,10,350,4,6.18,1.91,215.27
62,40,12,350,5,5.96,1.78,216.14
51,40,8,350,5,4.51,3.72,195.28
49,40,9,350,3,4.49,3.69,165.72
52,40,8,350,4,4.0,4.15,185.98
66,40,9,350,3,5.59,3.78,203.72
69,40,10,350,3,8.98,3.65,214.29
48,40,7,350,4,5.37,3.79,174.93
51,40,18,350,4,3.41,2.73,192.42
47,40,9,350,5,6.26,2.37,182.43
60,40,11,350,5,5.42,3.21,217.7
59,40,7,350,3,5.18,1.89,174.23
60,40,14,350,3,8.52,4.46,205.98
73,40,9,350,5,5.99,3.64,245.11
60,40,7,350,5,7.07,3.44,213.68
47,40,18,350,4,4.25,2.6,183.89
55,40,14,350,5,5.95,4.39,219.27
59,40,10,350,5,7.92,3.06,215.32
48,40,8,350,4,3.36,2.16,165.58
61,40,18,350,3,5.26,1.94,197.74
66,40,9,350,4,4.67,3.6,215.25
60,40,8,350,3,3.19,2.04,177.09
52,40,10,350,5,5.8,2.74,196.53
70,40,15,350,3,6.87,3.55,222.48
72,40,14,350,5,8.2,2.63,247.9
64,40,8,350,3,3.76,1.65,184.0
73,40,11,350,5,6.49,3.73,249.52
74,40,16,350,4,8.09,2.32,240.37
55,40,8,350,4,7.78,1.84,182.9
49,40,15,350,4,5.9,2.93,186.43
53,40,7,350,5,7.49,3.81,201.14
56,40,12,350,5,4.82,3.05,209.38
49,40,16,350,4,5.76,2.77,187.11
52,40,8,350,3,4.03,1.55,157.94
51,40,13,350,3,3.61,2.81,171.09
63,40,14,350,5,6.74,4.27,236.49
52,40,13,350,3,3.39,4.01,179.79
61,40,17,350,5,5.25,4.18,235.45
58,40,12,350,5,7.98,3.7,220.27
48,40,13,350,5,4.56,1.67,185.91
63,40,13,350,3,6.0,2.72,198.54
75,40,15,350,5,6.46,3.25,257.93
75,40,10,350,3,8.66,3.01,223.25
69,40,11,350,4,6.69,4.0,229.24
62,40,11,350,4,8.77,4.15,217.01
54,40,9,350,4,6.65,2.48,185.03
73,40,7,350,3,5.72,3.73,215.14
56,40,14,350,4,5.11,3.75,203.62
46,40,13,350,3,6.56,3.9,169.25
72,40,7,350,3,3.26,3.1,207.16
61,40,12,350,4,5.1,2.38,203.18
52,40,13,350,5,4.66,3.67,205.86
73,40,7,350,3,8.55,4.38,221.44
73,40,14,350,4,4.66,4.26,242.55
55,40,7,350,5,4.04,3.69,201.54
67,40,17,350,5,8.21,4.34,251.97
54,40,17,350,4,3.5,2.3,194.8
48,40,13,350,3,5.01,4.01,172.72
64,40,8,350,3,8.5,2.83,195.06
61,40,7,350,4,7.18,2.62,197.9
60,40,17,350,4,6.33,4.19,220.96
63,40,17,350,3,8.25,1.74,201.96
67,40,10,350,4,5.33,4.17,222.93
75,40,16,350,5,4.27,3.92,261.38
59,40,7,350,5,7.65,4.4,217.49
67,40,13,350,5,3.67,2.61,231.13
67,40,8,350,3,8.78,2.8,201.59
55,40,14,350,3,3.98,1.59,174.84
52,40,14,350,3,5.92,3.16,179.07
58,40,8,350,4,6.66,4.21,201.66
64,40,8,350,4,7.48,2.7,206.78
75,40,8,350,3,6.9,4.33,225.63
49,40,15,350,3,5.44,2.93,172.6
72,40,10,350,5,5.63,2.76,239.39
58,40,10,350,4,5.75,1.74,190.31
74,40,9,350,3,4.91,2.08,210.66
53,40,7,350,5,8.71,4.34,205.26
65,40,9,350,5,3.42,3.73,226.07
58,40,8,350,5,3.18,1.99,199.31
55,40,15,350,5,8.84,3.48,218.54
67,40,10,350,3,8.5,2.72,204.3
64,40,7,350,5,6.75,4.36,227.15
58,40,9,350,3,6.83,1.98,177.56
48,40,7,350,3,7.96,4.45,167.66
63,40,8,350,3,7.9,4.28,200.54
71,40,13,350,4,7.74,1.84,225.76
49,40,14,350,3,3.87,2.41,166.5
66,40,18,350,4,8.28,4.36,238.32
61,40,12,350,3,5.09,4.23,200.21
70,40,13,350,5,4.03,1.51,231.7
66,40,18,350,3,5.17,2.24,210.07
58,40,13,350,3,8.93,3.78,196.52
47,40,9,350,4,4.37,2.05,165.47
48,40,9,350,4,4.81,2.66,171.46
60,40,13,350,5,6.55,3.95,226.36
60,40,12,350,5,8.1,3.65,224.39
69,40,14,350,3,5.91,3.45,217.16
53,40,11,350,5,4.7,3.97,206.3
48,40,15,350,4,7.43,3.35,188.08
54,40,14,350,5,8.2,3.36,213.41
48,40,8,350,4,3.71,2.52,167.94
58,40,10,350,5,8.57,2.68,211.64
52,40,9,350,5,5.46,2.99,195.91
54,40,11,350,4,7.32,3.06,192.35
52,40,7,350,4,4.31,3.35,180.04
75,40,17,350,5,6.25,3.29,261.39
49,40,18,350,5,3.68,3.63,206.86
55,40,9,350,4,5.57,3.5,191.92
71,40,16,350,3,7.08,4.26,230.53
62,40,10,350,5,7.44,2.71,219.34
72,40,18,350,4,8.69,3.11,244.52
73,40,18,350,3,6.24,4.09,236.51
47,40,18,350,5,4.46,4.49,208.14
68,40,7,350,4,4.8,3.38,214.99
64,40,11,350,4,3.91,4.31,217.68
59,40,12,350,3,8.48,2.69,190.38
64,40,14,350,5,3.88,2.7,227.12
60,40,10,350,4,5.07,3.71,205.08
58,40,8,350,5,6.6,3.47,210.83
69,40,17,350,5,5.17,4.41,253.83
46,40,9,350,3,5.67,3.52,159.42
73,40,14,350,3,8.49,2.64,223.57
53,40,17,350,5,4.0,4.22,217.35
50,40,13,350,3,4.53,2.46,167.82
56,40,10,350,4,6.9,3.52,197.13
62,40,13,350,3,3.18,3.39,197.55
60,40,10,350,5,8.9,3.83,222.72
67,40,14,350,3,8.97,2.81,212.11
59,40,11,350,5,5.36,1.51,205.91
59,40,9,350,5,6.61,3.49,214.81
74,40,9,350,4,7.62,3.27,233.29
67,40,17,350,5,6.81,4.34,250.67
74,40,15,350,3,7.41,4.14,234.89
66,40,14,350,5,7.47,2.5,233.62
59,40,8,350,3,3.75,3.79,185.33
69,40,11,350,3,8.07,3.64,215.1
59,40,16,350,4,3.67,3.39,210.12
73,40,7,350,4,7.17,2.32,221.94
46,40,13,350,5,5.22,2.34,186.01
56,40,10,350,3,8.7,2.48,179.54
55,40,10,350,5,6.55,3.12,205.81
67,40,14,350,3,4.41,4.4,216.83
58,40,17,350,3,3.69,3.07,194.5
49,40,16,350,3,7.57,1.9,170.49
73,40,8,350,5,5.39,3.26,240.7
61,40,15,350,3,8.7,2.64,199.74
73,40,13,350,3,7.69,1.56,215.02
49,40,16,350,4,4.75,2.93,187.08
52,40,9,350,3,5.76,3.67,173.22
56,40,16,350,3,3.55,3.71,191.97
49,40,10,350,4,8.37,2.14,175.7
64,40,10,350,5,7.86,2.97,225.48
72,40,12,350,3,8.49,4.21,226.85
52,40,10,350,3,5.44,3.44,173.34
73,40,8,350,3,7.64,4.03,220.33
61,40,17,350,4,8.31,4.19,224.95
55,40,8,350,4,7.96,1.82,182.96
69,40,7,350,4,4.6,2.44,211.64
46,40,15,350,5,3.92,1.62,184.17
49,40,13,350,5,5.29,1.52,187.88
47,40,13,350,5,5.23,4.35,199.5
73,40,11,350,3,3.34,2.21,211.21
51,40,16,350,4,7.66,4.2,201.24
74,40,13,350,4,8.98,3.77,244.23
68,40,12,350,5,7.15,2.97,236.83
53,40,13,350,3,7.46,4.19,186.74
66,40,16,350,4,7.73,1.8,219.94
66,40,17,350,5,6.49,4.28,247.89
63,40,13,350,3,4.56,4.35,206.4
64,40,11,350,3,5.71,2.38,195.07
50,40,13,350,4,3.66,2.51,180.7
72,40,10,350,3,4.84,1.84,206.66
56,40,15,350,3,5.1,2.18,183.07
72,40,15,350,5,5.3,3.08,249.45
69,40,16,350,3,4.1,3.47,219.02
60,40,12,350,5,6.93,1.89,213.38
68,40,9,350,4,6.1,3.83,222.16
52,40,10,350,3,8.71,3.68,177.74
68,40,10,350,5,4.78,2.35,227.7
70,40,18,350,5,5.76,2.01,244.7
59,40,17,350,5,7.68,2.38,223.26
59,40,8,350,5,6.98,3.89,215.7
72,40,10,350,3,3.32,2.33,208.01
61,40,11,350,3,4.42,3.07,191.33
70,40,9,350,4,6.19,2.97,221.69
69,40,8,350,5,3.96,2.25,225.09
48,40,8,350,5,7.47,3.55,190.64
62,40,9,350,5,8.81,4.01,226.23
54,40,7,350,5,8.01,2.5,196.38
53,40,8,350,4,5.37,2.77,181.62
61,40,9,350,5,5.27,2.48,212.16
46,40,8,350,5,5.69,1.9,175.39
53,40,18,350,5,4.77,4.21,219.72
62,40,10,350,4,4.77,4.33,212.59
50,40,14,350,3,7.55,3.41,177.7
50,40,9,350,5,8.64,4.08,200.72
53,40,13,350,5,8.84,2.06,202.81
47,40,8,350,4,3.19,2.76,166.66
48,40,9,350,4,3.52,2.25,167.95
72,40,18,350,4,5.38,2.91,240.31
64,40,12,350,4,5.27,3.01,213.33
52,40,17,350,5,6.99,3.12,211.78
54,40,10,350,4,5.04,3.52,191.11
66,40,18,350,3,8.73,3.0,217.67
64,40,13,350,4,7.87,3.85,222.2
52,40,17,350,4,7.71,2.33,194.59
49,40,17,350,5,5.21,2.48,200.08
47,40,7,350,3,4.57,3.53,157.17
60,40,12,350,4,9.0,1.62,200.38
62,40,18,350,3,7.86,4.09,214.42
71,40,13,350,5,8.41,2.0,240.68
61,40,12,350,3,5.05,2.86,192.44
65,40,11,350,3,7.66,2.18,197.9
53,40,11,350,5,6.24,2.27,198.15
54,40,14,350,3,8.91,4.06,191.21
60,40,7,350,5,3.98,3.47,210.97
73,40,10,350,4,4.74,2.92,228.2
70,40,14,350,4,3.98,2.98,228.26
58,40,12,350,4,5.54,3.54,203.7
53,40,17,350,5,4.13,4.03,216.4
51,40,14,350,5,6.54,3.97,208.87
46,40,9,350,4,7.75,2.18,167.2
47,40,18,350,4,7.72,3.53,192.36
68,40,18,350,5,7.18,2.8,246.19
59,40,11,350,4,8.59,2.37,200.37
75,40,10,350,5,8.57,3.36,251.94
60,40,17,350,4,8.15,3.72,220.0
70,40,18,350,5,7.43,3.89,256.86
64,40,12,350,4,3.99,3.97,217.55
49,40,12,350,3,6.1,1.68,161.02
66,40,10,350,4,6.87,4.47,223.91
66,40,12,350,5,6.98,2.86,231.76
67,40,18,350,3,3.58,3.47,217.67
75,40,9,350,5,3.88,4.09,249.98
53,40,9,350,4,8.12,3.43,189.61
69,40,13,350,3,5.35,2.07,207.14
54,40,7,350,3,6.72,4.16,177.74
72,40,7,350,3,7.09,4.35,217.77
56,40,11,350,4,7.99,2.43,193.71
64,40,7,350,3,5.77,2.49,188.89
51,40,10,350,3,8.96,4.3,179.32
48,40,10,350,4,7.79,3.16,178.77
48,40,11,350,4,5.12,2.55,174.56
65,40,7,350,4,5.95,4.42,215.49
75,40,9,350,4,6.61,2.74,231.5
52,40,13,350,5,3.27,2.81,199.72
66,40,8,350,4,3.65,2.34,205.48
73,40,11,350,4,3.94,3.81,234.19
55,40,13,350,5,3.73,4.33,215.15
54,40,15,350,4,8.6,2.38,196.57
46,40,11,350,4,3.89,3.08,172.12
75,40,8,350,4,7.22,2.7,230.13
55,40,13,350,4,6.37,3.98,202.23
70,40,8,350,3,5.65,2.11,201.22
62,40,13,350,5,7.35,1.9,219.83
74,40,14,350,5,6.21,3.88,257.39
64,40,17,350,3,6.57,3.13,210.39
50,40,14,350,3,5.28,2.85,172.43
73,40,7,350,4,3.99,2.59,220.5
53,40,17,350,3,4.1,2.4,180.38
74,40,17,350,3,5.68,4.31,237.66
75,40,14,350,4,4.3,2.25,235.16
71,40,18,350,5,8.93,2.39,251.94
53,40,13,350,3,4.67,1.94,171.46
61,40,14,350,5,5.32,2.2,219.2
47,40,8,350,3,8.6,3.96,165.06
70,40,8,350,3,5.52,3.38,208.26
63,40,11,350,5,8.62,4.26,233.04
73,40,10,350,3,5.12,2.81,214.54
68,40,9,350,4,3.29,4.41,222.82
58,40,13,350,4,4.18,4.25,208.15
70,40,7,350,3,3.46,2.31,198.6
70,40,8,350,5,3.38,4.19,237.64
52,40,14,350,4,5.67,3.14,192.12
61,40,13,350,4,5.21,1.85,202.01
49,40,9,350,4,7.91,2.93,178.02
57,40,17,350,3,6.84,2.4,191.51
47,40,13,350,3,6.82,2.02,161.04
54,40,8,350,3,4.04,4.1,176.63
74,40,7,350,5,7.99,2.86,241.29
59,40,14,350,4,5.81,1.85,199.99
63,40,7,350,3,5.47,2.03,183.87
74,40,15,350,5,8.8,3.62,260.05
69,40,14,350,4,8.45,1.63,222.66
48,40,10,350,5,5.4,2.17,184.36
68,40,18,350,4,8.09,3.3,236.45
67,40,14,350,3,3.26,3.49,210.63
63,40,12,350,4,8.66,3.15,215.13
70,40,8,350,5,8.89,2.0,230.41
57,40,7,350,3,5.38,2.67,174.53
69,40,14,350,4,3.34,3.33,227.49
69,40,16,350,3,3.53,1.69,208.45
58,40,14,350,3,8.61,1.61,185.7
55,40,10,350,3,6.96,4.16,185.25
53,40,14,350,5,6.55,2.61,205.5
46,40,17,350,4,4.19,1.73,175.07
49,40,16,350,5,8.95,3.54,207.82
49,40,12,350,4,8.18,3.04,184.03
56,40,8,350,3,8.66,3.54,182.05
51,40,7,350,3,6.33,3.85,169.2
61,40,8,350,5,3.63,2.53,209.2
64,40,14,350,3,5.33,2.75,201.95
58,40,17,350,4,5.97,2.89,209.0
60,40,10,350,4,3.83,4.02,205.68
51,40,12,350,4,8.6,3.48,191.19
68,40,7,350,5,3.51,4.39,232.88
71,40,7,350,3,8.38,2.83,208.25
53,40,8,350,4,3.97,2.9,181.05
55,40,7,350,3,3.64,3.51,173.36
72,40,11,350,5,6.13,1.53,234.63
65,40,12,350,4,7.98,4.03,223.75
69,40,7,350,3,7.38,3.95,209.35
56,40,9,350,3,6.57,4.33,186.28
67,40,10,350,5,7.14,3.55,234.52
48,40,12,350,4,3.6,1.7,170.07
53,40,10,350,5,7.28,2.01,195.93
73,40,9,350,5,3.72,4.13,245.77
57,40,18,350,4,5.53,3.52,211.72
56,40,14,350,5,7.27,4.23,221.74
56,40,11,350,4,4.42,1.99,187.91
68,40,14,350,4,3.68,1.84,217.26
53,40,8,350,5,3.9,3.38,197.09
50,40,10,350,4,6.32,2.86,180.0
73,40,18,350,4,7.04,4.02,250.26
55,40,9,350,3,5.21,2.47,172.38
57,40,12,350,5,7.37,2.07,208.37
62,40,15,350,5,7.86,4.13,236.31
72,40,10,350,4,7.16,2.88,228.08
55,40,14,350,5,4.78,3.01,210.4
47,40,9,350,4,6.24,1.82,165.91
75,40,9,350,5,8.44,3.63,251.63
62,40,14,350,4,5.27,3.84,217.15
47,40,12,350,3,3.91,3.17,163.1
52,40,18,350,5,8.69,3.41,216.71
68,40,15,350,4,7.73,4.44,237.4
69,40,10,350,5,5.71,3.51,237.25
51,40,9,350,3,5.12,4.32,174.15
47,40,11,350,3,3.25,2.58,157.45
67,40,16,350,5,5.17,4.0,245.51
52,40,12,350,4,4.82,1.96,181.25
74,40,12,350,3,4.5,1.7,213.27
74,40,13,350,4,4.4,4.36,243.3
75,40,13,350,4,6.0,3.33,241.12
49,40,14,350,3,6.33,2.57,169.69
51,40,13,350,5,5.59,1.89,194.54
74,40,13,350,4,8.59,2.39,236.08
49,40,18,350,5,3.77,3.9,208.46
60,40,14,350,5,4.19,2.66,218.6
54,40,11,350,5,6.14,2.84,203.41
70,40,15,350,4,5.9,4.22,238.75
59,40,16,350,4,4.78,1.73,201.79
53,40,18,350,5,6.74,1.76,207.74
53,40,15,350,5,7.08,2.31,206.01
68,40,12,350,3,6.85,3.46,212.52
48,40,17,350,4,6.34,3.97,193.99
52,40,10,350,3,5.97,1.68,163.91
64,40,17,350,3,8.9,3.15,212.67
54,40,13,350,3,8.65,2.52,180.57
61,40,12,350,3,8.02,2.04,190.58
59,40,15,350,4,4.9,1.8,200.58
52,40,11,350,5,4.61,4.28,205.82
48,40,13,350,4,7.42,2.14,177.82
71,40,10,350,3,5.87,1.88,205.7
47,40,18,350,5,8.49,3.87,208.39
47,40,16,350,3,4.72,1.58,161.74
69,40,13,350,5,6.07,3.71,243.86
74,40,12,350,5,5.45,1.99,242.59
69,40,11,350,5,8.29,3.08,238.94
47,40,12,350,4,6.89,3.47,180.96
70,40,18,350,5,7.01,2.36,247.84
74,40,18,350,3,8.09,3.49,236.99
69,40,10,350,4,8.85,3.29,225.53
66,40,8,350,4,8.32,2.94,213.2
70,40,7,350,3,8.35,3.25,208.45
59,40,9,350,5,8.53,2.34,210.11
57,40,17,350,3,3.98,2.56,189.75
68,40,7,350,5,4.85,4.04,232.16
58,40,10,350,3,4.07,2.62,180.31
54,40,11,350,5,4.21,1.77,195.59
60,40,13,350,3,7.69,3.5,198.08
63,40,17,350,3,4.64,2.92,205.26
49,40,10,350,5,4.25,1.67,182.62
65,40,14,350,4,6.82,4.39,228.13
48,40,7,350,5,4.26,2.74,181.38
52,40,15,350,4,7.29,4.09,200.7
63,40,15,350,5,5.15,4.27,236.72
68,40,10,350,4,3.43,1.67,209.21
55,40,16,350,5,3.74,2.99,212.75
72,40,7,350,4,8.34,4.1,230.92
46,40,14,350,3,7.19,4.2,173.24
73,40,8,350,4,7.55,2.42,224.57
54,40,10,350,5,4.38,2.66,199.05
67,40,15,350,4,3.19,3.77,227.26
47,40,7,350,3,8.78,2.5,155.28
48,40,17,350,4,6.76,4.49,197.31
73,40,14,350,4,4.31,2.67,233.25
53,40,16,350,4,4.77,2.9,195.51
63,40,8,350,4,6.03,4.18,211.63
57,40,18,350,5,7.52,4.45,232.21
75,40,14,350,4,7.83,3.66,246.4
55,40,10,350,3,3.6,3.95,180.94
50,40,9,350,3,4.7,2.72,162.59
69,40,7,350,5,3.88,2.3,223.59
75,40,10,350,5,3.76,2.59,243.12
75,40,17,350,4,5.81,1.58,237.93
52,40,14,350,5,8.25,3.04,207.36
47,40,17,350,3,5.66,2.18,167.72
56,40,16,350,3,8.17,3.52,195.2
50,40,17,350,3,7.88,1.78,173.96
54,40,14,350,4,6.93,2.51,194.03
58,40,16,350,5,3.47,4.0,224.63
52,40,8,350,5,7.14,1.68,188.37
55,40,17,350,4,8.18,3.13,205.98
47,40,18,350,5,8.33,2.8,202.21
46,40,10,350,5,3.86,3.75,187.55
75,40,14,350,4,8.08,2.28,238.85
47,40,10,350,4,4.22,3.15,173.25
70,40,15,350,4,4.62,2.36,227.07
63,40,15,350,3,4.66,2.23,197.96
47,40,9,350,3,6.7,3.96,165.01
60,40,8,350,4,5.08,2.14,192.81
71,40,9,350,4,5.82,2.44,220.5
67,40,17,350,3,5.79,2.05,210.0
57,40,15,350,5,7.52,2.45,215.79
72,40,8,350,4,5.3,3.96,229.02
48,40,15,350,4,8.97,3.3,189.23
71,40,15,350,4,7.47,4.2,242.24
58,40,9,350,3,8.37,2.76,183.39
75,40,7,350,4,3.35,1.87,220.14
46,40,7,350,3,3.97,1.99,145.79
63,40,13,350,5,3.86,2.57,222.51
53,40,7,350,3,3.41,3.81,170.54
52,40,7,350,5,6.54,2.96,193.32
60,40,18,350,5,8.9,1.91,225.61
73,40,18,350,4,8.54,4.35,253.52
52,40,8,350,5,3.7,2.82,191.6
75,40,14,350,3,4.09,2.68,223.99
58,40,10,350,5,3.55,2.28,204.71
71,40,8,350,3,4.19,2.99,206.97
52,40,16,350,5,4.71,4.41,215.22
48,40,10,350,4,6.06,4.18,182.91
60,40,16,350,3,5.14,2.91,197.52
52,40,8,350,5,5.17,1.66,186.42
55,40,18,350,5,6.94,1.78,212.33
74,40,12,350,4,8.25,3.26,238.96
74,40,13,350,3,8.04,2.88,224.94
58,40,16,350,5,5.44,2.1,215.74
51,40,9,350,3,6.09,1.81,160.9
59,40,12,350,4,7.2,1.95,198.42
69,40,9,350,5,7.6,3.31,236.17
48,40,17,350,4,7.67,2.63,187.67
75,40,10,350,5,4.32,2.44,242.8
59,40,11,350,5,6.05,4.12,221.28
71,40,16,350,5,7.86,3.92,256.14
67,40,18,350,4,7.08,2.98,231.56
73,40,9,350,5,7.21,2.65,240.66
66,40,12,350,4,6.72,3.28,220.49
63,40,12,350,5,4.61,2.46,220.87
63,40,16,350,4,3.59,2.69,214.67
71,40,8,350,3,5.76,2.08,203.3
60,40,14,350,5,8.24,4.32,231.73
55,40,17,350,3,8.19,2.09,186.72
67,40,10,350,4,7.88,3.66,222.43
46,40,7,350,3,4.77,2.0,146.59
56,40,7,350,3,6.64,3.63,178.97
72,40,18,350,4,7.8,3.67,246.85
51,40,8,350,5,4.96,4.0,197.28
73,40,13,350,4,6.61,1.71,228.26
65,40,8,350,5,4.33,3.55,224.19
47,40,12,350,3,8.15,1.54,157.85
61,40,16,350,5,4.46,1.58,218.33
74,40,15,350,4,5.39,4.03,245.79
49,40,7,350,3,8.02,3.97,167.15
69,40,7,350,4,7.53,3.24,218.88
72,40,8,350,5,8.52,4.27,247.16
69,40,14,350,4,4.1,3.77,230.68
62,40,8,350,3,8.62,2.42,188.57
68,40,11,350,4,6.85,3.0,221.61
75,40,11,350,5,8.82,3.19,252.93
52,40,14,350,4,8.3,1.89,187.52
46,40,7,350,4,8.11,3.09,169.24
61,40,9,350,4,8.93,4.4,212.99
73,40,7,350,4,6.68,3.99,230.9
55,40,13,350,3,7.99,1.58,176.8
47,40,10,350,4,5.81,2.39,170.44
47,40,18,350,5,4.19,3.54,202.53
46,40,11,350,4,4.59,2.52,169.61
64,40,15,350,4,6.28,3.17,220.31
64,40,13,350,3,7.94,3.26,205.54
54,40,16,350,4,3.53,4.33,204.56
66,40,9,350,3,3.77,3.06,197.96
65,40,16,350,5,4.25,3.2,235.85
71,40,11,350,5,7.55,3.42,244.46
64,40,9,350,4,4.38,2.57,204.88
73,40,7,350,4,6.09,3.34,226.69
48,40,18,350,4,8.44,1.71,184.91
54,40,12,350,4,7.06,3.1,194.05
46,40,16,350,3,6.65,4.18,176.06
52,40,18,350,3,3.55,2.0,177.18
62,40,8,350,3,5.51,3.73,193.07
69,40,18,350,5,3.49,2.82,245.01
61,40,14,350,3,5.19,2.96,196.57
60,40,14,350,5,6.13,3.91,227.45
62,40,13,350,4,4.47,3.0,209.95
67,40,13,350,3,7.49,4.23,217.02
61,40,17,350,4,6.52,2.37,213.02
66,40,15,350,4,5.18,1.97,216.81
54,40,14,350,3,6.56,1.95,177.13
67,40,17,350,3,6.55,1.96,210.2
72,40,10,350,5,7.94,2.04,237.47
56,40,12,350,3,5.38,3.47,185.47
57,40,17,350,3,5.45,4.08,199.69
59,40,13,350,5,6.11,1.65,210.83
71,40,9,350,4,8.13,3.81,230.37
68,40,8,350,5,3.93,1.54,218.91
46,40,12,350,3,3.52,3.09,160.14
62,40,17,350,3,7.91,4.46,214.84
75,40,14,350,3,4.27,1.63,218.24
62,40,16,350,4,5.43,2.85,215.14
70,40,18,350,3,6.25,3.01,224.0
53,40,8,350,5,6.13,1.94,191.04
53,40,8,350,4,8.58,3.95,191.26
47,40,15,350,4,4.98,1.65,174.07
65,40,16,350,5,4.54,2.07,229.75
48,40,17,350,4,5.99,4.16,194.74
63,40,18,350,3,7.55,1.54,201.9
74,40,14,350,5,8.29,4.12,260.68
72,40,8,350,4,3.75,3.99,227.75
71,40,18,350,5,8.93,4.12,261.69
58,40,10,350,5,6.28,1.56,203.19
70,40,9,350,5,8.59,3.41,239.8
61,40,17,350,4,6.77,3.2,217.93
60,40,13,350,4,8.57,1.58,201.47
63,40,17,350,4,7.12,1.78,214.54
53,40,14,350,3,8.35,3.05,182.85
60,40,11,350,4,3.49,3.88,206.29
59,40,9,350,4,3.67,2.32,192.08
74,40,9,350,4,3.32,2.37,224.21
48,40,10,350,5,8.57,3.17,192.95
66,40,14,350,3,3.95,3.84,211.1
68,40,11,350,3,3.27,2.77,203.58
62,40,14,350,5,8.67,3.65,232.64
56,40,8,350,5,6.2,3.77,207.86
61,40,9,350,3,8.93,2.02,186.17
68,40,8,350,5,8.46,2.44,228.2
68,40,9,350,3,4.75,3.51,205.7
50,40,15,350,3,4.36,3.12,174.82
63,40,18,350,4,6.72,1.71,215.49
67,40,9,350,5,5.93,3.85,233.37
54,40,15,350,5,8.52,1.6,205.49
73,40,15,350,4,3.86,1.95,230.49
60,40,14,350,4,5.08,3.9,213.02
67,40,12,350,3,8.01,2.01,203.27
54,40,8,350,3,6.31,1.98,166.78
54,40,7,350,3,3.44,3.55,171.25
49,40,8,350,3,3.9,3.61,163.01
46,40,17,350,4,8.96,3.02,186.78
58,40,11,350,4,3.9,3.81,201.98
72,40,14,350,5,3.93,1.64,238.34
65,40,8,350,5,4.91,4.38,229.41
75,40,8,350,5,4.1,3.71,246.33
69,40,13,350,4,3.56,3.23,225.42
67,40,17,350,4,8.64,2.71,229.78
55,40,11,350,3,8.42,2.36,178.17
55,40,13,350,5,4.92,4.33,216.26
69,40,14,350,3,6.02,3.25,216.13
54,40,9,350,3,8.25,2.26,171.88
69,40,10,350,4,4.71,1.86,213.62
49,40,11,350,5,5.33,2.43,189.62
63,40,15,350,4,7.88,2.26,214.52
70,40,13,350,4,4.69,2.51,224.55
71,40,9,350,5,6.86,3.61,241.46
69,40,12,350,3,3.21,2.27,204.56
46,40,15,350,4,6.16,3.92,185.82
53,40,8,350,3,5.06,3.86,174.08
63,40,15,350,3,6.56,4.07,210.1
58,40,15,350,4,5.25,3.58,208.8
69,40,18,350,4,5.63,1.76,227.62
58,40,13,350,3,4.86,3.54,191.38
64,40,8,350,4,3.26,3.33,206.41
75,40,17,350,3,4.34,3.5,233.99
69,40,13,350,3,7.2,2.09,208.97
54,40,13,350,3,8.17,2.51,180.07
57,40,11,350,4,5.04,3.57,199.54
74,40,8,350,4,8.73,3.81,235.65
59,40,10,350,3,7.52,1.53,179.52
60,40,10,350,3,5.93,3.59,191.81
50,40,12,350,5,4.83,1.78,189.35
50,40,13,350,3,3.78,4.41,178.12
52,40,9,350,4,3.32,3.62,184.07
53,40,10,350,4,8.06,3.34,190.76
59,40,8,350,3,5.66,3.42,185.02
56,40,18,350,5,4.62,3.47,221.84
48,40,18,350,5,3.38,2.77,199.58
51,40,11,350,4,5.13,1.9,177.34
63,40,12,350,4,7.47,2.32,209.34
62,40,14,350,3,8.23,3.38,203.91
70,40,16,350,5,4.56,3.95,251.1
67,40,18,350,3,5.43,3.44,219.22
54,40,8,350,5,3.96,1.7,189.82
50,40,7,350,3,5.23,3.91,166.37
72,40,18,350,4,3.93,3.58,242.74
62,40,15,350,3,7.59,2.71,201.25
55,40,12,350,4,4.83,2.88,192.88
66,40,13,350,3,6.62,2.48,204.2
73,40,14,350,5,3.81,2.56,245.57
74,40,16,350,3,3.52,1.95,220.63
70,40,11,350,4,5.16,3.75,228.56
62,40,13,350,5,6.08,3.71,228.85
62,40,14,350,3,3.83,4.22,204.55
50,40,15,350,5,7.06,3.25,204.86
69,40,10,350,3,3.24,1.57,197.22
52,40,10,350,3,5.51,3.06,171.27
57,40,14,350,3,4.96,3.18,189.01
61,40,17,350,3,5.73,3.7,206.38
63,40,12,350,4,4.3,3.89,215.25
58,40,10,350,3,6.44,4.32,192.11
46,40,18,350,5,6.0,3.24,200.38
63,40,12,350,3,3.2,3.08,196.25
69,40,14,350,5,8.88,2.37,240.63
60,40,8,350,5,5.7,1.63,203.91
70,40,10,350,4,8.81,2.68,224.2
63,40,7,350,3,6.29,3.82,194.73
55,40,18,350,5,5.56,1.97,212.11
63,40,9,350,5,6.26,3.72,224.37
75,40,7,350,5,6.23,2.68,240.78
61,40,9,350,3,3.84,4.16,193.51
47,40,12,350,5,7.04,4.48,200.2
48,40,11,350,5,5.15,1.81,183.82
50,40,7,350,3,7.68,3.89,168.53
70,40,8,350,3,7.4,3.78,212.27
68,40,14,350,5,8.1,2.97,241.14
72,40,13,350,4,3.35,1.86,223.93
71,40,10,350,4,8.94,3.95,233.63
57,40,7,350,5,4.24,4.23,209.07
48,40,11,350,5,5.73,3.13,191.8
64,40,15,350,5,6.14,4.42,240.63
75,40,16,350,5,6.4,3.16,259.08
62,40,18,350,5,3.79,2.29,227.29
68,40,15,350,5,5.89,3.09,241.48
56,40,16,350,3,8.91,3.14,193.74
69,40,12,350,5,7.35,2.69,237.58
66,40,7,350,5,4.14,4.29,228.62
68,40,8,350,5,4.05,1.98,221.51
48,40,17,350,3,6.07,3.53,177.86
47,40,18,350,5,5.3,1.69,193.13
67,40,9,350,5,5.91,3.74,232.73
54,40,7,350,4,6.67,3.81,189.12
46,40,8,350,4,7.94,2.1,165.21
66,40,15,350,4,5.76,3.43,225.59
55,40,9,350,5,4.51,2.67,199.66
54,40,7,350,4,5.45,3.35,185.39
71,40,18,350,3,4.46,2.33,220.64
46,40,7,350,5,8.77,1.83,176.15
61,40,10,350,5,5.19,3.6,220.12
46,40,16,350,5,8.29,1.9,191.52
53,40,17,350,5,7.72,4.25,220.98
58,40,8,350,4,3.43,4.37,199.56
54,40,8,350,4,7.51,3.24,188.4
63,40,11,350,5,7.56,1.94,218.96
50,40,8,350,3,4.88,4.13,169.0
74,40,13,350,5,6.97,3.75,255.65
59,40,17,350,3,4.5,3.01,197.06
69,40,8,350,4,4.4,2.31,212.44
65,40,18,350,4,7.17,2.28,223.41
66,40,18,350,3,6.82,1.93,209.85
68,40,7,350,5,6.47,3.37,229.88
62,40,15,350,4,5.53,4.19,221.08
71,40,14,350,5,3.32,2.4,239.92
60,40,7,350,3,3.19,4.21,187.61
59,40,16,350,4,7.18,2.34,207.46
53,40,7,350,4,5.6,2.26,177.24
68,40,9,350,5,8.7,1.72,226.08
74,40,17,350,3,5.39,2.5,227.19
61,40,16,350,4,6.27,1.99,208.93
54,40,17,350,4,4.48,2.97,199.49
72,40,15,350,3,3.46,1.9,214.29
74,40,7,350,4,8.33,1.65,221.38
63,40,14,350,5,8.79,3.53,234.22
48,40,11,350,4,4.89,3.86,181.74
65,40,7,350,4,6.9,4.21,215.19
53,40,16,350,5,8.54,3.33,214.84
61,40,15,350,4,5.84,2.47,209.52
47,40,16,350,4,6.85,4.17,191.73
73,40,16,350,5,5.38,2.26,248.76
61,40,9,350,5,4.06,4.0,219.61
75,40,9,350,3,7.4,2.37,216.75
68,40,13,350,4,3.46,4.44,230.01
63,40,13,350,3,4.06,3.73,202.43
53,40,11,350,3,3.17,1.94,166.63
70,40,7,350,5,8.23,4.48,242.07
48,40,11,350,5,3.48,3.52,191.91
75,40,7,350,5,8.65,1.67,237.34
46,40,17,350,4,4.63,3.41,184.95
62,40,11,350,4,7.76,2.9,209.02
53,40,10,350,5,8.21,3.49,205.15
49,40,16,350,5,6.55,4.1,208.75
73,40,14,350,4,6.52,3.92,242.36
55,40,10,350,4,7.1,4.22,199.12
72,40,18,350,5,4.21,1.71,245.86
68,40,14,350,5,7.23,2.18,235.88
75,40,7,350,4,5.29,2.08,223.13
62,40,18,350,3,3.23,3.83,208.65
49,40,18,350,4,6.45,3.77,196.82
53,40,16,350,4,7.38,4.33,206.0
74,40,8,350,4,5.87,3.75,232.65
53,40,7,350,4,4.65,2.18,175.9
54,40,18,350,5,4.85,4.33,222.62
75,40,7,350,3,3.81,2.22,209.14
75,40,11,350,3,6.76,3.97,228.61
68,40,15,350,4,7.73,2.73,227.76
59,40,18,350,4,4.9,2.38,208.99
49,40,15,350,4,4.91,3.34,187.82
52,40,13,350,5,8.11,3.77,209.63
70,40,17,350,3,8.49,4.31,231.7
47,40,18,350,3,7.62,3.42,178.25
71,40,14,350,5,3.8,2.31,239.86
56,40,14,350,4,8.29,1.6,194.45
65,40,18,350,3,8.15,4.29,222.26
52,40,16,350,4,8.28,2.09,192.06
73,40,11,350,4,6.85,1.87,225.96
73,40,13,350,3,6.62,2.29,218.14
65,40,8,350,5,6.76,3.63,226.9
51,40,9,350,4,3.36,3.72,182.53
69,40,7,350,5,4.63,2.59,225.92
60,40,12,350,4,6.1,3.4,207.72
61,40,13,350,3,4.22,1.97,188.37
69,40,12,350,3,7.58,3.06,213.08
52,40,12,350,5,3.77,3.65,203.2
69,40,13,350,5,5.9,3.51,242.57
51,40,16,350,3,4.88,4.24,185.48
54,40,7,350,4,7.53,1.53,177.06
59,40,14,350,5,3.6,3.49,220.59
47,40,17,350,3,6.52,1.57,165.08
46,40,8,350,5,4.02,3.81,184.61
53,40,12,350,3,8.24,2.67,177.18
63,40,12,350,3,6.27,1.54,190.42
71,40,13,350,3,4.61,3.01,216.04
52,40,16,350,5,6.75,1.86,202.74
75,40,16,350,3,6.45,3.74,235.6
51,40,10,350,4,8.63,4.02,190.84
60,40,14,350,5,7.11,2.58,220.86
70,40,17,350,3,7.8,3.36,225.7
73,40,12,350,5,3.21,2.88,243.38
66,40,16,350,5,4.94,1.87,231.14
69,40,18,350,3,3.18,3.41,221.25
68,40,9,350,3,4.04,2.19,197.6
67,40,16,350,3,4.13,3.79,216.56
48,40,10,350,5,6.13,2.41,186.4
71,40,15,350,3,5.26,2.45,216.92
47,40,16,350,5,6.13,3.68,201.7
66,40,8,350,5,7.5,1.55,218.0
65,40,8,350,5,6.41,4.02,228.77
63,40,9,350,4,3.41,2.05,198.9
47,40,10,350,5,6.38,1.55,179.63
70,40,13,350,4,5.58,1.73,220.98
74,40,15,350,4,6.37,3.37,242.98
63,40,18,350,3,3.31,2.13,201.28
57,40,12,350,4,5.75,3.17,199.66
66,40,7,350,5,5.1,4.0,227.87
61,40,15,350,3,6.41,3.51,202.52
75,40,11,350,4,6.23,4.0,241.69
46,40,14,350,4,8.73,3.04,181.53
68,40,10,350,5,5.74,3.28,233.84
61,40,18,350,3,5.19,4.29,210.92
66,40,8,350,3,7.92,2.16,195.03
58,40,7,350,4,7.76,2.4,190.76
68,40,12,350,5,5.42,1.67,227.89
46,40,13,350,3,4.51,2.12,157.31
66,40,18,350,5,8.23,2.78,242.76
74,40,10,350,5,3.96,2.43,240.26
61,40,12,350,5,3.57,3.11,219.28
60,40,18,350,3,5.97,2.26,198.06
61,40,11,350,5,4.23,4.39,225.4
69,40,9,350,3,4.65,3.07,205.27
51,40,17,350,4,7.7,1.99,190.52
73,40,12,350,4,3.59,1.99,225.32
57,40,9,350,4,5.48,4.02,199.06
75,40,18,350,5,7.18,2.24,258.04
49,40,11,350,3,7.67,2.37,164.66
71,40,12,350,5,4.72,3.41,243.49
62,40,8,350,5,8.91,3.81,223.48
53,40,7,350,5,4.59,4.22,200.75
71,40,18,350,4,4.08,4.33,244.97
47,40,10,350,5,8.96,2.48,187.28
66,40,16,350,3,7.31,2.95,212.63
71,40,10,350,3,5.39,3.68,215.41
52,40,18,350,5,5.06,3.71,215.03
47,40,16,350,3,7.34,2.26,168.02
53,40,14,350,3,4.97,3.24,180.78
60,40,9,350,3,6.08,3.76,191.19
58,40,13,350,4,6.95,1.99,197.98
50,40,16,350,3,3.92,1.79,168.62
66,40,17,350,5,6.93,3.59,244.41
63,40,13,350,4,6.89,1.7,207.02
61,40,8,350,5,3.97,1.64,204.5
70,40,15,350,4,8.29,2.64,232.06
55,40,16,350,5,7.68,2.09,211.33
61,40,16,350,4,6.45,2.67,212.93
70,40,12,350,5,3.2,4.26,244.72
62,40,15,350,5,4.07,2.11,221.39
69,40,7,350,3,6.08,3.37,204.87
49,40,13,350,5,8.7,1.95,193.48
68,40,16,350,5,3.62,4.19,247.29
51,40,11,350,4,4.09,3.99,188.16
59,40,11,350,5,6.36,2.57,212.82
75,40,9,350,4,7.99,2.31,230.36
54,40,12,350,3,5.02,1.85,171.7
46,40,18,350,5,8.77,4.33,209.1
53,40,18,350,4,6.22,3.44,203.33
73,40,9,350,5,5.18,4.33,248.25
60,40,16,350,5,7.63,3.47,229.8
74,40,15,350,5,3.16,3.16,252.21
66,40,12,350,3,6.41,2.67,203.36
48,40,9,350,5,4.97,2.72,185.35
73,40,18,350,3,8.43,3.19,233.47
49,40,16,350,5,5.26,2.57,198.92
55,40,16,350,5,4.48,1.97,207.68
57,40,13,350,3,5.85,3.07,187.51
59,40,7,350,4,5.43,1.97,188.32
61,40,18,350,4,6.78,4.18,225.18
67,40,7,350,5,6.33,3.61,228.96
68,40,13,350,5,8.88,3.64,243.93
64,40,14,350,3,6.06,2.94,203.7
48,40,8,350,5,5.46,3.29,187.31
63,40,17,350,5,8.39,2.65,234.03
61,40,17,350,3,7.0,3.19,204.69
64,40,9,350,4,5.0,2.58,205.51
48,40,8,350,5,5.03,4.13,191.65
64,40,18,350,3,7.46,3.09,212.7
52,40,18,350,5,7.57,2.37,209.8
64,40,11,350,3,3.28,1.86,189.88
65,40,9,350,4,8.64,2.67,211.55
74,40,10,350,3,3.65,3.98,221.91
70,40,17,350,5,7.26,2.82,248.95
50,40,11,350,4,5.15,3.11,182.04
53,40,11,350,5,8.36,3.73,208.35
48,40,14,350,4,5.81,3.59,186.21
47,40,9,350,4,3.94,3.56,173.59
72,40,13,350,5,3.41,4.04,249.68
52,40,13,350,5,7.04,4.05,210.21
75,40,15,350,3,6.65,3.64,233.5
51,40,12,350,4,8.36,3.18,189.28
53,40,7,350,5,6.61,2.05,190.39
61,40,7,350,5,4.55,2.35,207.33
51,40,16,350,4,6.93,3.36,195.82
53,40,8,350,5,4.19,2.04,189.8
51,40,14,350,3,5.77,2.63,173.79
59,40,16,350,5,3.63,4.39,229.12
58,40,7,350,3,5.83,1.84,172.41
72,40,11,350,3,5.32,3.34,217.28
72,40,17,350,4,4.96,4.37,246.44
59,40,11,350,5,5.05,4.12,220.35
57,40,12,350,4,5.69,3.42,201.02
51,40,11,350,3,8.5,2.87,172.54
48,40,14,350,3,6.97,2.04,165.15
74,40,11,350,3,8.41,3.76,226.81
61,40,13,350,3,5.24,1.85,188.64
68,40,18,350,5,8.12,4.17,254.79
56,40,13,350,3,3.45,2.53,180.08
49,40,12,350,4,5.0,1.57,172.78
49,40,18,350,5,8.67,1.65,200.33
70,40,11,350,5,4.33,4.29,244.23
56,40,9,350,4,5.97,2.75,190.21
66,40,8,350,5,8.19,4.32,234.27
63,40,16,350,4,7.41,4.46,228.21
62,40,9,350,3,8.38,1.58,185.32
58,40,10,350,4,5.63,4.21,204.13
58,40,14,350,5,7.6,4.18,226.05
68,40,13,350,5,7.78,1.99,233.6
50,40,12,350,3,3.32,2.68,166.22
57,40,8,350,3,3.72,1.95,170.64
56,40,11,350,4,7.22,3.58,199.48
49,40,7,350,5,5.31,3.54,189.01
61,40,11,350,3,7.62,3.78,198.31
50,40,7,350,5,4.98,3.96,193.22
56,40,8,350,3,6.44,3.81,181.51
53,40,10,350,5,5.26,2.57,197.21
63,40,14,350,5,3.33,1.77,219.21
57,40,11,350,3,8.09,3.96,191.18
68,40,14,350,4,4.31,3.22,225.63
53,40,16,350,4,5.56,3.8,201.32
59,40,17,350,3,6.42,3.12,199.47
74,40,7,350,5,3.26,2.2,233.17
68,40,15,350,4,4.18,1.91,219.83
70,40,15,350,5,6.65,3.87,250.88
59,40,12,350,4,6.71,1.78,197.01
65,40,11,350,4,3.41,2.48,209.04
48,40,11,350,5,7.89,2.65,191.1
67,40,18,350,5,4.8,4.16,249.5
47,40,18,350,3,5.11,3.53,176.53
64,40,7,350,5,3.42,2.24,212.09
63,40,18,350,3,5.4,2.75,206.72
74,40,13,350,4,5.97,4.24,244.08
63,40,9,350,4,8.75,4.49,217.62
63,40,8,350,5,5.63,1.95,212.08
55,40,18,350,3,7.36,4.21,199.62
64,40,13,350,3,6.28,2.52,199.82
60,40,15,350,4,3.41,4.02,213.86
63,40,18,350,5,4.69,3.89,239.29
46,40,14,350,5,3.71,3.19,191.11
48,40,9,350,3,8.92,4.24,170.8
67,40,11,350,3,3.29,4.2,209.52
65,40,9,350,4,4.35,3.3,211.11
51,40,15,350,3,3.51,2.05,170.14
59,40,9,350,4,3.36,4.47,203.92
57,40,16,350,4,6.86,3.65,210.26
50,40,15,350,5,4.08,3.14,201.47
66,40,11,350,3,5.71,3.96,208.27
60,40,16,350,4,3.55,3.56,213.11
70,40,9,350,5,3.77,2.42,229.73
54,40,17,350,5,8.23,2.76,215.19
69,40,12,350,4,7.52,3.13,226.82
74,40,16,350,3,7.72,2.7,228.77
67,40,15,350,4,4.59,3.38,226.36
64,40,11,350,5,6.79,3.08,226.82
64,40,8,350,3,4.75,2.26,188.36
51,40,13,350,4,7.84,3.54,192.54
50,40,13,350,5,5.71,2.09,193.63
68,40,13,350,4,8.06,3.79,230.62
72,40,7,350,4,5.78,4.42,230.34
62,40,7,350,5,7.22,3.56,218.78
60,40,9,350,4,6.33,3.28,202.11
62,40,9,350,4,3.45,4.27,209.31
58,40,8,350,4,7.66,2.79,194.58
46,40,8,350,4,8.45,3.41,173.08
52,40,17,350,5,6.02,3.04,210.43
54,40,10,350,5,7.21,4.38,211.38
56,40,7,350,5,3.51,3.9,204.38
59,40,8,350,3,4.83,4.47,190.17
57,40,11,350,3,3.46,1.95,175.54
72,40,13,350,5,6.69,3.71,250.87
62,40,14,350,5,7.38,3.06,228.11
46,40,13,350,3,8.95,2.65,164.43
54,40,14,350,3,4.63,3.77,185.6
48,40,14,350,4,5.8,2.71,181.24
54,40,18,350,3,3.77,3.19,188.38
73,40,12,350,5,6.55,2.58,244.8
72,40,9,350,3,8.95,3.53,218.3
54,40,10,350,4,7.59,3.04,190.78
51,40,18,350,4,4.81,3.0,195.25
53,40,17,350,5,6.08,3.82,217.03
68,40,14,350,4,7.67,3.77,231.86
70,40,13,350,5,8.04,1.95,237.91
59,40,8,350,5,6.63,3.26,211.82
63,40,15,350,3,7.6,3.09,205.54
47,40,15,350,4,7.08,1.9,177.43
73,40,13,350,4,7.91,1.89,230.49
69,40,18,350,3,7.95,1.88,217.06
66,40,7,350,4,6.39,3.83,214.71
59,40,17,350,3,8.45,4.43,208.74
59,40,12,350,5,8.39,2.03,213.38
68,40,15,350,5,3.28,3.36,240.58
51,40,15,350,5,5.48,4.03,209.93
64,40,17,350,3,6.85,2.11,204.89
59,40,15,350,3,7.96,4.37,204.52
70,40,17,350,4,8.7,2.54,235.31
75,40,13,350,3,5.4,2.66,223.39
68,40,13,350,5,3.47,2.29,231.29
74,40,7,350,3,6.13,1.73,206.39
51,40,11,350,3,4.26,3.49,172.1
75,40,8,350,5,7.84,2.84,244.9
63,40,10,350,5,3.82,3.08,220.2
52,40,18,350,5,7.75,3.79,217.98
62,40,8,350,4,4.24,4.29,208.44
73,40,9,350,3,8.51,1.88,210.73
68,40,16,350,3,5.26,1.73,208.14
73,40,11,350,5,5.18,2.47,241.19
54,40,15,350,5,7.71,3.38,214.78
46,40,13,350,4,8.26,3.67,182.94
71,40,8,350,4,5.86,3.21,223.16
71,40,18,350,4,7.34,3.0,240.5
69,40,8,350,3,6.96,4.35,212.93
75,40,16,350,4,4.84,2.66,241.41
57,40,16,350,5,7.61,2.89,220.07
49,40,9,350,5,6.08,1.61,182.27
53,40,12,350,5,4.09,4.04,207.85
48,40,15,350,5,4.88,4.1,203.34
60,40,8,350,4,3.25,3.09,196.46
65,40,14,350,4,4.83,4.13,224.81
75,40,9,350,5,4.48,4.29,251.67
56,40,7,350,5,4.27,2.45,196.91
49,40,9,350,5,5.75,1.79,182.98
67,40,9,350,5,6.03,1.95,222.75
53,40,15,350,4,7.6,4.17,203.59
48,40,9,350,3,6.18,3.64,164.87
58,40,9,350,3,7.56,2.9,183.43
59,40,14,350,5,4.8,3.33,220.8
55,40,8,350,5,8.44,4.15,209.94
59,40,18,350,5,3.41,3.62,228.0
52,40,14,350,5,6.3,2.38,201.82
71,40,12,350,4,5.19,4.35,235.83
50,40,13,350,4,3.38,3.7,187.15
55,40,11,350,4,6.79,3.38,195.81
47,40,8,350,5,8.26,2.62,183.99
56,40,17,350,5,3.33,3.38,218.42
69,40,14,350,5,8.14,1.92,237.4
53,40,10,350,5,4.41,2.72,197.27
63,40,17,350,5,8.8,4.46,244.62
75,40,13,350,5,8.55,3.46,257.63
64,40,7,350,4,7.93,3.9,212.25
70,40,18,350,5,7.79,2.16,247.43
72,40,10,350,5,8.75,3.23,244.94
52,40,10,350,4,4.36,1.54,175.02
51,40,18,350,3,3.22,1.59,172.41
63,40,14,350,4,5.6,2.39,211.42
53,40,18,350,4,3.41,2.37,194.68
57,40,13,350,4,7.77,3.36,204.33
46,40,12,350,5,5.92,2.15,183.87
69,40,8,350,3,5.21,3.23,204.98
63,40,15,350,3,7.7,2.36,201.52
74,40,10,350,4,5.57,3.39,233.77
51,40,8,350,3,5.3,3.19,166.23
57,40,9,350,3,4.03,1.7,171.23
56,40,8,350,5,4.78,3.05,202.48
47,40,10,350,5,7.58,3.83,193.61
65,40,8,350,3,3.86,2.28,189.79
48,40,13,350,3,5.84,2.31,163.91
53,40,7,350,5,5.11,3.41,196.67
50,40,10,350,3,7.1,3.63,171.67
65,40,14,350,4,8.2,3.97,227.04
64,40,17,350,3,8.01,3.6,214.38
56,40,12,350,3,8.18,4.07,191.45
63,40,7,350,3,4.45,4.39,196.23
65,40,16,350,4,5.83,3.54,225.84
54,40,18,350,3,6.11,2.9,188.93
73,40,7,350,5,8.27,2.62,238.05
46,40,11,350,4,6.99,2.35,170.88
72,40,12,350,3,7.03,4.29,225.94
62,40,9,350,3,4.87,4.46,198.3
55,40,17,350,3,5.06,4.26,196.05
74,40,11,350,5,8.24,1.8,242.4
68,40,18,350,5,4.46,2.56,242.3
54,40,13,350,5,5.97,4.46,215.82
59,40,16,350,3,3.77,4.39,202.45
55,40,12,350,3,4.77,2.89,179.48
56,40,13,350,4,3.33,2.33,192.24
68,40,15,350,4,6.67,4.41,236.25
72,40,16,350,5,7.84,2.68,251.27
54,40,10,350,3,7.72,2.32,173.44
71,40,8,350,5,7.03,3.41,238.78
59,40,12,350,5,8.3,3.61,222.21
56,40,18,350,5,7.63,2.85,221.15
73,40,14,350,3,6.43,1.98,217.93
48,40,18,350,4,6.21,3.58,193.38
51,40,17,350,3,5.06,3.66,184.09
63,40,18,350,4,3.61,3.85,224.66
51,40,12,350,4,4.16,2.77,183.06
47,40,8,350,4,7.15,2.18,167.07
51,40,12,350,5,7.39,4.28,207.98
62,40,17,350,4,5.63,4.47,226.18
58,40,13,350,4,3.53,3.07,200.89
73,40,7,350,3,3.91,3.78,213.74
68,40,17,350,5,8.21,4.45,254.74
69,40,9,350,5,8.81,3.65,239.21
54,40,16,350,4,7.17,4.2,207.21
46,40,12,350,5,6.69,2.89,188.76
70,40,9,350,3,7.02,3.65,212.89
74,40,7,350,3,7.53,2.04,209.44
66,40,11,350,5,3.77,3.16,228.76
63,40,15,350,3,7.39,2.19,200.27
60,40,12,350,3,5.1,4.06,197.11
73,40,18,350,3,7.1,2.7,229.47
53,40,10,350,4,5.91,3.77,191.19
51,40,11,350,4,4.01,3.67,186.28
67,40,18,350,3,6.03,2.34,213.58
46,40,15,350,4,6.32,3.12,181.46
53,40,18,350,5,4.63,2.55,210.23
53,40,15,350,5,4.2,3.09,207.73
60,40,14,350,4,3.23,2.92,205.77
46,40,13,350,3,5.54,2.85,162.38
54,40,12,350,4,8.18,3.14,195.32
65,40,13,350,3,3.72,2.67,200.43
65,40,13,350,4,5.72,2.5,214.73
67,40,9,350,3,6.57,3.67,206.15
56,40,7,350,4,5.22,2.24,183.21
53,40,10,350,3,6.56,3.04,174.27
75,40,10,350,3,8.96,2.37,219.92
52,40,18,350,4,8.62,2.08,195.74
68,40,12,350,3,6.6,4.3,217.02
53,40,15,350,4,5.36,3.32,196.71
66,40,17,350,3,6.96,3.73,218.42
48,40,15,350,5,3.91,2.53,193.58
65,40,14,350,3,3.4,3.05,203.99
51,40,8,350,3,6.43,4.35,173.82
46,40,8,350,5,3.21,3.85,184.08
67,40,16,350,3,4.93,2.07,207.6
57,40,14,350,3,8.4,4.05,197.12
49,40,14,350,3,5.69,2.78,170.28
59,40,18,350,5,5.58,2.93,226.13
61,40,16,350,4,8.81,1.93,210.95
60,40,11,350,5,5.17,4.05,222.21
46,40,13,350,4,5.92,1.58,168.97
61,40,14,350,3,4.6,4.33,203.74
48,40,10,350,5,3.37,3.36,189.19
62,40,7,350,5,7.88,3.21,217.42
66,40,18,350,5,7.14,1.98,237.23
70,40,10,350,4,3.91,3.17,222.41
59,40,15,350,4,8.78,2.54,208.36
75,40,17,350,4,4.36,3.67,248.37
52,40,14,350,4,7.41,2.43,189.74
57,40,7,350,4,7.5,4.19,198.47
68,40,14,350,5,7.78,3.31,242.76
49,40,8,350,4,8.61,3.86,182.2
60,40,7,350,5,3.26,3.63,211.2
71,40,9,350,3,7.55,1.64,204.19
58,40,10,350,4,3.67,1.9,189.28
48,40,7,350,4,4.88,3.63,173.57
65,40,12,350,5,6.77,4.02,235.97
71,40,13,350,4,4.2,3.14,229.8
70,40,9,350,4,7.53,2.93,222.71
61,40,9,350,4,7.49,2.65,201.79
69,40,17,350,5,4.54,2.63,243.2
68,40,15,350,3,6.31,3.02,214.68
49,40,12,350,3,7.23,3.29,171.16
67,40,15,350,5,8.75,2.93,241.09
66,40,13,350,3,3.56,2.19,199.72
54,40,15,350,5,3.28,1.71,201.24
57,40,14,350,4,4.47,3.04,201.17
55,40,7,350,5,8.76,1.78,195.16
73,40,9,350,3,7.88,3.94,221.76
64,40,18,350,4,3.89,4.38,230.06
57,40,10,350,4,6.43,1.74,188.8
73,40,14,350,5,8.83,2.61,250.52
64,40,9,350,3,6.59,2.61,193.76
66,40,12,350,5,5.3,2.17,226.31
72,40,10,350,3,5.75,3.36,216.08
64,40,17,350,3,3.72,3.49,209.77
75,40,14,350,4,6.07,2.09,235.91
69,40,9,350,5,8.24,4.29,242.29
67,40,12,350,5,8.35,2.79,234.79
59,40,15,350,5,5.37,1.73,214.02
75,40,10,350,3,7.1,2.17,217.06
74,40,11,350,5,7.59,3.13,249.3
57,40,15,350,4,6.64,3.41,206.99
57,40,15,350,5,6.5,2.52,215.24
69,40,14,350,3,6.79,3.08,215.89
71,40,18,350,3,6.84,1.92,220.54
51,40,9,350,4,4.29,2.16,174.6
48,40,9,350,4,7.18,2.81,174.51
51,40,16,350,3,6.35,2.87,179.12
69,40,14,350,4,6.07,4.0,233.81
48,40,14,350,4,5.5,2.76,181.24
48,40,9,350,5,5.79,1.78,180.81
51,40,15,350,4,3.32,3.41,191.03
55,40,11,350,3,3.94,3.22,178.86
69,40,13,350,5,8.11,1.7,234.42
69,40,11,350,4,4.32,1.58,213.39
53,40,13,350,3,3.6,3.61,179.88
70,40,18,350,3,8.55,2.73,224.56
52,40,18,350,5,3.44,3.98,215.04
46,40,11,350,3,4.61,1.54,150.7
48,40,14,350,5,3.73,1.67,186.85
72,40,18,350,5,8.63,3.0,257.24
58,40,11,350,3,6.26,4.37,193.94
53,40,12,350,3,8.41,1.7,171.87
70,40,15,350,3,5.13,2.18,213.13
47,40,15,350,3,5.2,2.61,166.29
67,40,17,350,5,7.79,2.37,240.47
73,40,12,350,5,7.6,2.97,247.98
65,40,11,350,3,8.44,2.33,199.47
46,40,14,350,4,4.1,3.3,178.69
61,40,14,350,5,6.11,2.67,222.59
75,40,16,350,4,3.6,3.23,243.47
71,40,12,350,4,4.64,3.86,232.55
72,40,16,350,5,8.11,2.32,249.5
64,40,12,350,5,4.53,4.14,232.41
71,40,10,350,3,6.03,3.47,214.82
47,40,17,350,3,7.85,3.91,179.51
56,40,10,350,5,5.34,4.31,213.54
55,40,10,350,5,4.7,2.41,200.08
56,40,16,350,4,8.67,2.96,205.91
53,40,9,350,3,4.41,1.78,163.45
62,40,13,350,5,6.71,3.34,227.35
61,40,17,350,3,3.56,3.37,202.51
48,40,11,350,3,8.67,2.17,162.32
63,40,18,350,4,4.82,2.47,218.01
66,40,17,350,3,4.76,3.09,212.77
56,40,9,350,5,8.4,3.91,212.41
75,40,8,350,5,3.35,3.35,243.6
74,40,16,350,3,5.23,4.33,235.64
59,40,18,350,4,3.73,3.4,213.66
64,40,11,350,4,6.96,4.14,219.56
58,40,11,350,3,6.8,2.84,185.81
67,40,13,350,3,8.5,2.79,209.84
48,40,14,350,4,6.39,3.18,184.44
73,40,18,350,3,6.86,3.59,234.27
67,40,14,350,4,7.89,1.94,219.59
48,40,18,350,5,8.94,1.83,199.45
54,40,18,350,3,6.98,3.52,193.23
58,40,16,350,3,3.46,2.6,189.92
50,40,9,350,4,7.08,2.0,174.14
60,40,11,350,4,4.67,4.14,208.85
58,40,15,350,3,5.0,4.28,199.11
63,40,18,350,3,6.78,1.82,202.76
47,40,7,350,5,8.42,3.04,184.79
60,40,15,350,4,3.56,3.03,208.41
64,40,7,350,5,6.11,4.06,224.86
61,40,12,350,4,5.82,1.87,200.98
49,40,10,350,5,5.78,2.12,186.58
69,40,9,350,3,3.8,1.97,198.28
46,40,9,350,5,4.06,2.47,178.81
61,40,9,350,5,5.77,3.37,217.65
56,40,18,350,3,8.59,2.22,191.69
63,40,8,350,4,3.46,3.29,204.22
64,40,14,350,3,5.94,3.03,204.09
50,40,15,350,5,4.26,4.24,207.84
58,40,9,350,3,5.18,1.86,175.35
49,40,7,350,3,4.9,3.56,161.94
52,40,7,350,3,6.45,4.16,173.2
60,40,14,350,3,5.63,3.75,199.29
69,40,14,350,5,6.97,2.74,240.94
66,40,14,350,5,4.24,2.61,231.23
57,40,10,350,5,8.45,2.87,210.45
74,40,18,350,3,8.76,2.65,232.88
72,40,7,350,4,5.14,4.14,228.17
46,40,18,350,3,5.25,1.75,164.48
73,40,17,350,3,8.19,4.48,238.81
70,40,15,350,3,4.43,2.22,212.7
55,40,7,350,5,8.44,2.71,200.11
72,40,8,350,5,4.27,1.56,227.92
64,40,15,350,5,6.79,4.12,239.55
69,40,11,350,4,5.6,3.5,225.41
47,40,17,350,5,4.97,1.61,190.66
49,40,17,350,3,6.48,2.13,172.49
66,40,14,350,5,7.78,2.66,234.81
47,40,13,350,5,5.73,3.23,193.65
60,40,17,350,5,4.82,3.76,230.53
60,40,17,350,3,3.89,2.67,196.72
50,40,12,350,3,3.6,1.89,162.03
67,40,7,350,4,4.91,1.79,203.98
66,40,7,350,3,8.28,1.67,190.89
53,40,16,350,5,3.88,3.57,211.86
71,40,17,350,3,6.06,1.66,216.64
58,40,8,350,3,3.94,3.52,181.84
60,40,9,350,4,4.01,1.7,191.05
75,40,17,350,5,7.2,3.22,261.87
52,40,7,350,4,3.3,4.07,183.16
64,40,10,350,4,4.01,3.2,209.8
74,40,16,350,3,6.12,2.72,227.39
48,40,13,350,5,3.48,2.96,192.18
71,40,8,350,4,6.97,4.09,229.16
61,40,18,350,4,8.8,4.14,226.84
70,40,11,350,5,7.2,3.46,242.22
69,40,17,350,4,3.18,2.79,229.44
75,40,12,350,5,7.13,2.5,249.18
55,40,9,350,5,7.57,4.24,211.36
66,40,15,350,3,3.84,2.43,204.76
68,40,7,350,5,7.57,3.14,229.61
67,40,13,350,3,4.88,3.69,211.55
71,40,14,350,4,8.64,3.46,237.44
56,40,10,350,3,8.29,3.78,186.49
51,40,13,350,3,3.53,3.39,174.28
67,40,13,350,4,3.62,3.31,221.64
57,40,18,350,5,6.4,3.28,224.57
58,40,12,350,5,5.09,2.24,209.35
56,40,18,350,4,7.47,2.41,205.12
68,40,10,350,3,6.51,2.94,205.84
70,40,14,350,3,5.04,3.12,216.63
71,40,8,350,3,8.19,3.4,213.0
49,40,15,350,5,4.36,2.68,196.99
64,40,9,350,4,7.18,2.29,205.9
61,40,7,350,3,8.44,1.73,180.65
64,40,12,350,5,3.18,2.37,221.18
68,40,15,350,5,4.23,2.34,235.71
48,40,7,350,5,8.93,3.16,188.09
57,40,15,350,5,8.03,4.07,225.4
50,40,7,350,4,6.43,1.64,168.08
57,40,11,350,5,3.32,4.1,214.33
52,40,10,350,3,6.7,2.25,167.8
66,40,18,350,3,5.41,1.72,207.36
58,40,8,350,3,6.24,1.69,173.66
74,40,16,350,5,4.48,3.23,255.54
69,40,11,350,4,7.9,1.88,218.41
64,40,17,350,4,3.5,3.38,222.34
66,40,12,350,5,4.81,3.81,235.1
71,40,7,350,5,7.54,3.88,240.19
66,40,18,350,5,3.75,2.21,235.38
53,40,15,350,3,5.37,1.65,173.9
70,40,15,350,5,8.26,1.91,241.32
63,40,18,350,5,5.45,3.41,237.29
72,40,12,350,5,5.36,2.8,242.79
53,40,7,350,5,8.73,4.32,205.17
70,40,8,350,3,4.37,2.06,199.75
61,40,18,350,3,3.61,3.76,206.47
51,40,18,350,3,6.08,2.02,177.5
48,40,7,350,5,8.11,3.93,191.67
75,40,14,350,5,3.19,3.18,252.78
65,40,13,350,4,8.21,4.4,227.76
75,40,11,350,4,8.94,2.67,236.71
62,40,10,350,4,8.0,3.7,212.04
72,40,12,350,3,6.93,3.27,220.1
73,40,8,350,5,4.87,3.54,241.79
55,40,13,350,3,6.88,2.21,179.32
49,40,11,350,5,6.93,2.96,194.1
53,40,10,350,5,6.29,3.77,204.94
69,40,7,350,4,8.82,2.62,216.58
46,40,7,350,3,5.97,1.61,145.5
68,40,14,350,3,8.46,2.69,213.1
50,40,17,350,4,6.92,4.45,201.53
67,40,16,350,4,4.17,3.71,229.55
73,40,8,350,3,8.67,2.68,213.68
50,40,18,350,5,8.61,3.44,212.52
54,40,16,350,5,4.89,3.79,216.18
47,40,11,350,4,5.85,2.29,171.63
67,40,8,350,4,6.4,2.19,209.33
58,40,18,350,5,4.39,4.02,229.02
65,40,10,350,5,5.86,2.29,221.93
56,40,14,350,4,5.07,3.76,203.64
72,40,15,350,5,3.96,2.02,242.23
64,40,12,350,4,7.68,2.32,211.68
51,40,8,350,4,6.03,2.26,175.06
47,40,17,350,3,7.39,4.24,180.94
57,40,16,350,5,7.24,1.87,213.97
57,40,18,350,4,7.06,4.45,218.39
72,40,18,350,5,6.82,3.75,259.79
47,40,18,350,4,7.49,3.33,191.02
57,40,8,350,5,3.86,2.25,199.26
70,40,18,350,5,5.59,3.84,254.86
53,40,8,350,5,4.29,2.97,195.14
46,40,7,350,5,6.89,2.75,179.59
51,40,16,350,5,4.18,4.1,210.83
72,40,18,350,5,4.45,2.04,247.94
57,40,14,350,4,5.49,2.84,200.99
57,40,8,350,4,3.16,3.83,194.12
57,40,13,350,5,7.25,2.85,214.37
53,40,11,350,3,4.93,2.3,170.3
50,40,11,350,4,7.46,1.66,176.01
48,40,13,350,4,4.08,3.32,181.36
66,40,17,350,3,4.81,2.86,211.52
75,40,9,350,5,6.0,3.62,249.3
73,40,12,350,5,5.26,4.22,252.85
68,40,12,350,4,5.15,3.27,223.26
48,40,18,350,3,8.06,3.03,178.6
71,40,8,350,3,7.53,3.57,213.35
51,40,15,350,5,8.49,2.44,203.77
60,40,10,350,4,5.75,4.27,208.87
74,40,11,350,4,5.64,2.2,228.84
73,40,7,350,3,4.14,1.68,202.11
68,40,8,350,4,4.96,4.48,223.05
71,40,13,350,5,7.47,4.28,252.67
61,40,18,350,3,4.52,2.59,200.71
48,40,17,350,4,6.49,4.48,197.01
60,40,11,350,5,5.46,2.4,213.17
63,40,15,350,4,5.0,2.41,212.69
65,40,13,350,3,3.63,2.91,201.7
58,40,12,350,5,5.46,1.76,206.99
67,40,17,350,3,8.39,2.94,217.44
61,40,11,350,5,5.52,3.03,218.92
51,40,8,350,4,7.93,4.25,188.05
54,40,14,350,4,5.35,2.46,192.28
53,40,15,350,3,4.22,1.88,174.13
46,40,14,350,3,8.03,1.89,161.0
64,40,15,350,5,5.58,1.91,225.96
71,40,13,350,5,3.81,4.27,249.21
58,40,13,350,5,6.45,2.49,213.74
48,40,17,350,5,3.8,3.26,201.02
71,40,16,350,3,4.38,4.07,226.95
56,40,10,350,4,6.27,3.85,198.41
60,40,14,350,3,8.2,2.78,196.21
54,40,8,350,3,6.49,2.38,169.2
73,40,18,350,4,5.27,4.44,250.98
56,40,15,350,3,3.8,2.84,185.59
69,40,17,350,3,4.14,2.01,212.53
69,40,17,350,3,5.61,3.59,222.81
54,40,11,350,3,6.28,1.61,169.81
68,40,8,350,4,8.82,2.43,215.08
73,40,15,350,4,8.77,4.47,249.27
73,40,11,350,5,7.23,4.08,252.18
68,40,7,350,5,3.57,3.31,226.85
63,40,10,350,4,6.32,4.04,214.54
54,40,12,350,3,8.18,2.11,176.11
64,40,15,350,5,7.34,4.17,240.34
66,40,8,350,5,3.41,3.56,225.53
70,40,16,350,3,4.39,3.04,219.01
50,40,10,350,5,5.34,2.33,189.5
75,40,11,350,4,6.1,3.85,240.72
55,40,8,350,5,6.31,3.68,205.31
49,40,11,350,3,4.75,3.82,170.12
46,40,16,350,5,3.64,1.84,186.86
48,40,16,350,3,7.83,4.4,182.69
53,40,10,350,5,5.34,3.81,204.28
57,40,11,350,3,4.76,1.76,175.68
72,40,7,350,4,8.53,2.28,220.83
75,40,10,350,3,3.38,2.31,214.39
51,40,8,350,5,6.16,3.97,198.23
71,40,18,350,4,7.65,2.36,237.18
52,40,10,350,4,6.43,4.02,190.94
66,40,11,350,5,7.5,3.17,232.28
54,40,18,350,3,3.78,3.83,192.0
59,40,17,350,5,6.6,4.42,233.76
54,40,13,350,3,6.81,3.65,185.24
67,40,11,350,3,3.44,4.33,210.39
46,40,18,350,5,7.86,1.53,192.47
51,40,13,350,4,4.28,2.33,182.4
65,40,16,350,4,4.27,2.62,219.2
60,40,13,350,3,6.78,3.22,195.65
51,40,8,350,5,6.39,4.4,200.87
73,40,8,350,3,6.44,1.8,206.64
65,40,11,350,5,3.38,2.57,222.92
66,40,11,350,5,3.69,3.66,231.5
70,40,14,350,4,7.49,3.6,235.02
67,40,13,350,3,6.66,3.35,211.29
58,40,17,350,3,8.65,1.7,191.39
70,40,15,350,5,7.77,1.95,241.09
47,40,11,350,4,5.03,2.27,170.75
48,40,8,350,4,8.43,4.37,182.76
67,40,9,350,3,5.93,3.22,203.02
62,40,18,350,3,7.95,1.71,201.09
52,40,10,350,5,8.87,3.26,202.32
51,40,8,350,4,3.26,2.67,174.8
61,40,16,350,5,6.67,1.87,222.02
55,40,18,350,3,6.54,1.81,185.32
63,40,7,350,5,8.32,3.93,224.04
62,40,15,350,4,7.94,1.79,209.78
49,40,9,350,5,7.07,2.44,187.87
72,40,18,350,5,6.65,3.37,257.49
70,40,7,350,5,5.64,4.21,238.14
66,40,12,350,3,5.68,3.33,206.41
70,40,9,350,5,8.48,3.5,240.2
59,40,10,350,3,5.71,1.67,178.63
60,40,7,350,4,6.23,2.57,194.59
66,40,12,350,5,7.69,2.18,228.59
61,40,8,350,4,6.59,3.12,201.88
48,40,12,350,4,3.35,3.01,177.22
75,40,12,350,5,6.9,4.42,259.79
72,40,8,350,5,8.25,3.8,244.26
58,40,12,350,4,7.01,2.71,200.39
47,40,16,350,5,4.29,1.85,189.67
61,40,9,350,3,5.49,2.28,184.44
53,40,8,350,4,5.13,4.43,190.76
64,40,10,350,3,8.53,4.29,206.75
74,40,9,350,3,6.84,1.94,211.66
63,40,11,350,4,3.75,4.02,213.75
52,40,7,350,5,4.24,3.61,194.84
63,40,12,350,3,4.53,1.52,188.69
65,40,12,350,3,3.49,4.17,206.96
56,40,9,350,5,4.76,2.29,199.89
59,40,12,350,5,5.13,3.14,216.61
70,40,17,350,4,6.4,3.92,240.95
58,40,16,350,3,8.62,4.14,203.4
70,40,8,350,4,3.82,3.42,220.31
58,40,12,350,5,8.77,4.42,225.07
75,40,18,350,5,5.29,2.02,255.04
59,40,11,350,5,8.61,4.26,224.45
67,40,10,350,5,6.62,2.09,225.8
55,40,18,350,4,6.38,2.22,200.89
53,40,8,350,4,7.95,2.13,180.41
68,40,14,350,3,5.45,1.88,205.73
49,40,13,350,4,4.18,4.2,188.57
66,40,8,350,5,8.07,3.02,226.82
58,40,18,350,4,4.26,4.28,216.97
72,40,15,350,5,4.62,2.35,244.7
66,40,12,350,5,4.86,3.08,231.03
52,40,17,350,4,8.96,2.76,198.18
60,40,18,350,5,8.13,3.57,234.25
51,40,17,350,3,8.76,2.73,182.28
53,40,10,350,3,3.87,1.97,165.74
68,40,8,350,5,6.02,1.72,221.87
51,40,18,350,3,3.8,1.77,173.97
73,40,10,350,4,7.75,3.08,231.91
74,40,16,350,3,8.94,3.91,236.73
68,40,16,350,5,5.56,3.96,247.79
55,40,8,350,4,3.93,3.7,189.81
62,40,9,350,4,7.73,1.92,200.04
62,40,14,350,5,5.83,1.72,219.11
54,40,7,350,4,8.23,3.91,191.14
54,40,17,350,3,5.67,4.06,193.34
63,40,14,350,5,5.76,2.5,225.59
50,40,15,350,5,7.31,1.68,196.24
63,40,16,350,3,3.2,2.44,199.5
63,40,13,350,5,4.67,1.52,217.34
69,40,14,350,3,3.81,2.71,211.03
46,40,14,350,4,8.34,2.76,179.59
54,40,12,350,3,3.22,3.66,180.24
56,40,9,350,4,8.11,1.75,186.56
49,40,11,350,3,6.93,4.44,175.65
64,40,15,350,3,7.9,1.54,199.23
46,40,18,350,4,3.21,2.8,181.9
63,40,15,350,3,4.39,1.79,195.23
68,40,9,350,5,7.48,3.67,235.94
54,40,12,350,5,3.96,2.57,201.58
67,40,11,350,3,3.72,2.7,201.46
64,40,7,350,5,6.97,2.58,217.31
53,40,14,350,4,7.3,2.6,192.74
75,40,10,350,5,3.73,2.85,244.56
55,40,18,350,5,7.58,2.69,218.05
60,40,16,350,3,7.95,2.61,198.44
61,40,8,350,5,6.58,2.61,212.4
54,40,17,350,5,5.4,3.81,218.48
52,40,7,350,3,7.7,4.29,175.1
55,40,12,350,5,7.61,1.98,203.79
64,40,10,350,3,6.11,3.14,198.01
51,40,11,350,4,7.8,3.87,190.93
62,40,17,350,4,7.41,2.0,213.9
72,40,15,350,4,5.29,4.23,242.53
56,40,17,350,4,8.8,3.31,209.72
65,40,8,350,5,3.78,2.5,217.75
65,40,7,350,4,8.47,4.23,216.76
62,40,13,350,3,6.55,2.6,196.23
50,40,14,350,3,4.42,2.11,167.46
68,40,16,350,3,6.14,3.17,217.08
71,40,17,350,3,8.99,1.86,220.49
46,40,13,350,5,8.77,3.43,195.46
51,40,17,350,3,4.35,4.46,187.94
65,40,10,350,3,6.57,2.55,197.26
70,40,13,350,5,4.52,2.26,236.39
66,40,15,350,5,5.84,3.79,241.09
49,40,14,350,3,3.5,3.69,173.37
72,40,8,350,4,8.79,3.36,228.88
74,40,8,350,4,7.69,2.62,227.97
61,40,16,350,5,6.55,3.42,230.65
58,40,18,350,5,6.46,3.18,226.21
61,40,12,350,5,5.6,3.41,222.86
68,40,9,350,5,5.77,3.7,234.52
52,40,18,350,5,4.59,2.65,208.61
67,40,7,350,5,7.11,3.43,228.67
63,40,7,350,4,6.78,3.09,204.47
46,40,17,350,3,3.19,3.91,173.03
71,40,13,350,5,5.8,3.11,244.52
60,40,15,350,5,4.0,4.19,228.77
57,40,15,350,5,8.98,1.95,214.33
46,40,12,350,5,8.53,4.34,198.65
55,40,7,350,4,3.4,2.63,181.57
69,40,11,350,3,4.44,4.15,214.6
48,40,15,350,3,7.48,1.8,165.98
60,40,12,350,5,7.19,1.99,214.18
48,40,15,350,3,7.63,3.05,173.17
60,40,12,350,3,7.14,3.92,198.22
51,40,18,350,4,7.14,3.37,199.5
60,40,12,350,5,6.51,2.66,217.33
47,40,7,350,5,3.54,1.54,171.79
74,40,12,350,4,4.98,2.78,233.21
51,40,8,350,3,4.93,3.46,167.41
51,40,16,350,3,6.95,3.9,185.48
71,40,12,350,4,8.09,2.94,230.57
56,40,13,350,4,4.35,3.35,198.95
75,40,17,350,5,5.19,2.14,253.91
74,40,13,350,4,3.5,3.04,235.02
66,40,16,350,5,8.72,3.6,244.41
65,40,10,350,3,6.9,2.55,197.57
67,40,14,350,5,3.97,3.24,236.68
46,40,15,350,4,6.54,3.3,182.68
74,40,12,350,5,4.49,2.41,244.07
69,40,9,350,5,4.73,1.58,223.74
75,40,18,350,5,6.48,3.7,265.63
65,40,14,350,5,8.26,3.29,236.66
63,40,12,350,4,7.51,2.77,211.91
71,40,14,350,4,4.39,1.94,224.92
52,40,16,350,5,6.98,3.21,210.56
55,40,15,350,3,7.86,1.66,180.56
59,40,12,350,5,3.73,4.03,220.32
52,40,8,350,5,4.64,2.24,189.2
51,40,16,350,5,7.59,1.82,201.15
56,40,8,350,3,3.27,2.83,173.04
54,40,14,350,4,7.74,2.9,196.98
46,40,7,350,5,7.63,2.56,179.2
67,40,18,350,3,7.4,4.38,226.36
59,40,17,350,3,8.04,2.61,198.1
65,40,12,350,4,4.56,1.74,207.65
51,40,13,350,3,4.18,4.04,178.55
47,40,11,350,3,4.86,3.48,164.02
69,40,13,350,3,6.91,2.95,213.56
53,40,11,350,5,4.26,2.82,199.41
64,40,9,350,3,6.09,2.09,190.36
73,40,17,350,5,3.73,3.95,258.47
68,40,10,350,3,8.8,2.21,203.85
58,40,9,350,3,6.23,2.33,178.97
71,40,10,350,4,6.63,4.27,233.29
46,40,9,350,4,5.54,2.35,166.1
51,40,9,350,3,5.59,1.8,160.37
75,40,10,350,5,6.49,3.4,250.23
67,40,9,350,5,4.16,4.47,235.22
68,40,12,350,5,7.69,2.38,234.01
68,40,16,350,3,3.61,2.97,213.6
55,40,18,350,5,4.67,2.2,212.58
68,40,10,350,3,7.03,3.44,209.14
46,40,14,350,3,6.14,2.43,162.29
58,40,8,350,3,8.81,3.62,186.93
64,40,10,350,4,8.94,2.87,212.52
52,40,8,350,4,8.71,3.58,187.15
47,40,13,350,5,3.92,2.58,188.3
74,40,16,350,4,8.01,2.1,239.05
65,40,18,350,4,4.72,1.86,218.76
70,40,11,350,4,8.11,2.59,224.76
46,40,10,350,4,6.79,4.25,179.7
49,40,8,350,3,5.78,4.09,167.46
73,40,11,350,3,7.84,3.88,224.82
70,40,12,350,5,4.37,3.56,241.86
55,40,18,350,4,4.03,1.98,197.35
68,40,16,350,5,7.25,1.86,237.52
68,40,17,350,4,3.79,2.91,228.54
51,40,16,350,4,3.39,2.05,185.14
73,40,8,350,4,3.16,2.81,222.69
65,40,14,350,4,5.79,4.26,226.44
57,40,7,350,5,3.6,3.68,205.37
61,40,15,350,5,7.51,1.79,220.64
57,40,8,350,4,6.36,1.7,185.08
54,40,12,350,5,8.41,3.82,212.77
50,40,18,350,4,8.78,3.68,200.63
55,40,14,350,3,5.43,4.18,190.8
71,40,14,350,3,7.33,3.81,224.8
52,40,16,350,4,3.16,3.97,197.9
47,40,11,350,4,6.25,2.98,175.89
69,40,17,350,5,7.33,3.64,251.49
69,40,13,350,3,7.81,3.28,216.25
74,40,7,350,4,4.57,2.53,222.85
62,40,7,350,5,3.96,2.52,209.89
47,40,12,350,4,3.59,3.82,179.87
74,40,10,350,4,6.42,4.23,239.3
62,40,13,350,5,4.88,4.36,231.4
51,40,11,350,3,6.66,4.18,178.22
58,40,11,350,3,6.26,3.7,190.16
63,40,11,350,3,6.81,3.26,198.91
51,40,12,350,3,5.29,2.58,169.64
55,40,10,350,3,6.34,2.02,172.61
46,40,7,350,3,4.61,2.58,149.71
53,40,13,350,4,4.61,4.16,197.32
52,40,18,350,5,8.96,3.84,219.39
46,40,10,350,4,7.3,2.99,173.07
51,40,12,350,5,6.3,2.65,197.77
47,40,18,350,3,5.37,2.39,170.35
47,40,11,350,5,4.78,2.08,182.85
61,40,11,350,4,6.18,3.2,207.1
66,40,14,350,5,7.93,4.16,243.41
63,40,14,350,5,4.45,2.61,224.99
55,40,16,350,3,7.49,4.2,196.26
54,40,18,350,5,4.44,4.22,221.62
52,40,14,350,3,6.23,2.68,176.65
55,40,8,350,5,8.13,2.88,202.49
68,40,17,350,3,5.04,3.44,219.29
58,40,8,350,4,7.64,2.12,190.79
64,40,8,350,4,7.58,1.77,201.63
75,40,10,350,3,6.79,2.65,219.48
66,40,7,350,4,3.74,4.22,214.45
60,40,16,350,5,4.27,2.36,220.41
60,40,15,350,3,6.07,2.42,193.91
66,40,8,350,4,8.14,3.57,216.59
64,40,12,350,3,6.02,2.47,197.58
53,40,9,350,4,4.71,2.01,178.43
65,40,13,350,4,5.15,2.1,211.94
74,40,14,350,5,7.61,2.65,251.75
48,40,14,350,5,3.74,3.92,199.55
65,40,16,350,5,4.67,2.51,232.35
75,40,15,350,3,7.9,4.06,237.03
72,40,11,350,4,5.95,1.55,221.17
47,40,16,350,4,3.58,4.49,190.5
64,40,9,350,5,5.84,4.26,229.17
61,40,13,350,5,8.5,3.03,225.12
64,40,8,350,5,4.9,1.52,211.12
49,40,18,350,5,5.39,4.38,212.68
63,40,7,350,3,4.02,3.71,192.0
65,40,15,350,5,5.09,2.03,228.32
68,40,13,350,4,5.72,2.87,223.25
57,40,14,350,3,3.8,4.48,195.27
74,40,11,350,5,6.92,3.12,248.62
62,40,16,350,5,7.74,2.33,227.76
73,40,10,350,4,5.42,1.98,223.54
48,40,15,350,5,4.5,2.57,194.35
68,40,10,350,3,4.4,2.68,202.41
51,40,10,350,5,4.97,2.32,191.24
57,40,9,350,3,7.51,3.18,182.81
61,40,18,350,5,8.98,2.51,231.21
56,40,13,350,5,5.38,3.79,215.78
57,40,11,350,4,7.65,2.39,195.32
54,40,10,350,5,6.47,2.78,201.67
46,40,17,350,3,3.58,2.49,165.39
68,40,11,350,3,3.29,3.88,209.86
66,40,11,350,4,7.42,4.39,225.69
66,40,15,350,5,4.5,2.07,230.14
56,40,15,350,5,5.49,1.74,207.75
68,40,16,350,3,3.4,1.8,206.8
67,40,14,350,5,8.92,4.38,247.71
61,40,17,350,4,4.46,4.21,221.48
50,40,10,350,4,8.54,2.82,181.84
67,40,11,350,3,7.29,3.43,208.9
69,40,8,350,3,8.96,2.47,204.18
51,40,8,350,4,7.33,4.42,188.45
61,40,17,350,4,4.61,4.4,222.69
75,40,11,350,3,3.29,3.41,222.22
66,40,9,350,5,7.73,2.2,223.6
58,40,9,350,3,5.89,3.82,187.06
70,40,17,350,5,4.67,3.33,249.42
48,40,9,350,5,6.67,4.03,194.32
73,40,15,350,3,8.77,3.17,228.53
60,40,16,350,3,7.66,3.81,204.94
57,40,14,350,5,8.73,2.32,214.47
72,40,14,350,3,3.96,4.05,225.16
71,40,8,350,4,5.14,1.53,213.02
51,40,9,350,3,8.84,3.84,174.9
65,40,18,350,3,4.03,3.23,212.45
66,40,9,350,5,5.0,3.96,230.98
52,40,12,350,3,4.89,3.53,176.77
48,40,14,350,3,5.33,3.27,170.56
52,40,7,350,4,3.25,3.56,180.24
52,40,12,350,4,8.12,3.93,195.43
65,40,7,350,5,6.82,2.79,220.5
72,40,12,350,5,8.01,3.38,248.52
47,40,13,350,5,6.15,2.24,188.45
72,40,8,350,3,6.47,1.88,204.97
55,40,18,350,5,6.76,2.99,218.98
56,40,8,350,4,4.59,4.1,194.83
65,40,13,350,3,3.78,2.72,200.77
70,40,14,350,5,5.29,3.24,244.34
67,40,11,350,3,8.36,1.73,200.3
74,40,8,350,4,8.19,3.53,233.57
61,40,8,350,5,7.43,2.46,212.34
61,40,17,350,5,5.94,2.45,226.33
46,40,13,350,5,7.69,2.58,189.66
53,40,13,350,5,8.71,3.75,212.22
57,40,18,350,4,5.9,3.8,213.64
52,40,12,350,4,5.02,2.91,186.79
47,40,16,350,4,4.49,3.21,184.12
62,40,13,350,3,3.56,3.11,196.33
65,40,7,350,3,5.97,2.86,193.31
75,40,16,350,4,6.91,3.84,249.99
73,40,15,350,3,3.18,3.26,223.84
55,40,14,350,3,3.2,2.45,178.97
70,40,15,350,4,6.58,3.35,234.48
71,40,12,350,5,7.95,3.17,245.14
51,40,7,350,3,5.35,1.77,156.55
59,40,10,350,3,8.4,3.05,188.91
47,40,9,350,4,7.33,2.54,170.99
58,40,16,350,4,5.21,2.91,206.7
74,40,9,350,3,4.34,2.94,214.98
47,40,16,350,3,3.91,3.5,171.82
64,40,8,350,3,5.98,4.47,201.97
61,40,9,350,4,8.84,3.68,208.85
68,40,18,350,5,7.13,1.7,239.94
73,40,9,350,5,8.86,2.06,238.87
72,40,8,350,5,8.25,3.09,240.25
68,40,14,350,4,3.92,1.74,216.92
54,40,8,350,3,6.16,2.35,168.73
73,40,10,350,4,7.15,1.61,223.06
60,40,12,350,4,3.65,2.06,197.88
59,40,8,350,3,3.98,2.83,180.13
70,40,18,350,5,4.47,3.99,254.67
55,40,8,350,4,8.37,1.79,183.17
56,40,17,350,4,6.73,3.87,210.95
54,40,7,350,3,3.63,3.48,171.03
67,40,15,350,4,6.8,3.18,227.29
71,40,11,350,5,4.95,3.09,240.18
54,40,9,350,3,7.29,4.37,182.89
51,40,15,350,5,5.65,3.88,209.25
66,40,18,350,5,4.39,3.47,243.08
57,40,16,350,5,8.86,4.42,229.86
75,40,17,350,3,7.07,3.62,237.21
55,40,14,350,3,6.46,3.05,185.38
56,40,7,350,5,3.87,3.8,204.15
55,40,9,350,5,6.71,1.68,196.12
60,40,11,350,3,4.42,3.06,189.13
51,40,9,350,4,3.25,3.46,180.96
59,40,14,350,5,7.56,2.05,216.15
51,40,16,350,4,8.22,3.55,198.09
55,40,15,350,4,8.56,4.19,208.88
74,40,10,350,4,5.47,3.57,234.69
59,40,13,350,5,8.72,4.13,227.24
50,40,10,350,4,6.02,2.87,179.78
58,40,9,350,5,4.42,3.16,208.77
48,40,18,350,4,4.41,3.7,192.39
47,40,8,350,3,7.46,4.5,167.05
62,40,14,350,3,5.43,2.07,193.91
68,40,13,350,5,3.94,3.79,240.19
68,40,12,350,5,8.46,4.15,244.71
72,40,18,350,5,6.22,3.64,258.61
73,40,18,350,3,3.83,2.34,224.4
61,40,13,350,5,3.28,2.21,215.65
69,40,10,350,3,3.35,2.97,205.21
53,40,12,350,5,3.34,2.51,198.52
48,40,13,350,5,6.27,4.12,201.31
69,40,14,350,4,4.93,3.97,232.58
47,40,15,350,4,8.74,2.55,182.64
58,40,18,350,3,6.33,3.26,199.74
71,40,10,350,4,5.58,3.75,229.38
60,40,13,350,3,8.32,1.93,189.81
72,40,11,350,4,4.66,4.1,234.35
48,40,8,350,3,7.71,2.79,159.78
59,40,11,350,5,7.39,3.12,216.88
66,40,9,350,5,7.92,3.98,233.81
49,40,12,350,5,6.96,3.63,199.62
47,40,12,350,5,8.4,3.69,197.01
61,40,14,350,5,8.2,2.76,225.04
57,40,16,350,5,6.62,3.87,224.68
51,40,8,350,4,6.43,4.15,186.1
60,40,12,350,5,3.38,2.91,215.83
56,40,14,350,3,7.33,2.01,182.47
46,40,15,350,5,7.89,1.59,187.69
73,40,14,350,4,4.0,3.81,239.39
72,40,11,350,4,4.31,1.95,221.9
56,40,9,350,4,5.17,1.75,183.83
74,40,18,350,4,7.39,2.14,242.13
75,40,16,350,3,8.58,2.82,232.39
60,40,17,350,3,3.86,2.55,196.01
48,40,17,350,3,4.59,3.59,176.82
59,40,16,350,3,8.71,3.06,199.54
56,40,16,350,3,5.78,2.42,186.77
62,40,15,350,4,7.8,2.16,211.74
49,40,15,350,4,7.2,2.22,183.64
58,40,16,350,3,5.96,2.46,191.46
75,40,15,350,3,8.48,3.47,234.25
56,40,17,350,5,5.61,3.94,223.7
61,40,10,350,3,5.25,3.22,191.23
72,40,17,350,5,3.33,2.7,248.91
54,40,11,350,4,7.57,4.38,200.03
58,40,18,350,5,6.17,3.87,229.83
68,40,14,350,5,7.95,3.46,243.77
56,40,7,350,3,5.77,3.21,175.79
68,40,15,350,3,4.66,4.45,221.21
68,40,16,350,3,6.37,4.05,222.25
66,40,17,350,4,7.24,3.63,231.52
75,40,18,350,4,6.96,4.27,255.89
73,40,16,350,3,4.23,4.12,231.38
63,40,18,350,5,4.83,2.5,231.58
58,40,8,350,4,8.27,3.42,198.7
59,40,10,350,5,8.27,2.21,210.85
59,40,8,350,4,3.68,2.36,190.6
67,40,15,350,5,6.3,3.27,240.73
55,40,14,350,4,8.88,4.28,207.97
60,40,8,350,4,7.57,3.93,205.22
54,40,12,350,5,6.82,2.6,204.41
65,40,16,350,4,6.95,3.11,224.46
56,40,17,350,3,6.56,3.32,194.29
57,40,7,350,3,6.57,2.44,174.34
59,40,18,350,5,4.82,2.71,224.18
69,40,18,350,4,4.27,3.35,235.33
67,40,7,350,3,4.19,2.3,192.78
59,40,9,350,3,7.21,2.31,181.92
51,40,16,350,3,8.82,2.15,177.35
72,40,12,350,4,3.54,4.44,236.95
60,40,8,350,4,3.97,4.46,204.86
70,40,11,350,4,6.44,1.87,219.14
64,40,17,350,4,3.84,3.22,221.75
68,40,8,350,3,8.49,1.55,196.41
54,40,7,350,4,7.66,2.3,181.53
64,40,8,350,3,4.77,2.85,191.7
68,40,10,350,5,7.66,4.02,239.8
56,40,18,350,4,4.7,2.54,203.27
53,40,11,350,3,8.24,3.25,178.74
59,40,12,350,4,6.98,2.88,203.46
63,40,11,350,5,7.82,2.14,220.33
62,40,11,350,3,8.25,1.84,190.1
70,40,8,350,5,7.0,3.07,234.69
68,40,16,350,5,3.54,1.78,233.62
59,40,17,350,5,6.79,1.55,217.75
62,40,13,350,3,6.9,3.54,201.86
58,40,18,350,3,4.1,2.72,194.62
72,40,12,350,4,7.34,2.92,231.91
61,40,18,350,4,5.66,2.23,213.14
47,40,7,350,3,3.93,2.22,149.19
65,40,7,350,5,7.71,4.43,230.58
57,40,8,350,3,5.33,1.82,171.4
66,40,17,350,5,7.37,2.79,240.3
75,40,10,350,3,8.5,3.87,227.95
57,40,16,350,5,6.43,4.49,228.0
67,40,11,350,3,6.02,4.42,213.3
49,40,18,350,4,5.71,1.61,183.95
47,40,13,350,3,8.2,1.93,161.81
71,40,13,350,5,7.5,3.06,245.81
46,40,17,350,3,5.14,1.85,163.23
60,40,11,350,3,6.34,4.47,198.86
73,40,13,350,4,6.65,2.86,234.79
60,40,17,350,3,8.02,2.99,202.37
72,40,16,350,3,7.59,2.87,225.31
50,40,14,350,3,5.64,2.8,172.49
62,40,10,350,4,5.65,2.22,201.51
55,40,10,350,4,4.33,1.87,183.29
62,40,13,350,3,3.62,3.35,197.74
74,40,18,350,4,7.28,3.98,252.4
65,40,14,350,4,3.68,1.95,211.45
65,40,13,350,5,6.81,3.51,234.84
64,40,18,350,4,6.0,2.31,220.35
64,40,9,350,4,4.44,1.56,199.24
47,40,15,350,4,8.17,3.4,186.9
60,40,9,350,5,8.92,2.19,211.78
71,40,16,350,5,8.52,3.49,254.33
70,40,11,350,3,8.75,3.82,218.89
65,40,14,350,3,6.52,2.74,205.14
51,40,14,350,4,5.9,3.1,189.97
59,40,14,350,5,6.38,3.79,224.86
50,40,13,350,3,3.69,4.42,178.1
52,40,17,350,5,8.54,1.91,206.4
64,40,14,350,5,6.5,3.67,235.02
47,40,8,350,4,8.37,3.1,173.4
57,40,13,350,5,6.51,2.22,210.13
64,40,9,350,3,5.28,3.13,195.47
57,40,12,350,4,6.77,1.79,192.83
52,40,14,350,5,3.51,3.87,207.63
49,40,10,350,4,7.82,1.6,172.14
63,40,11,350,5,5.31,2.48,219.92
67,40,13,350,3,5.61,2.57,205.91
48,40,17,350,4,8.27,2.74,188.85
50,40,8,350,3,5.51,3.15,164.05
47,40,8,350,3,3.26,1.91,148.53
62,40,8,350,5,7.85,3.9,223.0
50,40,14,350,3,5.63,3.49,176.37
74,40,10,350,3,8.09,4.02,226.27
75,40,11,350,5,5.29,3.92,253.76
72,40,18,350,3,3.23,1.91,219.27
67,40,12,350,3,4.16,3.55,208.38
65,40,16,350,3,4.75,2.6,206.14
73,40,15,350,5,7.62,2.85,252.46
67,40,10,350,3,7.13,4.33,212.11
67,40,10,350,3,5.06,3.55,205.79
70,40,18,350,5,6.76,1.56,243.09
68,40,11,350,3,3.92,3.38,207.63
46,40,12,350,5,6.4,1.96,183.25
50,40,18,350,5,6.82,3.41,210.68
73,40,13,350,3,8.15,1.97,217.76
72,40,8,350,5,7.87,1.92,233.3
74,40,15,350,5,6.09,2.67,252.17
73,40,7,350,4,8.57,2.03,221.6
48,40,10,350,3,8.43,1.9,158.86
75,40,10,350,3,8.98,3.37,225.58
65,40,7,350,3,8.86,1.92,190.69
55,40,11,350,3,6.34,2.11,174.83
65,40,14,350,5,8.82,1.89,229.29
46,40,18,350,3,7.15,3.74,177.47
62,40,10,350,5,8.75,2.03,216.72
48,40,16,350,3,8.5,2.19,170.85
62,40,8,350,5,6.79,2.02,211.41
67,40,7,350,5,3.96,3.69,227.21
48,40,10,350,3,6.09,1.94,156.91
57,40,15,350,5,8.69,2.28,215.92
49,40,12,350,5,7.85,3.13,197.63
73,40,7,350,5,5.47,4.28,244.81
63,40,7,350,3,5.14,3.29,190.67
67,40,15,350,5,6.42,1.65,231.71
52,40,10,350,5,6.42,3.79,203.03
55,40,15,350,5,6.97,3.75,218.32
48,40,10,350,5,3.19,3.49,189.75
66,40,7,350,4,6.49,3.1,210.69
71,40,17,350,4,7.89,1.88,232.98
56,40,11,350,3,3.27,3.79,183.59
46,40,14,350,3,3.18,1.77,155.81
49,40,11,350,4,6.86,4.11,187.12
62,40,10,350,4,6.72,2.81,205.83
61,40,16,350,4,7.5,1.66,208.21
67,40,9,350,4,7.13,2.36,212.68
70,40,9,350,4,3.42,4.05,225.2
74,40,11,350,3,4.44,2.03,213.37
74,40,15,350,5,5.54,3.31,255.26
69,40,11,350,5,5.87,2.37,232.69
49,40,13,350,5,4.98,4.06,201.92
61,40,15,350,4,4.34,3.25,212.53
53,40,9,350,3,4.12,2.23,165.72
73,40,10,350,4,6.0,1.93,223.79
56,40,18,350,4,4.68,2.98,205.74
75,40,12,350,4,8.8,2.53,237.5
50,40,14,350,3,3.43,4.18,178.22
72,40,11,350,3,7.18,2.64,215.06
74,40,13,350,3,4.72,3.45,225.06
67,40,15,350,5,8.65,4.03,247.2
53,40,7,350,4,8.47,1.98,178.33
49,40,8,350,5,4.48,2.41,183.58
48,40,15,350,4,7.52,1.9,179.98
57,40,10,350,5,7.61,2.93,210.01
52,40,15,350,5,6.61,3.23,208.62
57,40,8,350,4,7.06,3.75,197.3
57,40,18,350,3,3.79,2.02,188.24
50,40,12,350,4,7.64,2.88,184.77
56,40,14,350,3,6.69,4.46,195.7
72,40,11,350,4,7.74,4.44,239.14
70,40,18,350,3,7.76,1.89,219.08
51,40,16,350,4,7.78,3.59,197.91
50,40,15,350,3,5.02,3.02,174.87
69,40,7,350,4,6.32,2.62,214.26
48,40,8,350,4,5.07,3.39,174.11
62,40,14,350,5,8.3,2.76,227.28
55,40,7,350,3,7.61,3.66,177.89
47,40,17,350,5,3.47,1.95,191.18
59,40,18,350,4,3.43,3.28,212.7
50,40,17,350,4,8.27,2.14,189.75
53,40,18,350,5,6.83,4.49,223.22
49,40,10,350,3,7.34,3.6,169.58
48,40,15,350,3,3.65,3.39,171.39
75,40,12,350,5,8.14,1.63,245.21
51,40,11,350,4,3.28,2.23,177.48
62,40,16,350,5,6.45,2.75,228.93
50,40,15,350,5,7.72,4.3,211.4
48,40,12,350,5,3.46,2.43,187.45
65,40,8,350,4,8.15,2.21,206.78
61,40,10,350,5,8.97,1.81,213.54
64,40,13,350,3,3.61,1.59,192.09
66,40,12,350,3,7.61,2.45,203.24
72,40,17,350,3,6.17,3.07,226.84
62,40,8,350,3,5.51,2.96,188.72
57,40,16,350,4,8.24,2.16,203.14
60,40,16,350,4,4.72,3.31,212.79
46,40,18,350,3,3.26,2.78,168.44
71,40,9,350,3,8.17,3.93,217.69
69,40,17,350,5,5.7,3.21,247.55
65,40,17,350,4,8.58,2.57,224.64
64,40,14,350,5,6.82,3.82,236.17
61,40,13,350,4,4.8,2.14,203.26
47,40,9,350,4,8.46,2.52,171.92
74,40,14,350,4,4.79,3.71,241.71
61,40,13,350,3,4.63,2.37,191.0
65,40,9,350,5,5.37,1.8,217.0
65,40,16,350,5,7.63,4.38,245.65
71,40,16,350,4,8.2,2.37,234.32
48,40,8,350,5,3.52,3.37,185.95
63,40,7,350,5,6.38,2.33,213.21
60,40,12,350,3,5.08,3.56,194.27
54,40,14,350,5,5.76,2.08,203.92
68,40,8,350,3,3.43,2.5,197.06
68,40,10,350,5,3.47,3.18,231.17
49,40,8,350,4,7.37,2.98,176.08
61,40,15,350,4,4.54,3.47,213.95
67,40,10,350,4,3.23,2.62,212.24
48,40,11,350,3,7.14,2.17,160.9
70,40,10,350,5,8.25,3.19,239.96
63,40,8,350,5,5.82,2.46,215.14
68,40,9,350,5,8.26,2.41,229.56
65,40,10,350,4,4.62,2.91,210.88
47,40,18,350,3,8.68,3.7,180.81
58,40,16,350,5,8.7,3.59,227.18
52,40,17,350,5,3.66,2.23,203.66
73,40,9,350,5,6.73,1.65,234.58
60,40,14,350,4,6.47,2.36,205.63
54,40,11,350,3,5.69,1.86,170.67
54,40,10,350,3,3.64,2.55,170.94
68,40,13,350,4,6.76,2.27,220.84
59,40,14,350,4,8.11,4.02,214.37
49,40,16,350,4,8.97,3.61,194.84
58,40,17,350,4,5.66,3.98,214.86
67,40,7,350,4,5.34,2.98,211.09
57,40,14,350,5,8.74,3.28,219.89
55,40,17,350,4,5.62,1.74,195.76
54,40,14,350,5,6.13,2.3,205.5
57,40,7,350,4,6.31,3.25,192.06
51,40,11,350,5,8.96,2.33,196.73
71,40,15,350,5,3.36,1.81,238.34
75,40,16,350,4,7.44,2.65,243.77
58,40,15,350,4,7.88,1.89,201.71
69,40,15,350,5,6.15,3.77,247.7
49,40,9,350,4,6.24,3.82,181.48
71,40,14,350,4,7.5,1.99,228.09
68,40,8,350,4,3.68,1.96,207.65
60,40,13,350,3,4.03,4.06,197.83
64,40,9,350,3,8.59,4.21,204.64
74,40,17,350,3,4.51,1.72,221.97
60,40,12,350,3,5.55,4.24,198.55
47,40,11,350,4,5.1,1.94,168.96
48,40,16,350,4,6.09,3.47,189.22
75,40,15,350,5,5.3,2.23,251.1
67,40,7,350,4,6.57,1.77,205.41
50,40,10,350,3,5.3,4.03,172.25
75,40,16,350,5,5.68,3.69,261.4
47,40,16,350,3,5.24,4.08,176.33
69,40,9,350,4,5.54,2.1,214.03
69,40,7,350,4,3.19,3.36,215.52
66,40,15,350,5,4.87,4.22,242.61
64,40,16,350,4,5.8,2.54,218.03
69,40,17,350,3,8.21,3.5,224.72
49,40,16,350,3,3.69,2.87,172.35
47,40,9,350,3,7.18,1.79,153.22
48,40,9,350,3,3.74,4.29,166.26
50,40,16,350,4,7.68,1.67,184.84
59,40,7,350,5,6.87,2.87,208.13
63,40,17,350,4,8.07,1.78,215.42
54,40,14,350,5,7.06,4.15,216.8
51,40,16,350,3,5.66,2.01,173.62
60,40,15,350,3,7.86,2.76,197.49
60,40,9,350,4,6.18,4.1,206.6
62,40,10,350,4,7.53,3.23,208.95
59,40,18,350,4,3.5,2.73,209.66
68,40,14,350,4,7.81,2.21,223.19
51,40,10,350,5,7.12,3.33,198.94
49,40,10,350,3,5.61,3.63,168.14
75,40,18,350,3,6.26,3.38,236.82
54,40,13,350,5,8.27,3.33,211.59
55,40,11,350,5,3.78,3.33,206.13
72,40,7,350,3,6.75,2.14,204.99
58,40,7,350,5,6.66,4.37,214.25
49,40,17,350,5,6.58,3.58,207.56
57,40,9,350,5,8.2,3.67,213.02
62,40,12,350,4,6.79,4.31,217.78
56,40,11,350,4,8.86,2.89,197.12
73,40,13,350,3,7.75,3.13,223.93
69,40,14,350,5,3.32,2.31,235.12
51,40,9,350,5,3.97,4.34,199.99
46,40,13,350,5,8.41,3.69,196.59
53,40,13,350,4,4.95,4.07,197.13
56,40,14,350,5,7.61,3.25,216.53
75,40,11,350,3,7.23,3.2,224.7
67,40,10,350,4,3.3,3.76,218.73
71,40,10,350,4,7.05,2.93,226.12
57,40,8,350,4,3.29,3.18,190.57
72,40,7,350,5,3.34,3.49,236.23
65,40,12,350,5,8.78,3.87,236.99
50,40,9,350,4,4.02,1.58,168.93
65,40,13,350,5,6.61,2.64,229.75
65,40,7,350,3,3.27,3.76,195.87
60,40,15,350,3,6.4,3.95,202.84
50,40,16,350,4,4.22,3.95,194.48
46,40,12,350,5,4.73,2.16,182.82
59,40,16,350,4,6.07,3.83,214.83
71,40,12,350,3,6.26,2.51,213.04
58,40,8,350,3,6.1,1.91,174.77
61,40,16,350,5,4.1,3.63,229.56
73,40,8,350,5,5.69,3.6,242.89
75,40,12,350,3,3.31,2.21,217.19
58,40,15,350,3,4.56,3.2,192.61
56,40,9,350,3,8.95,3.07,181.39
56,40,8,350,3,7.44,4.15,184.36
52,40,11,350,4,4.19,4.04,190.68
65,40,7,350,5,6.71,3.16,222.49
47,40,9,350,4,5.19,2.85,170.74
54,40,11,350,3,7.67,3.51,181.82
64,40,7,350,5,5.16,2.85,217.15
55,40,8,350,4,6.81,4.27,195.71
51,40,9,350,5,4.95,3.51,196.22
72,40,15,350,3,8.72,1.71,218.11
51,40,18,350,4,6.88,2.44,194.01
52,40,11,350,4,4.09,4.11,190.98
50,40,18,350,3,7.99,2.51,179.89
51,40,13,350,5,5.2,3.56,203.6
46,40,12,350,4,7.42,2.08,171.47
54,40,12,350,4,5.34,2.87,191.15
74,40,10,350,4,7.95,1.73,226.62
48,40,18,350,4,8.53,3.75,196.5
49,40,11,350,3,6.83,3.03,167.6
57,40,17,350,3,4.35,4.4,200.47
51,40,7,350,4,6.85,1.96,172.42
48,40,18,350,4,4.32,4.01,194.05
68,40,18,350,5,4.46,2.77,243.49
69,40,10,350,5,6.39,2.44,231.85
63,40,15,350,4,8.36,3.15,219.99
67,40,16,350,4,5.77,1.55,218.85
73,40,10,350,3,3.73,2.48,211.38
62,40,11,350,4,3.3,3.76,209.72
69,40,15,350,3,4.57,4.09,221.24
64,40,17,350,3,8.35,4.36,218.98
57,40,13,350,4,7.54,3.01,202.14
47,40,11,350,4,6.98,2.05,171.33
75,40,14,350,3,4.98,3.23,227.92
56,40,14,350,5,6.58,3.78,218.56
68,40,12,350,3,8.65,3.45,214.13
75,40,8,350,4,8.33,4.16,239.4
68,40,10,350,4,7.19,2.99,220.15
49,40,10,350,3,7.62,3.89,171.47
71,40,18,350,3,4.25,3.06,224.56
61,40,9,350,5,3.68,2.11,208.6
58,40,9,350,3,5.16,3.9,186.83
59,40,15,350,3,6.63,2.32,191.72
48,40,7,350,3,8.19,1.9,153.49
65,40,10,350,5,7.18,2.37,223.61
64,40,15,350,5,3.7,3.02,230.47
54,40,17,350,3,5.36,1.78,180.2
46,40,15,350,4,6.51,2.91,180.45
51,40,11,350,5,5.58,3.34,199.28
62,40,10,350,5,3.87,2.56,215.17
49,40,11,350,4,8.97,4.07,188.86
55,40,15,350,3,6.1,1.88,180.17
66,40,15,350,3,5.3,2.94,208.99
74,40,15,350,3,5.47,1.75,219.6
50,40,16,350,3,6.78,3.44,180.59
50,40,12,350,4,8.36,3.73,190.23
62,40,13,350,5,5.34,3.98,229.69
64,40,12,350,5,7.42,4.39,236.51
68,40,14,350,4,6.88,4.46,235.01
50,40,12,350,5,7.06,3.63,201.86
69,40,15,350,4,6.43,3.21,231.4
75,40,15,350,5,8.54,3.7,262.4
60,40,9,350,4,7.14,2.88,200.61
57,40,11,350,4,7.56,2.52,195.97
49,40,11,350,3,8.33,2.0,163.19
66,40,17,350,4,6.82,3.66,231.3
52,40,7,350,3,3.48,3.78,168.3
70,40,9,350,4,3.17,1.97,213.24
54,40,10,350,4,5.01,3.46,190.75
54,40,17,350,5,5.71,4.08,220.29
47,40,13,350,5,6.92,3.54,196.5
51,40,14,350,3,4.45,3.98,180.18
60,40,15,350,5,7.9,3.94,230.98
58,40,12,350,3,6.21,2.79,186.69
54,40,12,350,5,3.29,3.33,205.24
47,40,7,350,5,5.95,3.32,184.07
69,40,7,350,5,6.53,4.22,236.88
48,40,10,350,4,3.49,2.0,168.23
72,40,16,350,5,3.47,1.59,241.06
70,40,18,350,3,8.98,2.49,223.6
67,40,14,350,3,3.7,2.04,202.86
68,40,8,350,5,5.58,1.67,221.18
50,40,7,350,3,3.18,3.36,161.36
66,40,9,350,3,3.9,3.72,201.81
47,40,8,350,4,4.47,2.06,163.9
66,40,12,350,3,7.19,4.02,211.7
46,40,16,350,4,8.63,3.92,189.83
61,40,7,350,5,8.32,2.95,214.22
62,40,14,350,5,4.77,4.43,233.41
58,40,16,350,3,5.15,2.83,192.79
49,40,17,350,4,5.5,2.12,184.92
64,40,14,350,4,8.46,4.01,225.36
53,40,17,350,3,6.09,3.58,188.88
59,40,13,350,4,4.05,1.93,197.09
72,40,10,350,5,6.39,1.63,233.72
74,40,13,350,4,7.52,1.64,230.86
57,40,9,350,3,4.97,2.86,178.65
61,40,10,350,5,5.13,2.77,215.38
69,40,12,350,5,5.2,3.06,237.67
57,40,16,350,3,6.95,4.49,201.68
74,40,12,350,3,7.81,4.48,232.03
49,40,15,350,5,5.09,1.52,191.13
59,40,16,350,5,6.27,2.5,220.91
64,40,14,350,5,6.77,2.37,227.94
55,40,7,350,5,7.38,2.69,199.01
56,40,18,350,3,3.73,1.92,185.47
55,40,12,350,4,5.2,2.63,191.82
53,40,14,350,5,3.34,2.46,201.67
52,40,12,350,4,7.52,3.45,192.16
61,40,10,350,3,6.69,3.3,193.02
60,40,7,350,4,5.94,2.63,194.66
50,40,15,350,4,3.62,2.35,183.18
73,40,16,350,4,3.59,3.84,242.61
53,40,13,350,3,5.58,4.31,185.67
72,40,8,350,5,3.77,3.73,239.7
75,40,12,350,4,8.64,4.35,247.62
57,40,14,350,4,5.57,3.04,202.19
62,40,14,350,3,7.18,1.64,193.12
47,40,10,350,3,8.49,4.06,168.95
55,40,14,350,3,7.6,2.38,182.67
55,40,15,350,4,8.91,2.55,199.96
64,40,8,350,5,3.52,4.25,225.24
66,40,16,350,3,3.53,3.5,212.22
52,40,13,350,3,8.08,1.61,170.62
71,40,11,350,5,5.34,4.14,246.47
65,40,17,350,3,8.25,3.61,216.8
57,40,15,350,4,5.93,1.72,196.79
67,40,10,350,3,4.89,2.37,198.97
75,40,14,350,5,8.5,3.97,262.17
68,40,8,350,5,8.83,3.84,236.44
59,40,12,350,3,4.48,3.4,190.67
75,40,16,350,3,8.24,3.48,235.79
48,40,15,350,5,7.85,2.17,195.21
74,40,12,350,4,5.93,2.18,230.71
63,40,18,350,5,8.45,2.87,237.04
74,40,15,350,3,7.53,1.76,221.57
63,40,13,350,3,5.79,3.65,203.59
48,40,7,350,5,4.89,1.72,176.21
64,40,17,350,3,7.94,3.07,211.32
51,40,13,350,5,8.53,1.87,197.16
74,40,9,350,3,7.03,1.6,209.92
68,40,15,350,4,6.81,2.18,223.8
55,40,14,350,4,6.54,2.03,193.11
75,40,12,350,3,3.88,1.95,216.25
67,40,7,350,3,3.49,2.5,193.26
61,40,9,350,5,6.01,4.14,222.21
75,40,9,350,3,7.58,4.22,227.35
64,40,13,350,5,8.65,2.42,228.26
65,40,12,350,5,6.59,3.24,231.4
51,40,10,350,3,3.74,1.94,161.16
63,40,15,350,3,8.9,3.09,206.75
73,40,17,350,4,7.32,1.97,237.25
50,40,14,350,3,8.97,3.34,178.63
47,40,12,350,4,6.0,3.08,177.94
68,40,13,350,5,7.32,1.76,231.88
49,40,16,350,3,3.33,2.04,167.34
65,40,15,350,4,5.96,2.82,220.19
48,40,9,350,3,4.26,2.35,155.8
47,40,12,350,3,5.1,1.56,155.13
75,40,11,350,5,8.25,2.94,250.99
54,40,8,350,4,7.42,2.47,183.98
74,40,8,350,3,3.59,3.99,218.49
56,40,15,350,3,5.9,3.62,191.94
75,40,12,350,3,6.87,3.26,226.42
47,40,14,350,3,4.85,1.69,159.06
54,40,10,350,5,7.42,3.14,204.58
54,40,17,350,5,7.43,3.7,219.75
69,40,15,350,3,3.32,2.76,212.57
53,40,14,350,5,4.29,4.17,212.19
59,40,15,350,4,4.18,3.63,210.23
54,40,15,350,4,5.19,4.26,204.0
48,40,11,350,5,7.44,3.16,193.56
72,40,17,350,5,3.54,3.61,254.24
48,40,15,350,5,3.2,2.93,195.18
61,40,18,350,5,5.87,3.24,232.43
57,40,18,350,5,4.38,3.34,223.03
51,40,13,350,4,6.65,2.62,186.24
62,40,10,350,5,4.62,2.56,215.87
51,40,14,350,3,3.73,1.55,165.81
53,40,8,350,3,7.66,2.34,167.92
57,40,15,350,4,3.33,1.64,193.93
54,40,8,350,5,7.09,2.19,195.49
66,40,15,350,3,4.98,2.05,203.68
69,40,18,350,3,4.09,2.3,215.84
61,40,16,350,5,4.97,3.73,230.93
59,40,16,350,3,6.79,2.02,191.89
72,40,9,350,5,8.51,3.99,247.29
47,40,18,350,5,5.81,1.66,193.44
57,40,9,350,4,7.26,3.17,195.92
63,40,10,350,4,8.01,4.28,217.47
50,40,9,350,4,7.05,2.52,177.05
47,40,17,350,4,5.95,4.28,193.23
48,40,15,350,3,7.29,1.79,165.75
71,40,13,350,4,5.94,1.71,223.35
73,40,17,350,5,5.48,2.47,251.76
63,40,14,350,5,4.54,2.85,226.43
71,40,9,350,4,8.84,4.11,232.73
62,40,18,350,5,4.17,2.82,230.63
72,40,18,350,4,3.72,2.96,239.05
59,40,10,350,5,4.84,2.63,210.03
72,40,8,350,5,4.51,2.69,234.52
72,40,16,350,5,5.61,2.4,247.62
62,40,16,350,5,6.97,4.39,238.66
64,40,16,350,5,4.45,3.69,236.66
75,40,7,350,5,5.78,1.57,234.11
56,40,14,350,4,4.68,1.67,191.49
61,40,15,350,4,8.97,3.84,220.16
75,40,17,350,3,8.21,4.04,240.64
70,40,17,350,5,7.69,3.1,250.93
75,40,18,350,5,7.61,4.01,268.43
63,40,11,350,5,4.05,2.58,219.31
62,40,11,350,4,5.86,2.06,202.52
75,40,9,350,3,7.15,4.2,226.84
54,40,8,350,4,7.69,3.02,187.33
68,40,11,350,3,7.05,3.56,211.55
75,40,8,350,4,6.34,2.82,229.99
61,40,8,350,3,3.61,2.2,180.52
72,40,14,350,3,5.19,2.26,216.21
75,40,8,350,5,5.78,2.99,243.83
67,40,15,350,4,6.98,3.27,227.96
70,40,14,350,4,6.24,1.72,223.25
49,40,12,350,3,7.05,4.32,176.8
63,40,9,350,4,4.7,1.81,198.74
60,40,10,350,5,8.74,4.01,223.59
73,40,17,350,4,3.42,2.98,239.32
58,40,18,350,4,5.48,3.2,212.01
74,40,14,350,4,4.01,4.35,244.59
70,40,16,350,4,8.84,3.68,240.15
56,40,17,350,3,8.39,2.28,190.12
65,40,13,350,5,6.52,3.92,236.88
63,40,11,350,4,4.41,3.27,210.14
69,40,16,350,3,4.25,3.74,220.68
51,40,17,350,5,8.76,2.87,209.87
61,40,10,350,5,4.41,2.93,215.61
72,40,8,350,4,6.26,4.13,230.87
52,40,16,350,5,5.76,1.59,200.29
75,40,17,350,3,4.76,3.58,234.84
72,40,7,350,5,4.36,3.82,239.04
54,40,8,350,3,6.51,2.66,170.8
64,40,7,350,4,6.35,1.78,198.82
51,40,7,350,3,6.87,1.89,158.64
74,40,12,350,3,4.09,2.77,218.93
60,40,16,350,3,8.14,2.63,198.73
61,40,17,350,4,8.46,3.37,220.46
49,40,7,350,4,7.48,2.46,171.54
67,40,12,350,4,6.0,1.85,213.9
65,40,13,350,5,3.89,3.0,229.25
58,40,7,350,3,5.88,2.47,176.01
68,40,15,350,3,5.18,1.85,207.03
62,40,16,350,5,6.92,1.69,223.39
58,40,16,350,3,6.05,2.48,191.65
56,40,15,350,3,4.59,3.46,189.82
58,40,7,350,3,5.71,3.54,181.89
70,40,13,350,4,8.9,2.71,229.6
59,40,18,350,5,8.25,3.27,230.53
48,40,17,350,4,8.61,2.44,187.47
61,40,18,350,3,8.42,3.96,212.07
58,40,8,350,3,5.51,3.9,185.44
53,40,13,350,3,3.73,4.25,183.61
73,40,17,350,3,7.13,3.32,231.28
67,40,11,350,5,7.74,3.45,236.23
55,40,11,350,4,7.69,3.43,196.93
50,40,16,350,5,5.01,3.75,207.49
64,40,10,350,5,8.26,3.78,230.42
46,40,12,350,4,6.14,4.5,183.93
72,40,13,350,5,6.57,2.5,243.94
62,40,9,350,4,8.96,4.2,214.04
53,40,18,350,4,8.6,1.57,194.99
58,40,12,350,4,5.29,2.49,197.54
63,40,8,350,3,8.3,3.64,197.3
47,40,8,350,3,7.79,3.04,159.12
71,40,8,350,4,8.65,2.99,224.52
63,40,17,350,4,7.56,4.16,228.37
65,40,16,350,4,5.13,3.0,222.14
72,40,12,350,4,4.5,3.79,234.17
60,40,16,350,5,8.37,1.83,221.23
61,40,9,350,4,4.6,4.34,208.63
74,40,18,350,3,6.03,2.73,230.79
49,40,7,350,4,7.83,3.39,177.11
67,40,16,350,5,5.18,3.07,240.28
50,40,17,350,3,5.43,1.67,171.06
59,40,16,350,4,7.03,3.99,216.63
72,40,7,350,4,6.0,2.93,222.15
61,40,12,350,4,5.96,3.68,211.31
61,40,17,350,3,6.52,4.18,209.83
58,40,12,350,5,8.07,4.24,223.4
67,40,16,350,5,5.02,3.26,241.2
61,40,9,350,4,6.14,2.86,201.71
46,40,14,350,3,6.24,1.82,158.94
49,40,10,350,3,6.49,4.0,171.04
51,40,11,350,3,5.44,2.52,167.72
75,40,11,350,3,4.38,3.75,225.16
69,40,10,350,3,7.39,3.6,212.52
70,40,13,350,5,6.55,3.44,244.93
60,40,18,350,3,6.03,2.52,199.58
46,40,13,350,5,7.19,3.65,195.23
51,40,17,350,3,6.21,2.67,179.57
66,40,8,350,5,7.29,2.05,220.63
67,40,9,350,4,8.4,2.0,211.84
71,40,14,350,3,3.64,2.23,212.46
67,40,16,350,3,7.79,2.77,214.21
49,40,14,350,4,6.06,3.07,185.66
62,40,15,350,3,6.87,3.33,204.07
61,40,14,350,4,6.0,2.31,207.05
59,40,11,350,5,3.19,2.26,208.13
51,40,11,350,4,6.45,3.21,185.96
63,40,12,350,5,5.07,2.85,223.5
68,40,12,350,3,3.35,4.37,214.39
51,40,13,350,3,3.22,2.0,166.16
52,40,16,350,4,5.65,2.38,191.25
61,40,9,350,5,4.09,4.48,222.34
72,40,16,350,4,3.24,4.18,242.06
49,40,18,350,3,5.65,4.32,185.78
50,40,16,350,4,8.23,1.55,184.67
73,40,18,350,3,3.71,3.41,230.32
49,40,7,350,4,6.54,2.53,171.06
67,40,14,350,3,8.36,3.71,216.61
56,40,12,350,4,5.04,2.93,195.5
61,40,16,350,3,6.46,2.28,197.34
57,40,10,350,4,6.24,3.95,201.09
67,40,15,350,4,4.82,4.48,232.78
54,40,7,350,4,4.3,4.09,188.5
72,40,17,350,5,4.92,4.33,259.58
51,40,8,350,5,6.53,2.42,189.83
52,40,18,350,4,7.56,2.01,194.36
52,40,18,350,5,3.49,3.32,211.37
60,40,18,350,5,8.92,4.48,240.12
63,40,14,350,3,5.34,1.62,193.44
50,40,11,350,5,6.06,2.58,193.29
74,40,7,350,3,7.34,3.61,218.12
69,40,13,350,3,7.16,4.45,222.25
48,40,14,350,5,8.38,3.89,203.69
68,40,16,350,3,3.71,4.31,221.25
50,40,7,350,3,8.74,3.93,169.74
74,40,17,350,3,5.58,3.34,232.1
64,40,9,350,5,5.88,3.96,227.51
53,40,15,350,5,7.41,1.92,204.12
69,40,15,350,5,5.29,2.56,240.08
59,40,12,350,4,4.87,3.11,202.8
58,40,10,350,3,8.68,2.53,184.09
47,40,18,350,4,8.49,3.32,191.89
60,40,13,350,4,5.68,1.58,198.78
75,40,10,350,4,5.61,2.31,229.86
53,40,12,350,5,3.72,4.14,208.07
59,40,11,350,4,3.33,3.65,202.7
67,40,12,350,3,8.83,3.83,214.3
48,40,7,350,3,6.87,1.68,151.02
74,40,9,350,5,6.12,2.18,239.15
70,40,9,350,5,3.3,1.54,224.33
57,40,14,350,3,5.24,1.71,180.98
46,40,8,350,4,3.29,2.52,163.26
48,40,9,350,4,8.14,3.78,180.88
52,40,13,350,4,8.37,4.09,198.28
51,40,7,350,4,7.56,4.29,186.22
49,40,11,350,4,4.52,4.1,184.89
46,40,13,350,3,3.43,2.02,155.74
54,40,12,350,5,7.67,2.02,201.93
46,40,17,350,4,6.71,4.26,191.68
53,40,13,350,4,5.72,3.61,195.25
50,40,16,350,4,6.08,3.65,194.52
65,40,7,350,5,4.07,2.72,217.55
54,40,8,350,5,8.67,2.59,199.21
60,40,7,350,4,7.84,3.2,199.64
73,40,17,350,3,7.89,1.89,223.93
63,40,9,350,4,5.73,3.12,207.09
54,40,14,350,4,7.92,2.1,192.64
67,40,17,350,4,4.34,3.31,229.16
66,40,11,350,3,7.7,3.8,209.22
68,40,16,350,3,8.16,2.92,217.55
55,40,16,350,5,7.61,2.3,212.45
53,40,13,350,5,7.96,2.49,204.42
57,40,13,350,3,6.42,2.64,185.61
46,40,9,350,4,8.78,2.69,171.04
47,40,9,350,5,4.53,4.25,191.43
62,40,15,350,3,7.54,2.31,198.94
52,40,16,350,5,8.14,3.47,213.11
69,40,11,350,5,4.66,3.84,239.85
68,40,10,350,3,7.39,2.25,202.77
61,40,17,350,4,4.19,2.35,210.74
49,40,16,350,4,3.82,2.29,182.6
48,40,7,350,3,6.48,1.99,152.41
64,40,12,350,4,4.77,4.42,220.82
59,40,13,350,3,3.18,2.1,183.84
64,40,16,350,5,7.51,2.33,231.83
62,40,17,350,5,5.67,1.74,224.22
57,40,11,350,5,8.07,2.24,208.26
46,40,10,350,4,5.61,2.14,166.7
75,40,12,350,4,5.13,3.6,240.12
62,40,16,350,3,7.94,1.92,198.83
48,40,10,350,4,8.86,2.65,176.89
52,40,17,350,5,4.58,2.35,205.2
73,40,14,350,3,8.79,3.21,227.06
49,40,14,350,5,8.11,1.75,193.52
68,40,17,350,3,4.73,2.17,211.84
64,40,18,350,4,7.23,4.06,231.36
70,40,11,350,3,4.29,4.2,216.88
61,40,14,350,4,7.32,2.24,207.89
73,40,12,350,5,3.8,2.39,241.17
71,40,10,350,4,8.42,3.89,232.81
65,40,14,350,3,5.42,4.09,211.73
65,40,14,350,5,6.23,3.01,233.2
61,40,17,350,5,4.38,2.94,227.64
49,40,14,350,4,6.29,3.71,189.48
66,40,12,350,3,3.64,1.87,196.27
70,40,8,350,4,8.85,1.92,216.52
55,40,9,350,3,5.43,4.28,182.79
72,40,12,350,4,3.18,2.41,225.16
72,40,10,350,4,3.81,3.17,226.6
74,40,8,350,3,4.25,2.54,210.92
48,40,18,350,3,7.17,2.37,174.05
75,40,17,350,5,6.21,1.56,251.59
49,40,10,350,4,8.51,3.5,183.5
69,40,9,350,3,5.6,2.07,200.52
48,40,18,350,5,7.19,3.58,207.7
66,40,8,350,3,7.85,3.98,205.23
52,40,8,350,5,4.32,2.12,188.23
48,40,15,350,3,4.66,2.14,165.28
50,40,11,350,5,4.55,4.02,200.01
75,40,12,350,3,5.67,3.86,228.69
60,40,16,350,4,8.69,4.29,222.01
53,40,11,350,3,4.22,4.37,181.31
73,40,10,350,5,5.73,3.76,247.26
70,40,15,350,4,5.95,4.29,239.19
74,40,7,350,3,4.87,4.36,220.05
53,40,8,350,4,3.62,3.2,182.41
64,40,18,350,3,3.21,2.72,206.66
75,40,18,350,5,6.15,2.16,256.63
54,40,14,350,5,4.97,3.39,210.57
73,40,17,350,3,3.76,1.67,218.84
55,40,13,350,5,6.12,2.79,208.69
75,40,8,350,3,8.19,3.23,220.62
61,40,7,350,4,8.13,4.19,207.64
55,40,11,350,5,6.86,4.32,214.58
56,40,10,350,3,3.21,4.47,185.66
48,40,11,350,4,8.6,4.38,188.12
71,40,15,350,3,4.85,4.08,225.73
72,40,10,350,3,6.5,3.09,215.26
63,40,13,350,4,4.11,2.54,209.17
60,40,13,350,4,5.53,2.63,204.56
48,40,16,350,5,7.71,3.33,203.34
56,40,14,350,5,6.67,2.73,212.72
55,40,9,350,4,6.06,3.99,195.14
53,40,12,350,5,3.16,1.94,195.14
68,40,13,350,4,3.78,2.96,221.96
51,40,11,350,4,7.04,4.18,191.97
62,40,9,350,5,3.5,3.83,220.27
74,40,9,350,5,6.49,3.01,244.17
57,40,7,350,5,5.9,2.8,202.54
47,40,13,350,3,8.89,4.06,174.47
54,40,8,350,4,5.75,1.51,177.01
57,40,15,350,5,6.29,2.2,213.24
60,40,10,350,5,6.12,3.86,220.3
59,40,8,350,5,6.85,3.56,213.72
74,40,13,350,3,8.97,3.1,227.04
48,40,17,350,5,4.67,2.67,198.5
66,40,10,350,5,8.68,1.78,223.82
55,40,12,350,5,5.96,4.42,216.02
59,40,9,350,3,4.83,2.0,177.96
73,40,18,350,5,7.24,3.63,261.65
59,40,17,350,4,3.59,2.19,204.99
48,40,14,350,3,5.93,2.26,165.42
51,40,11,350,3,7.9,3.14,173.51
48,40,13,350,4,7.51,3.52,185.68
74,40,18,350,3,6.77,3.46,235.6
57,40,17,350,5,8.59,3.53,226.31
74,40,18,350,4,6.09,2.74,244.3
59,40,8,350,5,4.34,3.32,210.03
59,40,16,350,5,3.6,2.22,216.85
48,40,15,350,3,8.65,4.01,179.54
67,40,18,350,4,8.79,1.75,226.22
66,40,8,350,3,6.28,4.1,204.45
63,40,13,350,3,4.08,3.38,200.48
57,40,11,350,4,8.95,4.41,207.92
69,40,9,350,3,5.37,1.58,197.54
54,40,10,350,5,4.32,3.71,204.91
69,40,17,350,3,5.67,3.66,223.26
50,40,18,350,3,4.75,4.31,187.03
71,40,18,350,4,4.01,3.39,239.6
73,40,10,350,5,8.75,2.63,243.7
55,40,12,350,3,7.22,3.94,187.68
56,40,12,350,4,7.58,3.02,198.37
67,40,9,350,5,3.57,1.79,219.56
46,40,16,350,5,6.91,1.8,189.68
74,40,12,350,3,8.43,1.85,217.78
71,40,17,350,3,4.62,2.61,220.65
75,40,7,350,5,6.39,1.67,235.24
74,40,17,350,3,3.22,3.4,230.24
51,40,18,350,4,5.51,3.01,195.95
69,40,14,350,4,5.45,3.37,229.68
56,40,16,350,3,7.13,1.73,184.14
65,40,12,350,5,6.64,1.72,222.87
65,40,11,350,4,4.65,2.37,209.57
50,40,8,350,5,3.6,2.67,186.37
46,40,17,350,3,4.13,1.66,161.22
67,40,9,350,4,3.25,2.22,208.29
51,40,17,350,5,4.83,3.77,211.29
64,40,7,350,3,3.99,2.22,185.71
67,40,13,350,5,4.87,1.61,226.61
68,40,15,350,3,6.21,2.51,211.71
53,40,8,350,4,5.16,4.35,190.33
70,40,8,350,5,7.76,1.84,228.46
57,40,11,350,4,4.94,3.1,196.8
68,40,12,350,4,4.48,2.49,218.24
69,40,13,350,4,4.71,2.98,225.08
75,40,11,350,4,7.98,3.19,238.75
48,40,13,350,4,3.9,1.59,171.44
48,40,18,350,4,3.16,4.38,195.06
72,40,11,350,3,7.07,2.47,214.0
52,40,14,350,4,6.44,2.37,188.5
58,40,11,350,5,7.16,2.27,209.73
56,40,18,350,4,3.78,4.2,211.78
75,40,14,350,5,8.07,2.06,251.0
46,40,11,350,4,6.93,1.9,168.29
49,40,7,350,4,8.32,2.14,170.51
70,40,8,350,4,3.21,3.45,219.91
58,40,7,350,4,5.59,3.05,192.41
61,40,15,350,3,5.12,3.37,200.53
58,40,11,350,3,4.06,4.37,191.89
49,40,14,350,5,5.93,2.2,194.03
69,40,11,350,4,7.55,3.17,225.36
75,40,16,350,4,3.58,3.26,243.62
66,40,18,350,4,6.57,3.78,233.46
68,40,12,350,4,6.62,4.26,230.21
61,40,12,350,3,4.91,3.16,194.01
55,40,11,350,5,3.36,3.12,204.55
49,40,14,350,5,8.45,4.4,208.78
58,40,15,350,3,4.96,2.19,187.29
73,40,13,350,3,5.23,3.81,225.42
71,40,7,350,5,3.21,3.12,231.88
48,40,11,350,5,5.69,3.09,191.54
56,40,16,350,4,7.57,3.34,207.03
56,40,9,350,4,8.93,1.94,188.4
71,40,12,350,3,3.92,2.45,210.53
47,40,7,350,4,5.22,1.86,161.76
72,40,12,350,5,7.71,2.76,244.75
69,40,15,350,5,4.31,4.3,248.98
53,40,7,350,5,5.8,4.2,201.77
71,40,15,350,5,5.94,2.39,244.01
67,40,10,350,5,4.54,3.82,233.62
64,40,8,350,5,4.98,2.75,218.14
72,40,12,350,5,5.39,3.34,245.86
57,40,16,350,3,3.89,1.63,182.7
54,40,12,350,3,6.64,2.42,176.43
62,40,12,350,3,8.42,4.24,205.51
56,40,8,350,5,8.56,3.5,208.54
55,40,12,350,3,5.41,2.58,178.33
67,40,15,350,3,5.04,2.85,210.39
55,40,12,350,5,5.92,2.6,205.72
59,40,12,350,4,7.8,1.85,198.41
56,40,18,350,4,8.81,3.59,213.02
72,40,12,350,5,5.56,2.51,241.34
65,40,14,350,4,3.85,3.77,221.87
61,40,8,350,5,6.84,4.37,222.57
62,40,13,350,3,3.42,3.92,200.77
67,40,14,350,4,7.76,3.45,227.99
63,40,10,350,5,4.78,3.52,223.58
53,40,13,350,5,8.09,2.55,204.88
46,40,18,350,3,8.8,4.08,180.92
63,40,10,350,4,8.71,3.5,213.72
52,40,16,350,4,4.87,3.65,197.68
60,40,17,350,3,4.03,1.76,191.72
72,40,14,350,3,8.91,4.29,231.12
69,40,12,350,5,6.91,4.12,245.24
64,40,13,350,5,7.08,4.35,237.68
56,40,11,350,5,5.24,2.82,206.76
74,40,17,350,5,6.47,4.3,265.14
62,40,10,350,3,6.49,3.12,193.97
70,40,13,350,4,4.87,4.14,233.91
49,40,11,350,3,6.26,2.45,163.8
47,40,16,350,4,8.11,2.14,181.46
60,40,9,350,4,8.29,3.65,206.02
68,40,17,350,4,6.6,3.38,233.8
47,40,17,350,4,4.5,1.81,177.95
72,40,9,350,3,8.77,4.08,221.24
66,40,10,350,5,6.78,3.38,231.08
54,40,15,350,5,7.18,3.94,217.44
56,40,11,350,4,7.17,3.0,196.17
54,40,12,350,5,3.79,2.08,198.66
48,40,9,350,4,8.35,1.64,169.0
49,40,7,350,4,4.89,1.67,164.67
61,40,15,350,5,4.89,2.43,221.81
75,40,13,350,3,4.17,2.87,223.43
71,40,9,350,3,6.24,3.4,212.9
72,40,7,350,5,3.3,2.57,231.0
64,40,10,350,5,8.6,3.99,231.92
57,40,15,350,3,5.19,1.85,183.44
72,40,12,350,4,8.74,1.77,226.72
51,40,18,350,4,6.92,4.46,205.44
57,40,12,350,3,7.41,3.3,188.54
59,40,13,350,3,5.42,4.47,199.29
74,40,10,350,4,7.86,2.0,228.06
58,40,17,350,5,4.29,3.33,223.32
68,40,15,350,5,6.3,3.46,243.95
63,40,17,350,3,8.92,1.88,203.38
48,40,13,350,3,8.36,4.17,176.74
47,40,9,350,3,7.87,4.42,168.69
74,40,14,350,3,5.6,3.98,230.59
51,40,9,350,4,8.54,3.08,183.74
61,40,16,350,3,4.41,2.7,197.8
63,40,17,350,4,5.62,1.7,212.69
65,40,14,350,4,5.19,2.71,217.14
47,40,17,350,4,4.58,2.02,179.21
49,40,13,350,5,8.7,2.07,194.16
70,40,16,350,3,6.0,2.87,219.55
57,40,15,350,5,8.06,4.31,226.78
48,40,18,350,4,7.4,3.51,194.1
51,40,7,350,4,3.63,1.73,168.13
66,40,12,350,5,7.7,1.68,225.78
55,40,8,350,5,8.17,1.98,197.45
68,40,11,350,4,6.35,3.2,222.27
52,40,7,350,3,5.99,3.85,171.02
74,40,15,350,4,6.72,3.24,242.57
71,40,13,350,4,5.49,3.16,231.11
75,40,13,350,3,8.14,1.54,219.62
58,40,13,350,5,4.27,4.31,221.98
67,40,11,350,4,7.3,2.04,214.47
50,40,12,350,5,7.44,3.69,202.55
68,40,13,350,5,3.31,2.61,232.94
64,40,9,350,5,5.6,4.44,229.96
70,40,8,350,5,5.91,2.01,227.7
59,40,9,350,5,6.96,2.06,207.07
67,40,11,350,4,8.65,3.39,223.34
59,40,17,350,5,8.2,3.84,231.98
66,40,15,350,5,8.53,3.13,239.87
59,40,18,350,3,6.17,2.56,197.79
52,40,8,350,5,5.8,2.88,193.89
71,40,12,350,4,8.81,3.22,232.82
65,40,17,350,5,5.76,1.65,230.23
69,40,15,350,5,5.69,2.7,241.24
65,40,11,350,5,8.7,4.4,238.19
60,40,9,350,4,4.07,3.18,199.45
47,40,9,350,4,7.35,3.28,175.18
50,40,9,350,5,6.48,3.24,193.98
54,40,15,350,3,8.27,3.17,187.31
70,40,14,350,3,8.97,3.7,223.56
75,40,12,350,3,6.28,4.49,232.81
48,40,18,350,3,7.95,3.98,183.86
75,40,16,350,3,5.95,3.54,234.0
48,40,8,350,4,4.8,3.35,173.63
69,40,18,350,5,8.07,3.45,252.83
50,40,14,350,5,7.6,3.73,206.36
74,40,12,350,3,8.88,3.17,225.64
51,40,18,350,4,5.16,2.48,192.64
46,40,11,350,4,7.76,2.93,174.87
61,40,9,350,3,7.98,2.77,189.52
60,40,13,350,3,5.68,3.87,198.29
51,40,11,350,5,8.49,2.51,197.3
58,40,16,350,4,5.61,3.13,208.31
55,40,10,350,4,7.87,4.04,198.82
58,40,18,350,4,7.37,2.51,209.88
62,40,10,350,3,4.35,2.8,190.17
46,40,8,350,5,7.46,1.92,177.15
56,40,9,350,5,5.44,1.65,196.91
67,40,18,350,5,5.39,4.32,250.95
48,40,7,350,4,8.99,2.63,171.75
62,40,14,350,5,5.7,2.62,224.07
69,40,16,350,5,7.73,1.53,238.25
73,40,10,350,5,5.2,1.57,234.42
53,40,8,350,5,6.3,2.1,192.1
66,40,12,350,5,6.68,3.92,237.46
65,40,7,350,4,8.43,1.67,202.28
61,40,14,350,4,7.79,2.78,211.37
74,40,7,350,4,4.12,3.76,229.37
50,40,10,350,3,6.14,3.48,169.93
73,40,7,350,5,7.38,3.27,240.89
64,40,13,350,3,3.28,1.78,192.86
63,40,13,350,5,5.69,3.48,229.34
68,40,13,350,3,3.17,2.33,204.44
61,40,12,350,5,4.62,2.85,218.79
65,40,8,350,5,5.93,3.43,225.0
47,40,7,350,5,5.07,3.69,185.34
55,40,7,350,5,6.15,4.21,206.44
59,40,7,350,4,5.08,2.55,191.26
49,40,15,350,4,7.11,4.25,195.0
51,40,18,350,4,3.35,2.12,188.92
56,40,13,350,3,7.51,2.87,185.78
54,40,7,350,4,5.81,4.12,190.07
50,40,8,350,4,6.61,2.61,175.43
54,40,18,350,3,5.05,3.28,190.08
72,40,16,350,4,5.32,3.69,241.23
74,40,18,350,4,6.73,1.63,238.64
52,40,9,350,4,5.24,2.26,178.19
57,40,9,350,4,3.23,1.79,184.39
53,40,11,350,3,4.87,4.32,181.64
49,40,18,350,3,7.26,3.59,183.16
67,40,9,350,3,3.98,1.86,193.54
63,40,12,350,5,3.84,3.07,223.59
56,40,11,350,3,3.53,2.87,178.65
52,40,10,350,5,7.81,4.48,208.21
67,40,17,350,4,7.89,3.33,232.58
70,40,9,350,3,6.32,2.05,203.22
47,40,10,350,5,7.4,3.45,191.3
64,40,12,350,4,3.63,2.16,207.01
59,40,18,350,3,4.08,2.38,194.83
67,40,9,350,3,5.1,3.63,204.56
71,40,14,350,3,3.38,2.72,214.98
50,40,15,350,3,3.67,3.04,173.72
49,40,7,350,4,7.15,3.07,174.67
66,40,10,350,3,3.33,1.62,191.15
57,40,16,350,3,4.39,1.87,184.52
62,40,16,350,4,5.78,4.44,224.44
59,40,15,350,4,8.1,3.87,215.23
61,40,13,350,5,3.68,1.95,214.55
61,40,7,350,4,4.78,1.65,190.2
68,40,16,350,5,5.71,3.42,244.89
65,40,12,350,5,6.36,4.1,236.04
69,40,17,350,3,3.22,4.35,224.88
49,40,7,350,3,5.22,4.46,167.31
50,40,18,350,5,4.63,3.99,211.92
49,40,17,350,5,8.79,4.37,214.07
52,40,10,350,5,4.65,1.53,188.64
53,40,12,350,4,6.08,3.58,193.7
55,40,10,350,3,5.77,4.27,184.77
60,40,14,350,5,4.85,3.66,224.85
50,40,9,350,5,6.25,2.34,188.69
71,40,16,350,5,6.97,4.04,255.99
48,40,14,350,4,8.09,3.65,188.67
71,40,15,350,5,5.21,4.22,253.66
64,40,15,350,3,6.76,4.22,213.28
57,40,12,350,5,8.89,2.24,210.74
53,40,13,350,4,4.85,2.16,186.26
61,40,11,350,3,6.76,2.15,188.31
66,40,14,350,3,4.52,2.64,204.86
72,40,16,350,5,4.38,2.77,248.56
72,40,17,350,5,3.35,3.69,254.51
73,40,14,350,5,7.19,3.85,255.99
69,40,18,350,5,4.34,3.75,251.05
53,40,16,350,4,7.66,2.85,197.91
66,40,8,350,5,8.23,3.69,230.75
59,40,15,350,3,5.1,3.66,197.85
50,40,11,350,3,4.92,4.18,174.46
56,40,16,350,4,4.52,2.7,200.58
60,40,11,350,5,6.54,3.9,222.64
65,40,14,350,4,7.52,1.86,214.51
57,40,14,350,5,5.97,1.6,207.84
75,40,18,350,3,6.56,3.07,235.35
67,40,15,350,4,8.28,3.29,229.29
71,40,13,350,5,4.74,4.17,249.51
48,40,9,350,5,4.75,3.28,188.31
49,40,8,350,3,5.71,4.35,168.86
47,40,8,350,3,6.81,3.5,160.8
64,40,14,350,3,6.41,1.78,197.48
68,40,10,350,4,4.34,3.44,220.04
67,40,13,350,4,8.07,3.65,227.69
50,40,17,350,3,3.53,2.1,171.72
51,40,16,350,4,6.12,3.31,194.78
64,40,10,350,5,7.29,1.85,218.64
72,40,14,350,4,6.48,3.38,237.13
52,40,7,350,4,7.08,3.5,183.46
68,40,7,350,4,7.19,1.98,209.31
47,40,17,350,5,3.98,4.23,204.52
52,40,17,350,4,4.2,2.22,190.71
57,40,18,350,3,8.12,2.0,192.15
72,40,14,350,3,5.49,4.2,227.43
72,40,11,350,4,3.71,2.66,225.35
60,40,12,350,3,4.11,2.22,185.81
61,40,13,350,4,6.55,3.2,210.87
73,40,9,350,5,7.82,2.33,239.43
74,40,12,350,5,3.57,4.02,252.29
73,40,10,350,5,7.47,2.71,242.96
60,40,18,350,3,7.24,3.38,205.55
52,40,16,350,4,6.1,1.85,188.68
73,40,13,350,3,8.91,2.6,222.02
62,40,10,350,4,8.22,2.9,207.73
67,40,13,350,5,4.03,2.31,229.78
49,40,17,350,5,8.79,3.62,209.84
47,40,8,350,4,4.11,1.58,160.86
62,40,12,350,4,7.34,1.93,204.87
61,40,7,350,5,6.37,3.41,215.0
57,40,15,350,4,5.84,3.85,208.72
59,40,13,350,5,6.19,2.19,213.95
60,40,7,350,3,3.37,2.94,180.62
65,40,13,350,4,3.99,1.89,209.68
55,40,17,350,5,6.01,3.29,218.26
46,40,10,350,5,8.18,1.58,179.33
63,40,7,350,5,5.82,2.22,212.07
47,40,7,350,5,7.45,1.81,176.95
57,40,15,350,3,7.86,4.12,198.73
52,40,7,350,4,8.02,3.72,185.58
52,40,16,350,3,5.31,2.85,180.18
53,40,11,350,3,4.59,1.85,167.44
73,40,8,350,4,3.71,2.97,224.1
65,40,7,350,4,5.37,3.4,209.2
61,40,18,350,5,6.18,3.34,233.29
66,40,7,350,5,8.59,4.29,232.75
56,40,8,350,3,7.75,1.82,171.51
49,40,7,350,4,6.77,2.12,168.96
54,40,18,350,4,5.09,1.66,194.38
54,40,9,350,4,8.2,2.74,187.94
53,40,10,350,4,7.62,2.72,186.86
55,40,8,350,3,8.1,3.12,177.02
73,40,12,350,3,8.36,3.08,222.5
55,40,11,350,3,6.72,2.36,176.59
47,40,8,350,3,8.75,2.53,157.14
67,40,14,350,3,5.28,3.26,211.21
71,40,14,350,4,8.44,1.56,226.54
60,40,17,350,4,5.54,2.21,209.06
55,40,11,350,3,6.0,3.31,181.28
74,40,7,350,5,8.87,2.19,238.33
49,40,18,350,3,8.43,3.47,183.57
50,40,17,350,3,4.96,4.06,184.1
65,40,7,350,4,3.32,2.7,203.34
58,40,17,350,3,5.8,3.13,196.8
69,40,9,350,4,4.85,2.07,213.22
61,40,9,350,5,5.38,2.55,212.66
66,40,9,350,3,5.63,4.41,207.31
53,40,16,350,5,3.18,2.24,203.7
71,40,10,350,3,7.86,3.94,219.17
67,40,12,350,5,4.81,3.26,234.15
75,40,15,350,3,5.43,1.52,220.41
75,40,13,350,3,6.43,2.85,225.41
75,40,11,350,3,6.5,2.85,222.05
64,40,18,350,5,7.72,2.66,237.32
55,40,8,350,3,4.3,4.01,178.5
50,40,18,350,3,5.07,2.38,176.45
54,40,8,350,5,3.53,3.49,199.51
57,40,10,350,4,8.38,2.54,195.13
62,40,9,350,3,8.34,4.44,201.42
66,40,8,350,4,4.87,1.67,202.83
51,40,8,350,3,7.34,3.28,168.63
72,40,15,350,5,6.63,3.77,254.58
69,40,10,350,5,7.22,2.81,234.71
61,40,16,350,5,6.56,1.87,221.92
58,40,13,350,3,7.25,3.9,195.63
61,40,15,350,5,5.44,2.46,222.49
53,40,7,350,4,3.74,2.11,174.66
61,40,11,350,3,6.02,2.67,190.56
60,40,12,350,4,8.86,1.75,200.98
60,40,11,350,5,6.96,4.21,224.77
57,40,8,350,5,8.99,3.73,212.38
58,40,7,350,4,4.0,2.0,185.01
65,40,17,350,3,3.36,1.85,202.33
64,40,11,350,4,3.66,1.74,202.95
66,40,18,350,5,8.94,2.82,243.65
48,40,18,350,5,5.99,1.95,197.39
48,40,11,350,3,4.15,2.86,162.01
59,40,17,350,3,8.88,1.81,194.36
62,40,8,350,5,4.96,3.41,217.55
54,40,7,350,3,7.77,3.46,174.77
71,40,15,350,5,6.74,2.39,244.76
74,40,10,350,4,7.06,2.3,229.01
59,40,8,350,3,8.28,3.71,189.09
71,40,8,350,3,7.37,2.65,208.01
69,40,12,350,5,7.97,4.25,246.96
61,40,18,350,4,7.58,3.45,221.81
71,40,12,350,3,4.28,3.66,217.69
70,40,12,350,3,3.93,2.59,209.18
67,40,14,350,5,7.63,3.56,241.89
57,40,14,350,3,6.44,3.54,192.42
58,40,12,350,3,7.87,4.25,196.47
60,40,17,350,3,6.05,2.82,199.57
72,40,11,350,5,8.98,1.94,239.59
67,40,10,350,3,8.35,2.25,201.51
73,40,17,350,4,4.96,3.21,242.05
63,40,15,350,5,4.91,1.65,221.72
65,40,15,350,3,6.49,1.64,200.62
50,40,7,350,4,4.59,3.84,178.78
54,40,18,350,5,8.02,2.03,212.59
65,40,11,350,4,3.26,4.41,219.79
56,40,17,350,5,5.06,4.4,225.78
70,40,15,350,5,3.24,3.51,245.67
55,40,11,350,3,6.81,2.14,175.44
53,40,15,350,3,8.37,1.87,177.93
73,40,18,350,5,7.7,3.0,258.52
63,40,11,350,5,7.4,3.71,228.8
62,40,11,350,4,7.63,2.45,206.36
61,40,10,350,5,7.7,3.57,222.28
47,40,14,350,3,4.89,1.78,159.6
53,40,12,350,4,8.02,3.23,193.53
57,40,15,350,4,6.82,2.68,203.04
61,40,14,350,4,8.68,2.19,208.87
63,40,15,350,4,4.31,3.41,217.69
62,40,15,350,3,5.95,1.87,194.98
52,40,7,350,5,7.19,3.74,198.32
59,40,16,350,3,4.39,1.77,188.25
51,40,14,350,4,7.13,1.93,184.51
74,40,16,350,3,7.01,2.57,227.37
59,40,15,350,3,7.58,2.48,193.51
56,40,16,350,5,6.92,3.42,220.27
53,40,9,350,4,8.7,2.49,184.85
74,40,7,350,3,7.28,2.4,211.24
62,40,15,350,4,4.06,3.27,214.52
48,40,17,350,4,8.28,3.64,193.93
68,40,11,350,4,4.11,2.71,217.42
75,40,9,350,5,3.58,1.99,237.86
62,40,7,350,5,5.09,2.02,208.12
46,40,17,350,4,7.36,1.8,178.41
60,40,13,350,5,5.93,2.98,220.31
73,40,16,350,5,4.59,3.54,255.25
50,40,17,350,4,4.49,2.54,188.49
63,40,9,350,4,7.65,3.48,210.91
71,40,15,350,4,8.9,3.89,241.83
48,40,8,350,4,7.83,3.43,176.9
52,40,11,350,4,3.22,3.79,188.37
58,40,16,350,5,6.7,3.85,226.78
53,40,16,350,4,6.28,4.24,204.47
57,40,9,350,3,3.79,1.57,170.27
68,40,16,350,5,6.34,2.83,242.15
66,40,13,350,4,3.16,2.97,217.15
54,40,11,350,4,6.6,3.75,195.58
69,40,8,350,5,6.98,3.8,236.64
69,40,8,350,5,8.87,3.6,237.27
53,40,18,350,5,6.57,2.66,212.65
60,40,18,350,3,6.66,3.68,206.71
74,40,14,350,3,6.99,3.69,230.24
66,40,11,350,5,8.45,2.69,230.46
67,40,17,350,5,5.71,2.67,240.23
51,40,12,350,3,3.24,2.78,168.86
50,40,14,350,5,7.55,2.93,201.8
72,40,17,350,3,4.09,2.67,222.65
70,40,16,350,4,6.12,4.39,241.63
64,40,17,350,5,7.43,2.96,237.03
75,40,17,350,4,5.01,3.45,247.74
66,40,7,350,3,4.03,3.83,199.12
67,40,12,350,3,7.36,3.15,209.1
56,40,18,350,3,7.18,3.79,199.23
60,40,16,350,3,8.16,3.68,204.67
58,40,12,350,5,3.54,1.96,206.33
64,40,7,350,4,4.37,1.51,195.46
52,40,8,350,5,3.33,3.97,197.74
66,40,13,350,3,5.84,2.01,200.82
61,40,12,350,4,3.66,2.78,204.1
65,40,11,350,3,8.37,2.74,201.72
54,40,11,350,3,6.71,1.8,171.28
54,40,17,350,3,5.83,1.86,181.09
58,40,14,350,4,3.46,3.28,203.73
73,40,13,350,5,3.58,1.73,238.96
51,40,7,350,5,7.17,2.52,189.28
69,40,17,350,3,8.15,2.22,217.45
67,40,18,350,5,5.51,3.3,245.31
52,40,13,350,5,4.55,2.35,198.31
71,40,11,350,4,3.53,2.35,221.29
51,40,7,350,5,6.93,2.89,191.14
71,40,8,350,4,7.1,3.43,225.56
59,40,13,350,5,6.29,2.69,216.86
46,40,14,350,5,7.78,3.59,197.15
64,40,9,350,3,7.92,3.19,198.27
63,40,17,350,5,3.98,2.54,229.3
55,40,8,350,5,5.37,2.87,199.87
63,40,16,350,4,4.78,2.84,216.63
57,40,17,350,3,4.2,2.2,187.92
66,40,7,350,4,3.99,3.87,212.71
75,40,11,350,5,3.57,2.35,243.31
64,40,18,350,4,8.46,3.9,231.6
60,40,10,350,5,7.24,2.69,214.75
60,40,12,350,5,3.4,3.94,221.66
74,40,17,350,4,8.48,4.18,252.93
60,40,9,350,4,4.44,4.46,207.01
66,40,18,350,5,4.82,4.13,247.2
56,40,10,350,5,3.34,4.47,212.58
51,40,17,350,4,6.28,1.81,188.19
50,40,17,350,5,5.09,2.01,199.46
73,40,15,350,5,4.49,1.88,244.08
53,40,9,350,4,5.81,4.47,193.33
64,40,17,350,5,3.31,3.18,234.44
62,40,17,350,5,7.86,4.03,239.17
60,40,13,350,4,6.77,4.34,215.36
50,40,18,350,4,8.24,2.79,195.11
67,40,12,350,3,3.73,2.53,202.22
75,40,16,350,4,3.74,1.71,235.03
70,40,12,350,3,8.85,2.84,215.17
53,40,8,350,5,5.43,2.85,195.52
61,40,12,350,3,7.31,2.16,190.6
61,40,9,350,5,3.42,2.13,208.47
74,40,8,350,3,4.71,4.31,221.33
60,40,12,350,5,7.79,2.89,219.82
64,40,8,350,4,6.96,2.24,203.7
46,40,9,350,4,3.61,2.09,162.84
48,40,11,350,4,3.47,4.22,182.45
46,40,17,350,4,3.16,4.39,189.11
67,40,13,350,4,6.81,3.2,223.98
58,40,10,350,4,7.15,2.09,193.59
70,40,17,350,3,8.3,1.77,217.19
74,40,10,350,4,3.83,3.62,233.45
65,40,10,350,4,8.12,1.56,206.52
75,40,11,350,5,5.58,3.31,250.59
66,40,16,350,3,5.66,3.34,213.3
49,40,10,350,4,4.45,3.86,181.76
64,40,18,350,5,6.32,3.66,241.66
57,40,11,350,4,5.62,2.94,196.53
64,40,7,350,4,8.73,3.66,211.64
48,40,8,350,5,7.78,2.46,184.78
51,40,16,350,4,4.77,2.02,186.25
69,40,16,350,5,7.05,3.67,249.69
73,40,10,350,3,4.26,4.21,221.63
71,40,18,350,3,7.34,3.93,232.34
46,40,11,350,3,3.33,3.57,160.96
70,40,11,350,3,7.36,3.4,215.23
64,40,13,350,3,6.81,1.56,194.9
75,40,12,350,4,6.93,3.86,243.26
52,40,18,350,5,5.16,3.53,214.11
56,40,17,350,5,8.78,2.25,217.12
47,40,17,350,3,7.08,2.48,170.73
68,40,18,350,4,7.31,2.98,233.92
68,40,9,350,4,6.21,2.06,212.28
50,40,13,350,3,7.01,2.02,167.65
56,40,18,350,5,6.64,2.19,216.5
46,40,13,350,5,5.73,3.5,193.02
62,40,16,350,4,6.7,3.03,217.34
49,40,7,350,3,4.68,3.96,163.99
54,40,13,350,4,8.15,3.34,198.13
53,40,11,350,5,4.45,3.62,204.1
63,40,15,350,3,5.28,1.96,197.01
74,40,18,350,3,6.49,2.08,227.55
57,40,9,350,3,8.18,1.93,176.39
55,40,12,350,4,5.59,3.93,199.51
69,40,7,350,5,7.89,2.33,227.48
66,40,12,350,4,7.11,2.29,215.27
50,40,10,350,5,6.26,4.5,202.59
48,40,14,350,5,6.74,3.9,202.22
68,40,15,350,5,4.56,4.29,247.01
60,40,16,350,4,7.37,4.1,219.71
64,40,7,350,3,8.15,3.13,194.71
48,40,10,350,4,5.92,4.12,182.45
55,40,7,350,3,8.52,2.47,172.03
47,40,11,350,3,7.46,3.58,167.0
71,40,18,350,3,6.38,4.08,232.3
60,40,11,350,5,3.23,2.94,214.14
69,40,10,350,3,5.43,2.86,206.53
46,40,10,350,4,7.8,3.43,176.01
55,40,16,350,3,4.12,2.7,184.66
66,40,11,350,4,3.26,3.12,214.66
68,40,16,350,5,8.76,1.51,236.95
48,40,18,350,5,7.77,3.78,209.36
50,40,14,350,5,3.4,3.57,201.55
47,40,16,350,4,4.8,2.15,178.43
51,40,12,350,3,8.86,4.17,181.93
72,40,9,350,3,4.1,1.88,204.48
63,40,15,350,5,5.59,2.43,226.75
48,40,8,350,3,4.55,1.78,151.14
61,40,10,350,5,4.48,3.74,220.25
70,40,11,350,4,5.32,3.13,225.21
48,40,14,350,4,4.98,3.04,182.34
56,40,15,350,5,3.77,2.04,207.85
71,40,16,350,3,5.25,2.57,219.3
60,40,10,350,3,3.7,1.93,180.37
56,40,17,350,4,5.38,4.07,210.82
55,40,16,350,4,4.61,1.55,192.03
75,40,14,350,4,7.7,4.45,250.73
67,40,10,350,3,6.52,2.76,202.69
55,40,11,350,5,3.17,2.79,202.52
50,40,13,350,4,4.05,3.21,185.01
62,40,12,350,4,6.97,2.96,210.34
67,40,10,350,5,7.55,4.21,238.62
51,40,8,350,3,3.62,3.62,167.09
47,40,7,350,4,6.26,3.7,173.1
69,40,18,350,3,7.21,2.83,221.73
69,40,9,350,5,7.03,4.43,241.96
71,40,16,350,3,7.19,3.76,227.82
50,40,17,350,3,8.83,2.89,181.1
63,40,14,350,4,7.66,1.73,209.62
67,40,15,350,3,3.68,1.81,203.26
66,40,14,350,5,6.39,3.73,239.55
70,40,17,350,4,7.14,2.96,236.23
46,40,15,350,3,4.13,4.16,171.89
47,40,11,350,5,4.84,3.18,189.11
65,40,16,350,4,7.02,3.97,229.37
63,40,10,350,4,5.77,1.6,200.27
66,40,7,350,5,7.96,3.59,228.22
48,40,13,350,4,4.43,3.27,181.41
58,40,12,350,3,5.92,4.01,193.3
70,40,17,350,5,5.27,2.75,246.7
73,40,13,350,5,6.17,2.5,245.71
64,40,18,350,5,8.33,2.0,234.16
54,40,13,350,5,6.03,2.02,202.12
75,40,8,350,4,6.18,1.61,223.02
46,40,18,350,4,6.27,3.94,191.18
46,40,14,350,5,4.15,2.11,185.43
59,40,16,350,3,5.48,3.57,199.41
58,40,13,350,4,7.97,2.54,202.03
57,40,16,350,3,4.56,3.8,195.57
54,40,12,350,3,8.28,1.8,174.45
75,40,14,350,5,8.94,2.64,255.08
66,40,14,350,4,4.01,1.56,211.7
75,40,9,350,3,3.55,3.75,220.96
55,40,8,350,5,4.72,3.74,204.17
53,40,11,350,3,7.48,4.03,182.43
46,40,11,350,3,7.5,3.82,166.25
62,40,16,350,3,7.74,4.45,212.91
60,40,16,350,3,4.65,2.82,196.56
67,40,9,350,3,4.54,2.48,197.55
51,40,15,350,4,4.49,3.51,192.68
73,40,10,350,4,3.44,2.06,222.15
65,40,13,350,5,4.53,4.01,235.54
69,40,7,350,5,3.78,1.57,219.38
64,40,7,350,5,4.68,2.77,216.26
55,40,7,350,3,6.38,2.96,172.8
56,40,17,350,3,8.26,4.05,199.99
72,40,8,350,3,8.07,3.96,218.19
65,40,17,350,3,8.44,4.48,221.88
49,40,14,350,4,8.48,1.9,181.31
50,40,10,350,3,5.04,2.83,165.24
56,40,15,350,4,8.7,2.23,200.1
66,40,11,350,3,8.94,3.79,210.32
70,40,13,350,5,7.93,3.54,246.78
58,40,15,350,4,3.72,4.4,212.0
72,40,14,350,3,6.28,1.83,214.8
58,40,10,350,5,7.45,2.03,206.93
68,40,7,350,4,5.64,2.73,212.1
61,40,17,350,3,6.43,1.8,196.32
65,40,8,350,5,6.31,2.62,220.78
61,40,12,350,3,7.0,3.43,197.47
54,40,16,350,3,4.19,1.66,176.72
59,40,13,350,4,6.18,2.53,202.46
53,40,11,350,5,5.74,2.66,199.88
50,40,11,350,4,6.08,2.1,177.21
53,40,13,350,3,3.52,3.96,181.78
64,40,7,350,5,4.05,4.2,223.73
71,40,12,350,5,6.12,2.94,242.14
66,40,7,350,3,5.68,2.9,195.41
57,40,16,350,3,7.41,2.56,191.22
60,40,18,350,4,3.29,4.3,220.47
49,40,17,350,5,6.61,3.56,207.47
50,40,14,350,4,8.65,2.05,184.46
52,40,16,350,5,4.89,3.3,209.13
63,40,7,350,3,4.74,2.89,188.04
56,40,8,350,5,5.27,3.28,204.23
46,40,12,350,3,3.55,2.22,155.26
61,40,14,350,3,7.29,2.76,197.39
72,40,15,350,3,4.81,3.46,224.34
47,40,9,350,3,8.22,2.17,156.33
48,40,10,350,3,5.89,1.52,154.35
70,40,17,350,4,5.5,3.91,240.06
53,40,7,350,4,8.86,3.65,188.11
60,40,13,350,5,8.84,3.25,224.54
53,40,11,350,3,8.59,2.76,176.3
67,40,12,350,3,3.34,3.96,209.93
64,40,9,350,4,7.52,3.25,211.63
67,40,10,350,5,5.84,3.72,234.27
62,40,12,350,3,4.95,3.88,200.25
66,40,14,350,5,7.1,1.8,229.32
59,40,9,350,3,8.45,3.98,192.49
57,40,9,350,3,4.16,2.61,176.48
66,40,18,350,5,5.88,2.72,240.24
63,40,8,350,4,3.71,3.88,207.78
49,40,17,350,5,5.79,2.3,199.6
71,40,12,350,3,7.33,4.1,223.01
60,40,10,350,5,5.86,3.32,217.02
55,40,17,350,5,4.91,3.78,220.0
51,40,16,350,4,4.77,2.23,187.44
74,40,9,350,3,4.42,2.37,211.84
71,40,14,350,5,8.73,2.78,247.09
49,40,14,350,3,5.73,1.9,165.35
73,40,11,350,3,7.38,3.57,222.64
66,40,10,350,5,6.15,2.1,223.28
47,40,7,350,3,8.27,3.76,161.91
51,40,10,350,5,7.22,3.71,201.18
52,40,7,350,3,8.67,4.04,174.59
56,40,10,350,3,8.34,2.18,177.51
46,40,9,350,5,6.63,3.37,186.27
75,40,13,350,5,5.88,3.25,253.96
62,40,7,350,5,5.23,4.07,219.81
50,40,10,350,5,5.65,4.04,199.43
53,40,18,350,3,7.97,2.49,186.2
48,40,15,350,5,3.26,4.06,201.6
58,40,13,350,3,7.06,3.26,191.85
65,40,11,350,4,4.47,2.08,207.77
53,40,7,350,5,8.81,2.08,192.61
64,40,15,350,3,7.69,2.99,207.21
50,40,18,350,3,8.14,2.82,181.78
66,40,8,350,4,5.51,2.75,209.52
55,40,15,350,3,8.08,1.56,180.2
62,40,18,350,3,3.61,2.36,200.71
67,40,15,350,4,3.46,1.54,214.93
62,40,15,350,3,6.82,3.72,206.23
53,40,7,350,4,6.63,3.16,183.27
49,40,11,350,3,6.93,3.04,167.75
60,40,17,350,4,5.66,2.68,211.82
54,40,13,350,3,6.84,4.24,188.59
69,40,10,350,3,7.53,4.31,216.66
68,40,13,350,4,7.87,3.23,227.28
71,40,13,350,4,5.85,3.66,234.26
55,40,16,350,4,3.76,2.92,198.97
65,40,8,350,3,5.52,2.68,193.59
47,40,7,350,3,5.08,3.1,155.22
75,40,10,350,4,3.43,1.67,224.23
66,40,13,350,3,8.87,3.36,211.26
51,40,9,350,5,8.18,3.7,200.3
49,40,11,350,3,8.34,3.09,169.35
66,40,18,350,3,6.33,2.41,212.11
46,40,13,350,5,5.13,3.4,191.9
53,40,14,350,4,3.72,2.9,191.1
61,40,7,350,3,4.96,2.7,182.89
58,40,9,350,4,4.81,2.56,192.35
46,40,14,350,3,4.09,3.92,168.78
71,40,17,350,3,4.57,3.97,228.28
55,40,16,350,4,5.54,4.4,208.97
46,40,13,350,3,5.55,4.0,168.88
59,40,16,350,3,7.2,3.66,201.52
61,40,18,350,4,4.27,4.19,222.9
62,40,15,350,3,6.51,1.8,195.11
50,40,12,350,5,5.84,3.18,198.19
74,40,10,350,3,6.23,2.78,217.55
60,40,16,350,5,6.24,3.88,230.81
75,40,7,350,4,5.37,2.07,223.14
58,40,17,350,3,6.34,4.39,204.41
59,40,17,350,5,5.7,1.63,217.19
75,40,12,350,5,6.35,1.63,243.55
51,40,15,350,3,5.59,1.83,170.83
70,40,17,350,5,3.59,2.55,244.01
49,40,10,350,3,6.61,1.89,159.25
67,40,10,350,5,5.48,3.48,232.58
62,40,14,350,5,5.32,2.99,225.8
72,40,11,350,3,3.86,2.98,213.89
67,40,14,350,4,7.42,2.96,224.91
75,40,9,350,3,7.26,2.09,215.04
60,40,10,350,3,5.42,1.77,181.07
52,40,7,350,5,3.93,2.99,191.06
61,40,18,350,5,3.61,1.89,222.72
66,40,12,350,3,7.56,4.22,213.17
59,40,14,350,3,4.64,2.22,187.59
75,40,13,350,5,5.48,2.18,247.55
60,40,14,350,5,6.93,3.11,223.69
74,40,15,350,5,6.54,4.27,261.61
65,40,7,350,5,8.97,3.24,225.04
62,40,17,350,4,7.39,3.87,224.43
75,40,18,350,3,6.01,2.0,228.8
68,40,8,350,4,4.73,2.59,212.18
62,40,14,350,5,4.41,2.89,224.39
61,40,7,350,5,7.27,3.09,214.03
71,40,12,350,5,8.21,4.48,252.77
71,40,17,350,5,5.75,3.79,255.16
59,40,14,350,4,8.07,2.83,207.62
58,40,10,350,4,7.4,4.12,205.27
70,40,17,350,5,4.29,4.06,253.18
66,40,8,350,5,3.66,4.14,229.04
68,40,16,350,3,4.14,1.65,206.64
48,40,8,350,5,8.51,2.89,187.89
47,40,15,350,4,8.68,3.62,188.62
71,40,10,350,3,3.33,2.45,206.55
56,40,10,350,4,3.56,3.28,192.67
65,40,17,350,3,7.78,2.79,211.74
47,40,9,350,5,4.48,3.03,184.5
69,40,13,350,3,5.79,3.23,214.09
47,40,14,350,5,3.25,2.95,191.48
47,40,10,350,3,6.41,2.54,158.44
68,40,16,350,4,4.31,2.71,226.18
73,40,7,350,5,8.98,4.28,248.08
47,40,17,350,5,7.99,2.11,196.29
53,40,16,350,3,7.27,1.83,178.4
61,40,9,350,3,5.38,2.85,187.55
62,40,7,350,3,6.89,3.75,192.75
47,40,15,350,3,5.63,4.32,176.33
53,40,13,350,4,3.71,4.23,196.88
53,40,10,350,5,8.4,1.75,195.51
50,40,12,350,3,3.69,3.73,172.49
70,40,7,350,3,6.2,3.92,210.22
58,40,17,350,3,7.56,3.38,199.85
60,40,14,350,3,5.47,1.88,188.59
50,40,11,350,5,6.53,3.31,197.85
62,40,8,350,4,8.19,2.53,202.19
46,40,11,350,3,8.02,3.62,165.6
55,40,7,350,4,3.43,3.34,185.6
65,40,16,350,5,4.69,3.93,240.38
66,40,17,350,4,6.88,2.55,225.09
55,40,11,350,3,7.33,3.66,184.49
68,40,10,350,3,8.26,4.38,215.59
75,40,15,350,5,3.71,2.68,252.15
47,40,13,350,5,7.09,2.05,188.26
69,40,18,350,4,7.7,3.38,238.69
63,40,11,350,3,7.22,4.29,205.1
53,40,7,350,3,6.75,3.54,172.13
74,40,17,350,4,8.77,3.1,247.11
62,40,12,350,3,7.18,2.63,195.27
64,40,7,350,5,8.99,3.88,226.52
67,40,14,350,4,6.4,3.83,228.87
67,40,10,350,4,7.69,3.26,220.0
73,40,10,350,5,3.87,3.78,245.65
69,40,10,350,4,5.32,3.84,225.35
58,40,13,350,5,5.43,4.48,224.01
54,40,8,350,5,6.32,1.7,192.01
54,40,13,350,3,7.93,2.95,182.33
66,40,11,350,5,5.83,3.92,234.96
65,40,10,350,5,5.68,3.35,227.74
55,40,18,350,3,6.98,3.13,193.18
58,40,12,350,3,3.35,3.07,185.61
47,40,8,350,3,4.73,3.44,158.53
60,40,16,350,3,4.22,3.9,202.25
62,40,14,350,5,3.34,2.43,220.8
63,40,14,350,4,4.74,1.68,206.62
64,40,11,350,4,6.16,2.59,210.07
51,40,14,350,4,8.22,2.06,186.26
66,40,7,350,5,4.67,2.65,219.86
51,40,16,350,3,4.4,3.99,183.62
69,40,12,350,5,7.32,2.76,237.95
69,40,13,350,5,6.41,2.77,238.87
68,40,16,350,4,6.7,4.08,236.13
73,40,14,350,4,4.83,2.4,232.21
59,40,12,350,5,8.46,3.68,222.75
68,40,8,350,3,8.49,3.5,207.41
67,40,10,350,3,6.53,3.4,206.31
56,40,11,350,4,6.53,4.24,202.56
73,40,18,350,5,5.81,3.13,257.5
47,40,7,350,4,3.19,2.32,162.47
58,40,14,350,5,4.86,4.39,224.69
68,40,14,350,4,3.28,1.9,217.23
59,40,16,350,3,4.18,2.15,190.2
51,40,16,350,3,7.68,4.39,188.93
66,40,17,350,3,4.83,3.64,215.93
60,40,9,350,4,8.89,3.71,206.92
64,40,11,350,4,3.23,3.5,212.48
70,40,11,350,3,6.18,3.4,214.13
68,40,7,350,4,4.9,2.52,210.23
70,40,8,350,5,6.95,2.87,233.51
50,40,8,350,5,6.51,2.57,188.51
47,40,10,350,5,8.2,1.81,182.79
75,40,8,350,4,5.76,3.03,230.64
64,40,18,350,4,4.35,3.66,226.43
52,40,13,350,5,6.28,4.42,211.59
54,40,18,350,5,5.29,3.65,219.19
49,40,15,350,3,7.05,1.54,166.26
69,40,10,350,3,5.1,2.81,205.94
69,40,8,350,3,5.89,3.64,207.93
69,40,12,350,3,7.21,3.9,217.48
71,40,18,350,4,6.39,3.76,243.9
58,40,16,350,4,5.54,3.38,209.65
60,40,11,350,5,4.76,2.22,211.5
50,40,9,350,5,8.9,3.45,197.41
66,40,8,350,3,7.89,4.37,207.47
52,40,14,350,3,4.29,4.21,183.47
61,40,11,350,3,4.68,3.44,193.66
47,40,9,350,4,7.39,1.56,165.51
61,40,9,350,3,5.98,3.28,190.53
52,40,12,350,3,4.26,3.54,176.24
74,40,15,350,5,8.24,4.26,263.13
47,40,10,350,5,6.69,2.38,184.6
75,40,10,350,3,8.66,3.58,226.46
46,40,12,350,5,4.43,1.87,180.91
57,40,9,350,3,3.27,2.16,173.12
71,40,15,350,3,3.19,1.55,209.92
64,40,12,350,3,3.31,3.67,201.83
55,40,17,350,4,4.63,2.55,199.41
55,40,12,350,3,3.65,2.28,175.0
65,40,14,350,5,6.56,3.77,237.79
49,40,12,350,5,5.59,3.31,196.54
73,40,17,350,4,6.03,3.65,245.52
69,40,15,350,5,6.01,3.56,246.39
72,40,18,350,3,5.15,3.78,231.61
69,40,10,350,5,7.46,4.49,244.41
57,40,13,350,4,4.94,2.53,197.01
53,40,17,350,5,6.96,1.78,206.34
49,40,18,350,5,4.18,4.48,212.12
47,40,17,350,5,3.98,2.25,193.35
69,40,14,350,4,5.12,3.1,227.85
60,40,14,350,5,3.99,4.03,226.14
68,40,12,350,5,7.03,4.22,243.77
47,40,13,350,4,4.64,1.83,171.34
58,40,13,350,4,8.46,2.01,199.5
49,40,10,350,3,5.67,3.02,164.75
67,40,18,350,4,5.85,1.77,223.6
53,40,16,350,5,5.86,4.11,216.74
46,40,17,350,4,4.43,3.39,184.65
55,40,8,350,4,6.95,2.21,184.22
62,40,13,350,5,8.0,3.43,229.06
55,40,18,350,5,4.58,1.84,210.47
74,40,16,350,5,6.75,4.22,263.24
60,40,10,350,4,7.44,3.05,203.56
57,40,13,350,4,8.98,4.05,209.34
53,40,18,350,5,7.38,2.83,214.37
61,40,8,350,5,8.11,4.38,223.8
75,40,11,350,4,5.57,2.25,231.2
57,40,16,350,5,3.41,2.31,212.89
48,40,17,350,3,7.16,2.95,175.6
70,40,8,350,5,4.71,1.75,225.11
63,40,10,350,4,7.24,2.92,209.08
62,40,7,350,5,8.38,2.31,212.81
49,40,16,350,3,7.91,4.26,184.12
64,40,12,350,4,8.1,1.53,207.61
62,40,9,350,5,8.99,3.4,222.96
55,40,7,350,5,6.05,3.72,203.58
62,40,7,350,5,6.3,4.28,221.99
60,40,10,350,5,7.52,4.49,225.16
51,40,16,350,5,7.25,4.39,215.33
64,40,13,350,4,8.45,2.87,217.21
62,40,13,350,5,7.12,3.01,225.87
56,40,10,350,5,8.47,4.35,216.67
60,40,15,350,4,7.06,3.58,214.77
65,40,10,350,5,6.6,3.61,230.07
54,40,17,350,3,3.6,1.87,179.07
68,40,9,350,4,8.63,1.78,212.95
56,40,11,350,4,8.21,3.14,197.92
53,40,8,350,3,5.48,4.12,175.93
66,40,9,350,5,5.36,1.78,219.02
56,40,13,350,4,6.35,2.14,193.98
65,40,9,350,3,4.84,2.28,192.41
49,40,11,350,5,8.31,3.57,198.83
66,40,16,350,4,7.2,2.63,224.13
67,40,17,350,5,8.55,2.35,241.06
61,40,11,350,4,4.87,2.91,204.24
67,40,10,350,3,5.16,2.62,200.63
54,40,17,350,4,5.8,1.54,192.65
75,40,13,350,4,4.22,4.17,244.2
54,40,18,350,4,4.09,1.81,194.3
55,40,16,350,4,6.79,3.08,202.69
66,40,8,350,3,7.8,4.37,207.39
62,40,10,350,5,3.4,4.45,225.39
67,40,17,350,3,5.65,3.3,216.92
59,40,7,350,5,3.48,2.47,202.72
57,40,7,350,3,8.63,2.63,177.32
53,40,8,350,4,6.71,3.26,185.63
58,40,10,350,3,3.25,3.79,186.15
64,40,9,350,5,6.12,1.75,215.27
67,40,15,350,5,5.15,3.56,241.3
70,40,8,350,3,5.54,2.32,202.3
66,40,16,350,4,3.52,3.3,224.48
56,40,9,350,5,7.85,3.93,212.01
56,40,8,350,5,8.75,3.31,207.64
49,40,18,350,3,5.27,3.67,181.76
68,40,18,350,4,4.42,2.25,227.12
58,40,7,350,4,5.28,3.57,195.06
66,40,17,350,4,5.82,2.57,224.22
73,40,9,350,3,7.79,1.82,209.72
55,40,7,350,4,4.85,4.15,191.49
74,40,10,350,4,7.4,2.86,232.49
50,40,12,350,3,8.88,3.59,176.53
69,40,8,350,5,6.89,3.56,235.21
66,40,12,350,5,3.4,3.61,232.66
62,40,7,350,5,5.7,1.76,207.22
57,40,11,350,4,4.92,4.28,203.44
70,40,14,350,5,8.7,3.32,247.97
65,40,11,350,4,8.78,4.47,225.26
63,40,14,350,3,5.67,2.53,198.88
47,40,10,350,3,8.23,2.94,162.39
74,40,12,350,5,4.59,2.36,243.88
47,40,9,350,4,6.2,3.65,176.2
46,40,8,350,4,5.98,2.58,166.1
65,40,13,350,4,5.18,4.33,224.55
69,40,9,350,5,4.1,2.9,230.6
69,40,7,350,3,4.46,3.21,202.46
69,40,17,350,4,4.24,2.8,230.48
46,40,12,350,5,5.97,2.64,186.68
49,40,17,350,4,5.88,2.72,188.66
71,40,8,350,5,6.64,3.01,236.16
48,40,18,350,3,7.18,2.95,177.33
70,40,15,350,3,3.94,3.48,219.36
55,40,12,350,3,3.81,1.72,171.99
67,40,15,350,3,4.65,2.74,209.41
51,40,16,350,4,3.95,3.98,196.54
65,40,10,350,3,8.86,2.26,197.75
48,40,17,350,3,4.26,3.28,174.76
75,40,11,350,5,5.84,1.93,243.05
69,40,12,350,3,7.95,1.56,204.97
69,40,7,350,4,3.2,1.83,206.9
74,40,13,350,4,8.45,3.5,242.21
49,40,18,350,4,7.67,3.3,195.31
49,40,14,350,5,4.2,1.92,190.84
61,40,8,350,3,7.43,4.12,194.91
49,40,18,350,3,6.01,2.98,178.56
63,40,17,350,5,4.3,3.2,233.32
49,40,11,350,5,6.15,3.44,196.08
60,40,18,350,3,4.45,2.34,197.09
48,40,14,350,5,3.44,4.43,202.14
53,40,18,350,5,5.68,3.99,219.33
64,40,15,350,3,7.99,3.3,209.24
54,40,13,350,3,7.91,1.84,176.05
72,40,12,350,3,8.64,2.17,215.49
71,40,14,350,4,3.79,3.39,232.54
46,40,13,350,4,6.24,3.0,177.28
73,40,12,350,5,7.25,3.91,252.95
69,40,16,350,4,6.5,4.4,239.89
63,40,8,350,5,4.52,2.27,212.86
73,40,12,350,5,4.29,2.38,241.57
58,40,17,350,4,5.26,2.13,204.06
61,40,18,350,5,3.41,4.48,237.14
71,40,15,350,3,7.58,3.82,226.8
59,40,14,350,5,4.61,3.59,222.09
70,40,18,350,4,7.36,3.48,241.08
46,40,12,350,3,4.59,3.42,163.0
49,40,13,350,3,7.35,3.79,175.8
60,40,13,350,4,8.51,4.36,217.09
75,40,7,350,5,3.25,2.12,234.85
60,40,16,350,3,5.93,2.14,193.91
74,40,13,350,4,5.57,3.27,238.24
52,40,14,350,5,6.17,3.38,207.34
62,40,18,350,5,4.88,3.07,232.7
74,40,13,350,3,8.99,3.28,228.08
66,40,16,350,4,7.28,4.1,232.49
65,40,16,350,3,7.06,3.4,212.8
58,40,14,350,4,8.62,1.94,200.97
46,40,11,350,4,3.33,3.77,175.49
64,40,9,350,3,8.41,3.37,199.74
72,40,9,350,5,7.46,2.52,238.02
52,40,7,350,5,7.95,2.8,193.73
64,40,8,350,3,3.67,3.91,196.66
60,40,14,350,4,8.19,4.0,216.48
52,40,10,350,5,5.21,2.63,195.36
52,40,15,350,3,4.92,2.81,177.88
65,40,11,350,3,6.47,2.83,200.46
52,40,15,350,3,6.91,4.14,187.23
68,40,14,350,5,4.47,2.02,232.41
74,40,14,350,3,7.68,3.01,227.05
54,40,17,350,5,8.73,2.24,212.73
48,40,13,350,5,6.39,1.88,188.79
49,40,13,350,3,7.55,2.53,168.88
49,40,10,350,3,4.27,3.97,168.81
46,40,10,350,5,6.63,1.83,179.3
74,40,16,350,4,8.84,1.65,237.29
53,40,9,350,3,4.59,1.96,164.64
73,40,14,350,4,5.98,4.29,243.94
72,40,14,350,3,7.8,3.74,226.99
56,40,15,350,3,7.59,4.01,195.71
48,40,13,350,5,4.8,2.41,190.3
47,40,15,350,4,5.32,3.85,186.79
54,40,9,350,3,6.72,4.5,183.09
68,40,16,350,4,4.04,3.85,232.36
65,40,8,350,4,6.78,2.73,208.44
52,40,12,350,5,8.46,2.99,203.84
62,40,9,350,4,5.65,1.6,196.3
55,40,13,350,3,7.05,4.16,190.48
56,40,10,350,4,8.52,4.5,204.17
47,40,9,350,3,6.3,2.34,155.5
72,40,7,350,5,4.12,2.32,230.36
65,40,9,350,4,7.78,2.86,211.82
53,40,18,350,4,4.8,4.17,206.12
48,40,12,350,3,7.75,3.34,169.78
54,40,18,350,4,4.84,3.4,203.96
58,40,12,350,4,7.57,3.15,203.39
63,40,9,350,4,8.86,4.0,214.96
56,40,17,350,3,5.15,2.68,189.37
70,40,14,350,4,5.7,1.72,222.75
53,40,14,350,4,6.54,3.9,199.36
63,40,8,350,4,5.7,2.53,202.02
54,40,9,350,5,6.56,2.48,198.35
73,40,16,350,5,8.28,2.57,253.21
53,40,9,350,3,3.59,2.53,166.92
61,40,9,350,4,8.0,3.85,209.03
47,40,10,350,4,5.77,3.31,175.59
48,40,18,350,4,8.18,2.53,189.29
67,40,8,350,5,7.4,2.91,227.72
49,40,18,350,3,6.37,2.14,174.16
71,40,13,350,3,7.8,2.11,213.94
55,40,14,350,5,6.96,3.13,213.1
61,40,11,350,4,4.78,3.61,208.11
74,40,14,350,3,4.72,4.04,230.11
61,40,7,350,4,8.47,2.83,200.28
70,40,18,350,5,4.71,1.66,241.75
53,40,14,350,3,5.97,3.33,182.22
62,40,10,350,4,8.25,4.23,215.26
47,40,9,350,3,7.96,2.13,155.86
73,40,15,350,5,5.48,1.96,245.45
46,40,17,350,5,5.6,2.99,196.88
61,40,14,350,5,4.41,4.45,231.04
64,40,7,350,5,8.77,3.15,222.2
67,40,14,350,3,6.66,3.57,214.24
65,40,9,350,5,7.2,3.09,225.98
71,40,18,350,4,6.59,3.54,242.85
69,40,9,350,4,3.59,4.02,223.05
67,40,14,350,4,7.98,2.96,225.43
70,40,7,350,5,3.77,2.67,227.71
66,40,8,350,4,5.67,1.72,203.86
53,40,14,350,4,5.1,4.0,198.59
47,40,17,350,4,5.69,2.59,183.46
66,40,8,350,4,8.26,3.08,213.94
46,40,15,350,5,7.82,2.43,192.36
66,40,9,350,5,5.2,3.19,226.83
51,40,15,350,4,7.55,3.45,195.19
71,40,7,350,5,5.17,2.69,231.27
74,40,15,350,5,3.94,4.44,260.15
64,40,11,350,4,7.62,3.97,219.21
66,40,18,350,3,4.16,3.98,218.94
64,40,9,350,5,8.39,4.2,231.2
67,40,7,350,4,4.82,3.19,211.79
75,40,17,350,4,7.09,3.54,250.18
55,40,17,350,4,8.75,3.8,210.29
62,40,11,350,4,3.42,1.51,197.14
46,40,13,350,4,5.9,3.0,176.96
47,40,11,350,5,4.99,4.19,194.94
67,40,15,350,3,4.63,3.05,211.14
48,40,10,350,5,7.54,3.61,194.48
74,40,15,350,3,5.26,3.21,227.64
56,40,11,350,3,5.56,4.32,188.71
53,40,8,350,5,3.96,1.81,188.29
65,40,18,350,3,7.28,2.21,209.72
53,40,13,350,5,8.56,3.09,208.36
73,40,14,350,3,6.2,1.78,216.59
60,40,12,350,3,8.86,2.35,190.97
66,40,10,350,4,8.14,3.89,221.82
75,40,16,350,5,7.94,4.38,267.39
63,40,14,350,4,6.68,2.27,211.75
65,40,18,350,4,3.87,2.62,222.26
70,40,7,350,4,6.39,2.25,214.38
46,40,12,350,3,6.19,1.93,156.08
60,40,9,350,4,8.97,2.49,200.11
55,40,7,350,3,3.68,2.62,168.37
71,40,16,350,4,4.96,3.62,238.35
72,40,7,350,3,6.76,2.96,209.62
53,40,11,350,4,4.56,3.07,187.7
48,40,17,350,3,4.94,4.49,182.22
64,40,16,350,4,6.24,2.41,217.7
75,40,7,350,5,4.35,4.3,248.17
46,40,11,350,3,7.76,2.03,156.39
52,40,13,350,3,8.26,2.88,177.95
51,40,12,350,3,8.87,4.32,182.78
68,40,16,350,3,7.72,3.66,221.31
60,40,11,350,3,7.26,2.12,186.47
75,40,7,350,4,4.42,1.52,219.16
63,40,8,350,5,7.93,2.04,214.73
56,40,10,350,3,3.72,4.49,186.25
55,40,13,350,4,7.23,3.47,200.16
73,40,10,350,3,4.91,3.83,220.1
53,40,13,350,3,3.95,3.66,180.49
47,40,12,350,5,7.29,3.7,196.03
70,40,9,350,3,7.52,3.16,210.59
52,40,15,350,3,5.03,3.02,179.16
54,40,14,350,3,3.53,4.36,187.9
62,40,7,350,4,4.13,2.33,195.57
74,40,14,350,3,3.37,3.36,225.01
51,40,16,350,4,4.79,2.82,190.78
70,40,18,350,5,4.84,2.53,246.78
67,40,10,350,4,7.88,1.71,211.43
59,40,12,350,4,7.37,3.05,204.78
72,40,17,350,5,3.72,2.56,248.48
73,40,8,350,4,8.86,3.55,232.16
70,40,17,350,3,8.0,2.26,219.68
73,40,12,350,4,5.18,1.77,225.56
59,40,17,350,3,6.5,3.25,200.27
71,40,14,350,5,7.99,4.16,254.19
59,40,18,350,3,7.76,4.02,207.5
70,40,18,350,4,5.92,1.78,230.15
49,40,13,350,3,5.97,1.51,161.66
68,40,17,350,4,6.38,2.74,229.99
72,40,17,350,5,3.86,2.59,248.78
46,40,14,350,5,7.78,3.24,195.18
48,40,17,350,4,4.23,2.62,184.41
75,40,14,350,4,6.87,4.04,247.65
69,40,10,350,5,6.33,3.6,238.34
54,40,8,350,5,3.85,3.02,197.16
51,40,13,350,4,8.85,2.99,190.37
53,40,7,350,3,8.78,1.74,163.86
48,40,16,350,5,6.94,2.11,195.74
65,40,16,350,5,6.33,1.86,230.23
69,40,13,350,4,3.19,3.63,227.33
63,40,12,350,4,3.55,2.47,206.54
75,40,12,350,3,3.75,2.45,218.95
54,40,13,350,3,4.82,2.61,177.52
69,40,9,350,4,4.74,3.45,220.9
47,40,12,350,5,8.86,2.91,193.04
66,40,9,350,5,4.86,3.51,228.31
53,40,18,350,3,6.18,4.21,194.23
56,40,8,350,5,4.04,1.63,193.78
68,40,18,350,3,7.29,3.77,224.96
73,40,7,350,4,7.8,2.82,225.34
73,40,9,350,3,3.7,2.02,207.05
64,40,16,350,3,3.64,3.26,206.68
46,40,10,350,4,7.85,2.53,170.98
68,40,14,350,3,5.54,3.12,212.81
48,40,8,350,3,7.33,2.96,160.39
50,40,14,350,3,4.71,3.18,173.77
69,40,8,350,4,6.18,1.54,209.75
71,40,16,350,4,5.14,4.2,241.79
69,40,11,350,4,6.21,4.24,230.15
48,40,17,350,5,4.27,3.18,201.01
59,40,15,350,4,5.37,2.52,205.08
66,40,15,350,4,3.51,3.03,221.24
58,40,18,350,4,8.5,2.52,210.98
56,40,8,350,4,6.66,1.85,184.06
75,40,7,350,5,5.84,3.46,244.82
62,40,7,350,4,6.04,3.52,204.06
60,40,10,350,5,3.69,4.25,220.24
59,40,8,350,5,4.86,2.38,205.21
73,40,15,350,4,7.35,1.99,233.96
71,40,11,350,3,8.53,3.97,221.68
67,40,7,350,5,8.86,3.19,228.95
67,40,18,350,3,7.99,3.19,220.19
52,40,7,350,5,7.91,2.47,191.83
51,40,7,350,4,5.24,1.94,170.81
47,40,18,350,5,3.75,1.93,193.04
67,40,11,350,3,3.63,1.58,195.06
74,40,14,350,5,4.24,4.44,258.71
66,40,10,350,5,7.57,2.66,227.76
59,40,7,350,5,8.6,2.74,209.01
56,40,12,350,4,5.17,2.11,191.0
49,40,7,350,3,7.76,3.87,166.35
62,40,9,350,5,8.96,2.1,215.6
54,40,15,350,4,7.93,2.07,194.19
49,40,17,350,4,5.99,3.39,192.54
46,40,13,350,3,4.25,4.36,169.7
75,40,17,350,4,7.61,3.94,252.92
66,40,17,350,4,6.21,2.3,223.06
51,40,11,350,3,5.18,1.92,164.1
73,40,16,350,5,4.99,1.92,246.48
74,40,9,350,5,7.55,4.35,252.71
53,40,11,350,4,5.42,4.22,194.98
47,40,17,350,5,7.06,2.91,199.94
69,40,18,350,4,8.62,2.21,232.94
51,40,15,350,3,4.86,2.59,174.44
49,40,18,350,5,7.6,3.99,212.53
50,40,15,350,3,3.33,3.13,173.91
55,40,18,350,4,7.22,2.87,205.33
74,40,17,350,4,8.06,1.75,238.84
67,40,13,350,4,5.84,2.84,221.05
53,40,11,350,5,3.32,3.36,201.58
73,40,18,350,4,3.67,4.29,248.65
50,40,13,350,3,8.33,3.26,175.87
57,40,17,350,4,3.44,2.94,204.79
58,40,15,350,3,8.6,3.01,195.3
58,40,17,350,4,5.24,2.17,204.26
59,40,11,350,5,5.66,3.59,217.92
60,40,14,350,5,6.13,3.89,227.34
61,40,18,350,4,7.17,1.94,212.91
66,40,15,350,5,8.21,4.08,244.93
52,40,14,350,4,6.84,3.33,194.28
63,40,9,350,5,6.47,2.19,215.93
51,40,13,350,3,8.19,4.28,183.64
68,40,18,350,4,8.66,3.71,239.3
56,40,9,350,5,6.28,1.66,197.75
69,40,14,350,5,6.18,2.3,237.72
56,40,18,350,4,7.49,2.22,204.06
47,40,14,350,3,5.36,4.21,173.74
59,40,17,350,4,4.92,1.85,204.31
69,40,8,350,3,7.71,1.99,200.31
50,40,11,350,5,5.46,4.21,201.93
65,40,17,350,3,3.84,2.91,208.75
68,40,17,350,5,6.71,4.16,251.71
63,40,11,350,4,7.51,4.17,218.1
66,40,13,350,5,8.36,2.54,232.96
59,40,9,350,4,6.94,3.37,201.04
74,40,10,350,4,4.31,1.63,222.67
62,40,13,350,5,4.61,2.47,220.49
75,40,9,350,5,6.21,2.24,241.71
47,40,14,350,3,3.86,4.35,173.14
69,40,12,350,3,8.35,1.71,206.19
49,40,14,350,3,4.32,3.86,175.09
70,40,8,350,5,8.13,2.17,230.66
67,40,16,350,4,5.83,2.64,225.06
68,40,18,350,5,6.45,3.44,249.12
46,40,8,350,5,5.13,2.12,176.11
57,40,8,350,3,7.38,4.3,187.29
67,40,13,350,5,3.23,3.63,236.48
71,40,16,350,5,5.61,3.19,249.93
56,40,7,350,5,3.22,4.4,206.93
51,40,16,350,5,8.46,2.82,207.6
48,40,7,350,3,8.99,2.15,155.65
66,40,14,350,5,4.46,3.28,235.22
68,40,17,350,4,3.5,3.42,231.15
70,40,13,350,5,3.88,2.15,235.17
67,40,14,350,5,5.98,1.94,231.22
54,40,13,350,5,7.17,1.63,200.98
67,40,18,350,5,8.28,2.77,244.9
49,40,8,350,5,8.38,4.44,198.65
61,40,16,350,3,7.75,3.89,207.62
68,40,15,350,3,3.18,3.39,213.85
47,40,7,350,5,6.42,2.22,178.31
68,40,18,350,4,3.7,1.86,224.25
50,40,11,350,5,4.39,3.62,197.61
51,40,12,350,5,3.88,2.42,194.22
72,40,9,350,4,6.74,3.46,229.25
74,40,18,350,3,4.38,2.47,227.79
55,40,8,350,3,4.13,2.82,171.63
46,40,17,350,5,4.41,2.14,190.98
61,40,16,350,4,8.44,2.22,212.24
72,40,8,350,5,5.8,4.39,245.31
46,40,12,350,4,3.99,3.34,175.39
57,40,18,350,3,6.83,3.4,198.85
57,40,17,350,5,3.92,3.19,220.05
51,40,10,350,4,5.99,2.46,179.58
54,40,17,350,5,5.63,2.93,213.73
62,40,12,350,3,7.24,3.01,197.47
58,40,13,350,5,5.58,3.11,216.43
47,40,11,350,5,8.69,2.61,189.47
65,40,10,350,4,5.87,2.91,212.04
64,40,18,350,5,5.06,4.23,243.7
46,40,13,350,4,7.82,1.6,170.85
47,40,18,350,4,3.77,2.19,181.13
59,40,15,350,4,5.41,3.73,211.94
72,40,10,350,3,5.23,2.28,209.51
65,40,10,350,4,8.04,4.09,220.71
70,40,9,350,3,5.61,2.59,205.6
75,40,9,350,5,8.1,2.36,244.15
59,40,14,350,4,4.22,1.82,198.34
54,40,14,350,3,4.0,3.73,184.79
63,40,9,350,4,7.82,3.75,212.59
66,40,17,350,3,7.47,1.58,206.77
50,40,18,350,5,7.75,2.44,206.08
49,40,9,350,5,6.01,2.66,188.13
63,40,9,350,3,6.0,3.98,198.79
66,40,10,350,4,4.91,2.77,212.5
91,40,27,350,8,11.68,11.03,401.75
83,40,19,350,15,21.37,7.79,455.42
77,40,33,350,10,21.39,4.84,382.93
76,40,30,350,7,21.95,9.27,360.94
100,40,29,350,6,16.0,9.91,395.39
95,40,35,350,10,10.4,5.13,416.38
77,40,36,350,10,23.58,5.14,391.8
103,40,38,350,13,17.63,6.48,493.22
85,40,22,350,11,15.67,11.49,426.82
115,40,21,350,9,16.29,5.47,429.28
84,40,32,350,14,22.25,11.99,490.95
105,40,27,350,13,13.0,6.25,473.05
117,40,31,350,9,22.0,7.51,467.52
85,40,31,350,6,13.14,6.78,346.33
110,40,28,350,10,10.32,10.27,465.47
118,40,27,350,7,13.58,11.5,450.69
87,40,26,350,15,16.36,9.42,480.53
116,40,38,350,13,11.76,4.74,505.83
116,40,29,350,9,23.68,9.09,472.42
95,40,34,350,7,23.82,5.91,391.35
111,40,21,350,9,12.71,11.9,453.63
79,40,33,350,7,15.96,6.57,351.72
81,40,23,350,14,13.87,10.12,450.75
119,40,32,350,11,16.51,6.85,491.5
107,40,34,350,13,13.34,11.96,521.86
120,40,39,350,8,14.96,5.07,453.96
89,40,27,350,14,22.4,5.14,454.61
117,40,23,350,7,11.96,8.03,420.61
110,40,22,350,12,9.58,11.18,486.43
105,40,22,350,11,21.35,4.85,437.55
77,40,40,350,10,20.98,10.65,427.31
78,40,30,350,14,16.9,7.1,442.1
82,40,29,350,13,19.34,6.85,436.42
115,40,28,350,14,21.76,8.71,531.64
100,40,27,350,12,16.8,7.56,459.85
117,40,39,350,13,14.49,7.76,529.26
82,40,33,350,10,18.73,4.65,390.11
119,40,38,350,13,9.04,10.39,541.6
106,40,31,350,11,21.87,11.29,491.93
88,40,23,350,13,9.98,5.16,420.77
102,40,33,350,10,19.68,11.43,472.13
109,40,26,350,8,19.57,8.98,434.42
78,40,20,350,6,12.03,9.06,324.28
102,40,26,350,6,9.3,11.4,396.71
86,40,32,350,13,19.25,9.15,463.04
103,40,37,350,12,9.7,9.83,489.63
106,40,26,350,8,16.68,11.33,438.56
105,40,31,350,12,11.17,8.37,476.76
105,40,22,350,9,21.92,6.34,419.68
101,40,29,350,9,17.78,7.79,427.43
114,40,39,350,13,18.86,5.89,516.35
104,40,21,350,13,15.05,10.77,488.02
98,40,26,350,10,13.99,7.71,425.28
88,40,31,350,11,20.25,11.35,452.15
105,40,32,350,7,16.04,10.8,429.71
120,40,23,350,6,12.2,6.58,405.69
101,40,39,350,14,9.42,8.59,508.31
89,40,20,350,13,20.95,4.73,425.55
99,40,19,350,11,19.43,11.97,457.91
92,40,40,350,12,19.36,9.45,478.01
79,40,27,350,12,21.38,6.69,414.16
80,40,36,350,10,9.56,7.92,400.87
108,40,36,350,6,14.79,8.05,412.93
84,40,27,350,11,23.69,11.44,440.42
81,40,19,350,13,9.76,9.36,422.38
84,40,35,350,10,15.12,4.65,394.47
91,40,36,350,9,11.7,10.92,429.98
80,40,28,350,11,20.27,6.09,400.2
119,40,28,350,12,13.97,7.39,498.73
113,40,29,350,12,13.15,10.64,505.14
95,40,19,350,6,9.39,7.35,346.93
89,40,34,350,11,14.81,8.03,435.65
104,40,28,350,12,13.7,6.71,462.47
96,40,36,350,12,17.43,8.08,470.22
115,40,36,350,12,21.23,8.26,515.52
82,40,27,350,15,20.71,7.83,466.6
90,40,29,350,13,10.48,11.86,473.6
89,40,29,350,10,10.88,10.95,426.5
94,40,24,350,13,15.33,11.54,476.32
88,40,40,350,12,16.13,8.8,462.76
110,40,37,350,12,9.3,9.4,501.84
113,40,36,350,14,23.16,8.41,540.67
116,40,22,350,6,21.59,5.97,400.68
93,40,34,350,7,13.86,7.85,388.73
90,40,24,350,12,18.75,8.14,438.34
108,40,25,350,6,22.44,11.83,422.51
113,40,21,350,9,10.82,6.24,424.24
96,40,32,350,8,16.85,4.53,389.2
78,40,32,350,6,15.43,8.52,344.97
82,40,40,350,14,11.34,8.11,468.35
120,40,39,350,13,13.59,9.88,546.82
120,40,25,350,6,12.49,9.5,425.85
86,40,32,350,14,18.29,10.22,481.58
111,40,19,350,6,19.67,10.33,407.62
77,40,33,350,12,13.48,11.37,439.2
82,40,27,350,14,9.04,5.2,427.51
81,40,28,350,7,14.99,5.62,341.18
81,40,31,350,13,22.18,9.19,453.55
79,40,31,350,8,17.68,8.09,371.87
94,40,35,350,11,23.41,6.47,447.29
117,40,31,350,8,15.41,8.1,451.32
103,40,21,350,10,15.99,9.78,440.96
95,40,33,350,10,9.4,10.84,444.23
77,40,28,350,15,15.47,6.7,446.34
117,40,29,350,10,11.39,6.13,459.85
85,40,23,350,6,21.27,6.66,339.5
89,40,29,350,14,22.78,6.17,464.2
99,40,31,350,9,14.33,6.25,414.67
89,40,25,350,7,23.96,5.78,362.44
114,40,24,350,7,14.12,10.16,429.91
97,40,30,350,15,21.0,6.45,496.4
96,40,21,350,9,18.51,10.85,420.93
91,40,38,350,6,14.66,6.57,371.43
80,40,33,350,12,20.23,4.64,413.95
107,40,33,350,8,17.87,9.59,443.99
102,40,30,350,10,14.97,10.2,455.67
98,40,22,350,12,12.42,5.69,432.37
79,40,32,350,6,15.31,10.2,356.48
98,40,29,350,9,22.83,5.81,414.52
90,40,24,350,8,12.89,11.89,400.44
89,40,21,350,6,9.65,10.19,353.75
85,40,33,350,14,23.62,7.04,468.17
97,40,23,350,13,12.51,10.08,470.18
80,40,35,350,9,21.55,4.67,378.58
88,40,40,350,7,12.18,8.88,392.54
109,40,36,350,7,17.33,6.32,421.08
109,40,33,350,7,19.01,11.12,444.57
114,40,25,350,13,10.42,5.14,480.27
80,40,23,350,14,22.37,10.24,457.19
99,40,29,350,9,11.1,10.86,434.24
83,40,30,350,8,9.97,6.37,361.86
93,40,37,350,9,14.85,8.38,424.59
93,40,27,350,10,13.96,6.88,411.56
110,40,37,350,12,20.46,7.92,503.88
111,40,23,350,12,13.49,11.88,497.87
107,40,34,350,10,10.32,9.62,465.66
97,40,32,350,8,23.38,6.3,407.4
76,40,33,350,6,22.16,7.47,342.73
91,40,24,350,9,14.47,9.0,401.15
110,40,31,350,13,22.5,10.02,520.73
97,40,36,350,6,11.08,8.26,387.07
99,40,33,350,14,10.82,7.65,489.74
103,40,23,350,9,10.83,5.48,401.94
98,40,20,350,15,19.54,9.78,498.83
89,40,27,350,8,21.3,11.17,407.2
96,40,19,350,14,15.87,11.8,487.4
115,40,25,350,8,12.08,7.6,430.83
80,40,21,350,6,9.89,6.04,311.26
111,40,27,350,7,12.83,10.58,429.78
105,40,19,350,6,15.13,8.73,381.5
87,40,32,350,15,16.07,10.44,496.3
117,40,40,350,8,17.67,10.87,484.48
100,40,26,350,9,22.04,11.67,445.99
96,40,25,350,15,21.53,10.62,509.7
85,40,30,350,14,20.74,9.93,476.65
116,40,27,350,13,17.59,8.95,516.14
110,40,24,350,14,18.75,5.29,491.97
82,40,40,350,11,12.01,5.9,416.31
78,40,26,350,6,9.99,5.12,310.45
88,40,32,350,10,13.31,11.99,437.62
109,40,29,350,13,19.2,6.78,493.81
117,40,31,350,10,11.15,8.53,476.59
98,40,19,350,13,21.87,7.21,457.98
105,40,38,350,8,21.96,8.37,445.2
100,40,22,350,14,22.05,9.92,496.27
120,40,34,350,11,17.91,11.49,524.55
114,40,32,350,9,17.28,7.47,458.19
99,40,20,350,9,9.3,9.33,408.51
109,40,31,350,13,23.6,8.62,511.71
96,40,23,350,10,16.73,6.89,413.77
110,40,20,350,8,14.09,5.54,401.79
93,40,29,350,11,13.32,5.01,417.24
119,40,39,350,9,23.02,10.64,504.13
118,40,23,350,11,14.92,6.34,469.57
87,40,20,350,13,11.9,11.62,451.7
80,40,23,350,12,15.71,7.25,407.33
113,40,39,350,14,17.17,9.49,546.33
95,40,27,350,9,19.15,10.04,425.1
89,40,38,350,8,16.24,10.94,420.05
84,40,35,350,15,21.35,4.8,468.11
97,40,36,350,8,19.75,7.49,417.59
102,40,24,350,15,11.12,9.86,506.88
102,40,40,350,6,15.75,7.7,405.84
120,40,33,350,7,10.14,11.12,459.92
114,40,22,350,9,12.68,9.44,447.88
77,40,19,350,8,10.49,11.38,358.88
92,40,20,350,9,19.05,11.48,414.69
97,40,27,350,11,12.42,8.53,441.41
103,40,25,350,10,23.78,4.7,426.42
89,40,26,350,14,9.38,6.67,449.42
93,40,33,350,14,22.73,9.6,498.94
95,40,34,350,13,22.95,7.36,479.11
105,40,21,350,10,14.91,6.15,423.78
114,40,34,350,7,14.11,8.13,435.59
101,40,37,350,6,11.21,10.67,411.08
97,40,28,350,14,14.68,11.35,501.33
91,40,35,350,7,11.22,4.99,367.57
114,40,28,350,8,20.33,8.26,445.22
93,40,24,350,14,17.18,7.01,463.74
104,40,36,350,11,10.14,11.25,485.07
95,40,37,350,7,15.82,8.82,405.46
119,40,33,350,9,17.89,6.42,465.27
98,40,35,350,11,15.58,5.55,443.4
76,40,28,350,11,18.73,11.11,418.5
102,40,35,350,11,18.53,4.87,450.89
102,40,27,350,11,10.17,8.46,449.65
98,40,38,350,14,17.14,8.81,508.58
82,40,37,350,12,20.77,6.02,433.39
93,40,31,350,7,22.78,9.89,403.39
83,40,21,350,9,20.44,5.32,363.65
79,40,29,350,10,17.05,8.48,396.85
80,40,34,350,7,23.03,9.09,376.37
95,40,24,350,15,22.38,8.34,493.77
103,40,20,350,9,9.54,6.21,399.72
81,40,21,350,14,12.7,11.64,454.81
77,40,26,350,7,23.06,7.88,349.43
103,40,27,350,11,20.91,10.63,474.02
112,40,35,350,12,20.18,5.62,491.5
76,40,31,350,8,11.44,7.91,358.61
114,40,30,350,6,20.65,7.62,418.54
97,40,20,350,12,20.04,5.32,431.79
96,40,39,350,9,19.28,7.93,436.03
100,40,38,350,6,9.61,8.87,399.01
106,40,22,350,14,10.65,6.56,479.59
92,40,24,350,13,23.96,4.62,441.02
89,40,28,350,9,13.92,5.07,381.05
89,40,29,350,11,11.96,10.56,438.7
86,40,34,350,6,20.62,7.12,362.49
115,40,37,350,11,23.73,5.13,488.51
106,40,30,350,10,16.78,4.6,434.35
97,40,20,350,8,14.64,9.0,393.93
91,40,39,350,14,15.97,10.31,502.65
104,40,25,350,11,22.72,4.94,442.33
80,40,32,350,12,13.12,11.6,444.88
115,40,19,350,8,17.73,8.38,430.2
86,40,34,350,8,21.94,11.12,413.08
101,40,30,350,12,13.64,8.64,470.29
83,40,38,350,7,23.93,6.99,378.66
86,40,36,350,14,11.8,8.86,474.73
101,40,24,350,8,18.08,10.18,419.22
109,40,30,350,9,14.4,11.67,465.04
100,40,22,350,14,19.25,8.64,486.45
81,40,28,350,7,14.39,5.51,340.0
101,40,28,350,15,17.34,10.28,519.75
111,40,32,350,11,11.18,10.07,487.54
106,40,36,350,12,15.13,11.37,508.08
79,40,31,350,9,11.56,4.55,359.61
105,40,25,350,10,12.16,7.13,433.6
101,40,39,350,11,22.31,10.15,488.9
79,40,30,350,13,14.93,8.84,438.83
98,40,38,350,6,10.86,10.73,406.37
89,40,28,350,8,15.1,5.24,369.7
98,40,24,350,15,11.51,9.09,494.32
91,40,31,350,10,11.34,5.47,403.73
117,40,22,350,15,12.22,7.67,524.3
113,40,20,350,14,21.36,5.35,494.31
107,40,20,350,10,20.91,4.79,424.26
80,40,35,350,7,11.55,10.25,373.95
78,40,37,350,14,18.97,7.52,458.39
89,40,34,350,15,12.41,6.93,480.82
82,40,29,350,10,14.9,5.79,386.12
116,40,33,350,7,13.33,9.7,446.3
120,40,36,350,6,22.88,11.62,466.33
108,40,34,350,13,18.99,11.06,524.18
85,40,39,350,6,18.23,9.54,380.34
118,40,24,350,14,23.99,10.91,545.7
100,40,40,350,11,10.91,7.14,460.89
98,40,35,350,9,11.17,8.72,430.38
81,40,30,350,8,18.59,7.96,374.56
116,40,29,350,12,11.19,9.95,505.86
92,40,32,350,11,20.96,8.14,445.0
82,40,35,350,6,18.99,8.65,362.74
83,40,32,350,15,11.1,10.97,486.09
114,40,24,350,8,16.61,7.63,431.35
90,40,32,350,8,23.26,5.98,390.47
76,40,26,350,12,10.92,8.61,407.11
84,40,29,350,9,9.79,7.9,384.15
86,40,32,350,12,11.32,7.28,431.71
88,40,25,350,11,15.79,6.1,408.11
93,40,26,350,12,12.34,8.18,442.47
77,40,35,350,14,17.37,7.67,452.18
115,40,38,350,10,18.63,6.97,482.45
80,40,32,350,13,13.69,5.29,423.22
115,40,26,350,10,16.62,6.18,455.56
115,40,21,350,10,15.11,11.47,475.42
78,40,21,350,8,21.58,7.36,352.09
104,40,38,350,13,15.34,5.91,490.02
101,40,31,350,7,15.18,10.93,419.35
87,40,36,350,11,23.01,8.96,447.66
86,40,40,350,11,15.85,7.92,439.85
91,40,25,350,8,13.79,4.73,364.75
115,40,29,350,6,9.1,4.68,391.65
81,40,21,350,14,23.98,6.7,437.43
95,40,28,350,15,15.7,9.63,501.69
113,40,20,350,13,16.14,10.74,506.45
85,40,19,350,15,13.38,7.03,447.99
95,40,31,350,6,19.53,10.36,393.91
119,40,30,350,11,13.93,8.08,492.61
78,40,21,350,15,18.41,9.84,456.93
98,40,27,350,7,21.88,11.21,413.87
76,40,24,350,10,19.71,7.46,378.57
116,40,26,350,8,16.72,6.99,435.56
117,40,22,350,6,17.46,9.84,420.81
84,40,39,350,8,11.45,10.22,402.53
111,40,21,350,15,10.25,5.04,493.05
117,40,33,350,9,14.04,11.71,487.24
105,40,39,350,11,10.61,5.9,462.63
116,40,40,350,13,22.35,5.36,522.61
94,40,26,350,7,17.65,7.54,378.94
90,40,26,350,13,11.02,4.93,429.88
101,40,26,350,15,13.35,6.97,493.94
88,40,39,350,6,14.89,7.29,370.98
117,40,36,350,13,16.12,5.27,511.59
93,40,31,350,15,19.14,10.42,510.2
96,40,19,350,13,9.15,8.87,451.23
83,40,39,350,6,23.36,8.91,377.27
96,40,35,350,7,12.34,5.54,382.44
114,40,19,350,9,15.68,6.91,431.26
79,40,21,350,10,16.4,9.25,386.88
94,40,38,350,7,12.58,6.85,390.91
107,40,30,350,15,9.18,11.78,536.92
115,40,34,350,15,17.17,6.17,536.73
91,40,40,350,13,10.98,9.61,482.38
112,40,28,350,10,14.51,9.65,470.16
92,40,19,350,14,15.2,10.33,469.91
84,40,19,350,7,17.07,9.97,358.66
106,40,40,350,8,19.96,11.49,466.51
112,40,33,350,15,15.14,5.44,522.57
118,40,22,350,15,21.54,5.59,523.38
91,40,19,350,13,12.55,8.39,440.96
103,40,31,350,10,23.92,7.0,449.8
111,40,40,350,6,22.9,5.32,418.37
80,40,20,350,11,16.07,9.16,399.89
91,40,32,350,8,16.28,8.77,401.86
78,40,31,350,11,18.32,4.98,392.98
90,40,30,350,10,22.02,8.68,427.91
100,40,38,350,7,23.38,8.24,421.66
111,40,36,350,7,19.42,7.62,434.65
94,40,21,350,13,20.91,8.28,457.98
83,40,20,350,14,21.13,8.73,448.81
98,40,22,350,14,23.63,5.91,470.83
82,40,30,350,14,11.93,5.32,436.02
120,40,37,350,15,16.6,7.9,561.82
90,40,21,350,13,13.22,8.04,440.89
90,40,39,350,10,13.9,6.04,420.9
76,40,36,350,12,17.13,9.33,434.09
109,40,21,350,11,21.01,9.74,471.68
119,40,25,350,12,10.26,6.4,484.55
99,40,33,350,8,14.26,6.9,408.3
117,40,38,350,7,19.08,7.11,447.75
108,40,37,350,6,20.02,7.06,413.93
89,40,20,350,7,14.28,7.46,354.35
87,40,22,350,9,22.8,11.97,413.64
84,40,27,350,15,18.87,7.44,466.98
103,40,22,350,7,14.68,11.28,409.72
108,40,20,350,7,11.46,9.45,403.7
96,40,38,350,6,9.22,6.92,379.07
78,40,40,350,7,18.13,9.92,382.49
117,40,29,350,6,11.69,7.88,416.39
98,40,32,350,8,15.54,8.81,416.41
119,40,37,350,11,13.85,8.75,508.31
96,40,33,350,6,23.11,11.79,410.88
111,40,33,350,11,13.73,11.76,501.16
88,40,22,350,12,15.53,7.27,422.72
105,40,33,350,15,13.85,10.41,534.39
100,40,19,350,15,10.39,11.8,504.29
93,40,21,350,8,22.96,12.0,411.72
78,40,38,350,14,22.35,9.32,473.4
103,40,36,350,14,21.01,8.61,518.35
83,40,20,350,11,14.29,10.91,414.54
118,40,21,350,15,10.89,6.66,517.8
78,40,34,350,10,14.33,10.07,409.72
85,40,27,350,12,16.28,11.52,449.52
117,40,21,350,9,23.09,9.83,464.48
109,40,24,350,7,16.91,9.59,418.56
101,40,21,350,7,11.95,5.01,365.81
106,40,27,350,14,13.93,11.49,519.01
94,40,19,350,10,16.85,10.9,425.35
83,40,22,350,12,15.86,4.52,396.79
81,40,32,350,14,13.36,8.19,454.82
115,40,21,350,6,19.77,6.92,400.49
87,40,19,350,8,19.11,6.28,359.58
100,40,30,350,14,22.81,7.95,499.58
96,40,33,350,14,9.92,10.36,497.75
114,40,29,350,8,11.44,10.59,451.81
93,40,25,350,10,13.61,10.59,428.73
96,40,36,350,13,19.96,4.72,467.02
89,40,37,350,10,13.88,7.34,422.64
100,40,23,350,9,15.44,5.94,402.39
105,40,33,350,14,19.86,8.33,514.85
97,40,40,350,13,9.47,5.99,473.43
120,40,30,350,15,23.73,7.01,551.43
98,40,29,350,13,15.7,8.54,476.89
86,40,30,350,12,17.8,7.97,438.2
78,40,25,350,14,17.1,4.93,421.48
96,40,21,350,12,10.57,10.12,449.63
118,40,30,350,12,21.37,11.52,530.19
106,40,31,350,11,12.58,8.75,468.96
84,40,40,350,7,18.37,11.03,401.84
87,40,20,350,7,17.14,11.92,377.87
87,40,29,350,15,11.26,8.31,474.67
88,40,34,350,12,13.84,11.79,467.21
106,40,24,350,9,21.56,9.31,441.67
98,40,34,350,14,12.17,4.75,474.2
118,40,32,350,15,15.32,8.55,551.44
120,40,33,350,13,22.44,10.38,547.58
92,40,27,350,15,14.51,10.0,494.52
88,40,24,350,10,22.81,10.26,422.98
92,40,27,350,9,13.7,7.75,400.68
97,40,28,350,7,17.25,7.92,390.58
119,40,38,350,13,22.64,4.8,522.73
83,40,35,350,9,18.4,5.15,384.79
83,40,26,350,14,11.07,10.63,460.45
113,40,36,350,12,21.26,6.02,498.62
87,40,39,350,6,13.9,6.37,362.73
83,40,19,350,6,22.63,10.51,351.33
99,40,28,350,15,11.13,8.52,499.76
108,40,40,350,6,9.72,7.74,413.32
120,40,22,350,12,15.11,10.83,511.05
88,40,33,350,11,16.14,5.17,416.9
93,40,26,350,11,11.81,8.92,432.75
107,40,19,350,9,11.57,11.09,435.99
114,40,38,350,11,9.45,10.63,505.81
107,40,35,350,9,21.76,8.64,459.08
99,40,37,350,15,12.4,6.81,506.72
93,40,37,350,7,15.16,10.4,409.47
86,40,40,350,12,19.69,8.83,461.95
88,40,30,350,6,19.71,11.26,382.43
111,40,28,350,13,15.01,6.49,490.86
86,40,20,350,7,23.67,8.14,360.48
93,40,31,350,12,11.17,8.84,453.67
96,40,20,350,9,14.61,11.43,418.86
117,40,20,350,11,21.81,11.05,495.26
81,40,40,350,10,23.09,7.18,418.29
113,40,40,350,15,19.69,7.25,551.16
111,40,28,350,13,23.75,5.76,494.87
80,40,39,350,9,21.09,9.8,413.94
88,40,29,350,9,10.15,6.62,385.85
97,40,31,350,13,9.86,10.32,482.78
83,40,29,350,6,23.27,6.97,349.1
107,40,20,350,7,15.54,10.62,411.95
110,40,25,350,14,20.77,6.37,501.65
112,40,39,350,15,10.09,6.51,534.2
98,40,28,350,7,22.01,10.95,414.24
106,40,32,350,7,22.28,10.51,436.02
89,40,25,350,14,11.75,10.73,472.81
100,40,36,350,10,11.46,11.54,465.96
93,40,20,350,8,23.13,7.61,385.4
94,40,38,350,8,21.12,4.68,400.01
86,40,23,350,7,9.43,9.95,362.59
83,40,26,350,14,17.13,9.97,462.37
103,40,27,350,6,14.09,11.0,402.76
87,40,27,350,13,20.27,9.37,458.8
105,40,33,350,11,12.74,9.36,473.84
81,40,23,350,6,10.75,7.18,324.07
104,40,33,350,10,22.73,6.98,454.16
86,40,26,350,13,17.09,9.16,450.8
87,40,26,350,14,21.9,6.22,454.23
92,40,25,350,14,13.89,5.72,452.98
94,40,20,350,9,9.37,7.86,389.56
95,40,33,350,15,12.25,6.6,489.96
105,40,35,350,13,10.84,11.47,514.2
101,40,20,350,13,18.53,9.78,477.52
108,40,36,350,8,14.81,6.42,430.56
102,40,30,350,6,17.91,6.45,383.65
115,40,32,350,9,15.04,5.48,447.03
86,40,39,350,7,21.24,9.01,395.7
86,40,37,350,14,18.57,11.06,495.15
118,40,20,350,12,16.66,7.31,484.92
76,40,22,350,15,18.27,5.24,428.28
89,40,40,350,8,14.74,10.77,421.13
97,40,20,350,14,18.33,8.73,476.23
94,40,23,350,8,9.33,7.26,377.88
96,40,24,350,8,14.73,6.93,387.05
108,40,33,350,7,18.65,6.59,416.54
115,40,32,350,10,12.05,11.83,493.46
118,40,23,350,10,13.48,5.71,451.28
104,40,20,350,10,17.23,11.96,454.84
101,40,23,350,7,23.37,6.82,390.07
84,40,22,350,14,10.28,11.27,458.62
102,40,34,350,12,21.29,11.0,499.72
112,40,29,350,7,14.4,6.52,413.92
87,40,31,350,15,21.22,11.43,504.96
94,40,28,350,6,19.44,7.29,369.22
79,40,38,350,15,17.21,5.62,463.3
81,40,20,350,13,9.12,8.24,417.19
87,40,34,350,14,21.55,5.5,463.56
113,40,27,350,6,10.82,5.57,390.55
101,40,27,350,14,17.52,9.56,500.74
102,40,25,350,8,12.3,9.02,411.16
90,40,40,350,14,17.02,11.98,512.62
89,40,30,350,12,10.3,4.51,418.15
92,40,28,350,13,15.77,10.94,475.91
114,40,36,350,9,15.81,6.05,455.67
95,40,32,350,11,11.74,7.93,441.68
85,40,21,350,11,11.17,8.65,404.9
80,40,23,350,6,17.84,7.22,328.74
99,40,21,350,11,23.24,10.53,456.76
111,40,23,350,8,15.93,11.06,441.92
89,40,36,350,6,22.64,7.18,374.57
85,40,26,350,13,16.57,9.92,452.46
111,40,40,350,13,14.23,11.98,541.67
79,40,29,350,13,22.26,9.04,445.06
87,40,28,350,10,13.94,9.83,417.02
87,40,25,350,9,12.92,7.79,386.02
91,40,20,350,6,21.03,7.85,353.71
95,40,22,350,11,14.64,7.39,424.18
118,40,33,350,13,9.04,5.3,502.18
104,40,29,350,7,17.9,6.34,399.0
86,40,20,350,12,22.15,7.85,424.43
114,40,40,350,6,14.38,5.21,416.26
111,40,36,350,11,9.03,9.13,487.1
102,40,21,350,11,11.71,5.06,421.62
110,40,35,350,13,13.18,6.5,499.07
113,40,35,350,10,20.09,8.48,482.9
85,40,36,350,14,18.8,8.1,474.81
85,40,35,350,7,18.2,10.82,394.08
115,40,26,350,6,18.66,11.1,431.6
107,40,25,350,15,18.16,9.32,522.83
116,40,36,350,6,23.33,8.92,442.94
99,40,22,350,15,18.49,4.93,476.07
91,40,39,350,6,10.99,9.15,384.28
98,40,27,350,11,19.34,7.01,441.42
85,40,34,350,13,19.3,6.78,451.0
79,40,40,350,13,18.33,11.03,471.48
119,40,30,350,10,16.05,5.03,463.98
96,40,38,350,6,20.46,8.88,400.57
78,40,27,350,12,21.32,10.11,431.24
95,40,19,350,7,14.54,5.04,352.09
119,40,39,350,15,9.15,8.03,556.91
100,40,24,350,11,14.85,6.38,432.84
86,40,32,350,11,17.3,11.91,449.99
85,40,40,350,14,13.31,5.54,462.12
92,40,30,350,9,9.88,4.99,386.7
88,40,20,350,13,19.06,9.63,449.28
83,40,19,350,8,22.39,7.12,358.79
88,40,40,350,6,18.18,5.28,364.42
101,40,38,350,7,9.64,9.65,418.98
112,40,23,350,12,15.54,4.89,462.5
84,40,34,350,8,10.44,10.01,391.83
100,40,33,350,14,19.33,6.74,494.66
96,40,39,350,13,13.21,11.06,501.64
92,40,34,350,14,18.74,5.42,471.22
90,40,29,350,13,23.19,9.9,474.37
109,40,23,350,14,15.84,7.77,499.39
106,40,38,350,14,23.16,5.6,513.24
105,40,34,350,15,15.61,6.6,516.25
106,40,23,350,6,18.05,11.52,408.96
106,40,26,350,11,14.81,4.71,439.68
100,40,22,350,6,23.9,9.74,389.77
94,40,32,350,6,10.3,9.56,380.38
82,40,36,350,11,19.79,8.48,431.24
105,40,24,350,13,19.31,7.5,480.83
112,40,29,350,9,11.71,11.1,464.05
116,40,25,350,13,19.77,6.84,502.84
84,40,23,350,13,10.8,5.79,416.51
106,40,37,350,15,22.52,8.07,538.26
80,40,19,350,14,9.9,10.77,441.72
102,40,30,350,13,19.53,7.03,482.23
87,40,31,350,11,10.88,7.49,419.52
101,40,26,350,7,19.57,8.43,400.76
85,40,22,350,7,19.37,6.04,345.92
112,40,33,350,14,21.61,7.85,528.78
85,40,25,350,9,10.45,5.25,365.11
110,40,36,350,13,20.56,8.37,518.19
110,40,19,350,13,23.86,6.08,479.2
99,40,22,350,11,16.22,7.57,435.25
83,40,26,350,8,12.69,5.09,350.32
82,40,34,350,15,15.44,8.82,479.28
105,40,34,350,13,16.56,11.83,519.83
91,40,25,350,8,23.65,6.58,384.36
81,40,39,350,7,13.72,6.96,366.42
89,40,19,350,13,12.61,7.96,434.3
117,40,21,350,12,14.84,9.66,496.05
105,40,37,350,8,13.8,5.7,420.84
87,40,29,350,7,23.16,9.31,384.18
120,40,38,350,7,17.99,11.11,475.73
84,40,37,350,10,19.3,11.72,441.66
108,40,20,350,14,9.68,7.71,486.03
117,40,19,350,7,18.01,8.39,421.41
107,40,30,350,9,22.08,11.54,467.16
97,40,23,350,10,11.94,7.84,416.82
82,40,31,350,14,17.64,4.59,438.93
111,40,40,350,14,20.61,6.82,531.9
83,40,32,350,12,13.28,10.96,447.86
118,40,36,350,14,15.96,5.17,526.43
110,40,37,350,9,9.47,8.87,458.81
105,40,25,350,15,15.01,8.6,511.55
109,40,30,350,6,18.14,6.73,400.46
116,40,36,350,10,13.46,9.86,492.66
97,40,35,350,11,18.17,6.38,448.35
118,40,33,350,9,14.68,9.76,478.98
106,40,38,350,7,21.97,8.2,432.99
107,40,22,350,6,14.24,7.93,385.6
88,40,36,350,12,21.35,5.5,442.15
115,40,38,350,13,11.44,6.38,512.64
108,40,20,350,10,17.7,10.78,457.21
95,40,30,350,7,19.06,7.32,388.01
118,40,20,350,6,15.99,8.85,412.58
103,40,38,350,15,20.03,5.39,516.11
103,40,37,350,7,12.11,8.15,415.39
120,40,23,350,9,18.29,8.91,464.69
113,40,31,350,10,22.52,5.29,460.31
103,40,28,350,10,11.28,10.73,453.94
90,40,36,350,9,11.93,5.49,397.42
109,40,40,350,13,16.15,5.45,502.33
106,40,28,350,6,20.32,4.92,382.42
99,40,20,350,13,12.46,11.39,476.67
113,40,29,350,6,12.78,5.59,395.91
77,40,39,350,11,17.92,11.72,442.19
120,40,28,350,13,13.81,6.25,507.69
83,40,39,350,11,18.2,6.46,425.65
108,40,38,350,14,10.28,8.35,521.06
120,40,30,350,10,16.46,5.03,466.51
106,40,26,350,11,21.57,11.99,487.03
76,40,24,350,10,21.26,9.47,391.35
115,40,29,350,15,18.27,7.61,537.3
116,40,32,350,10,20.82,9.38,489.94
90,40,28,350,10,17.67,8.95,421.96
89,40,32,350,11,20.2,4.93,419.75
113,40,37,350,14,15.68,6.78,526.24
111,40,31,350,14,14.61,6.46,508.86
77,40,35,350,13,12.31,8.97,441.4
116,40,28,350,9,17.36,10.17,470.92
80,40,25,350,13,10.48,9.07,429.56
112,40,23,350,13,12.66,6.6,482.87
103,40,34,350,14,13.94,7.96,504.68
79,40,27,350,6,10.71,11.82,352.77
83,40,30,350,11,10.79,11.07,429.33
112,40,19,350,6,19.38,8.5,399.17
92,40,30,350,7,15.17,9.13,388.17
109,40,23,350,11,19.47,7.39,460.42
87,40,21,350,13,16.96,9.79,447.8
117,40,36,350,14,13.99,5.69,525.38
108,40,24,350,14,11.55,11.71,517.19
104,40,29,350,13,16.0,10.05,498.56
115,40,36,350,6,20.2,8.31,434.44
88,40,24,350,7,16.87,8.34,366.43
117,40,30,350,14,16.16,11.98,552.59
93,40,28,350,13,11.56,7.9,456.99
106,40,28,350,14,13.22,11.52,520.24
90,40,23,350,12,10.83,11.88,450.35
87,40,22,350,13,16.95,9.73,449.17
95,40,26,350,13,12.3,5.6,445.57
117,40,26,350,12,23.35,6.37,493.98
83,40,29,350,9,16.39,8.56,391.87
95,40,20,350,14,11.73,10.95,478.33
107,40,28,350,8,18.64,6.31,417.64
91,40,36,350,12,11.87,5.95,442.31
92,40,32,350,13,18.26,10.26,481.25
88,40,25,350,15,11.43,5.25,452.86
117,40,33,350,7,16.58,7.78,440.64
116,40,28,350,6,21.63,9.44,430.58
98,40,24,350,7,23.82,5.35,377.48
97,40,39,350,8,15.19,6.83,414.77
115,40,35,350,11,22.56,5.17,484.21
107,40,27,350,14,13.45,7.96,500.8
89,40,39,350,15,19.47,11.04,519.13
79,40,38,350,6,12.64,9.32,359.32
95,40,24,350,15,14.24,6.11,473.62
119,40,25,350,7,15.51,5.57,417.75
102,40,33,350,8,17.87,4.77,406.08
118,40,35,350,9,17.48,6.57,467.02
112,40,35,350,6,14.47,9.72,428.92
109,40,39,350,11,16.98,5.9,477.13
100,40,32,350,12,19.65,8.67,477.33
79,40,28,350,8,14.58,9.9,374.05
80,40,22,350,8,11.43,6.27,342.51
107,40,19,350,13,15.99,8.68,480.11
85,40,20,350,6,22.67,10.25,355.9
119,40,36,350,9,14.74,8.03,476.57
87,40,35,350,15,15.37,10.24,499.66
93,40,39,350,12,12.86,8.17,465.18
86,40,20,350,14,9.16,8.13,440.73
81,40,38,350,15,14.48,7.06,473.17
109,40,30,350,11,20.43,4.78,458.59
97,40,32,350,8,15.37,11.06,426.79
102,40,33,350,9,9.52,7.75,428.53
80,40,39,350,12,16.13,7.28,435.32
113,40,35,350,6,23.7,11.38,449.01
101,40,37,350,8,23.88,7.63,432.52
102,40,35,350,9,20.95,4.67,425.21
104,40,36,350,8,22.93,11.69,459.25
102,40,26,350,12,10.13,7.01,453.12
91,40,27,350,8,20.06,8.1,393.02
96,40,23,350,10,15.33,9.29,426.0
90,40,20,350,12,10.21,5.52,408.76
112,40,39,350,6,15.57,11.74,448.19
103,40,38,350,13,21.12,8.65,508.71
112,40,21,350,15,13.17,6.74,507.5
94,40,30,350,15,10.39,6.98,483.09
113,40,25,350,10,11.53,6.92,448.99
115,40,30,350,11,20.64,9.43,497.88
112,40,24,350,6,18.23,11.06,421.12
103,40,32,350,14,22.07,7.45,505.94
118,40,22,350,9,18.37,8.65,457.29
91,40,27,350,11,12.41,8.25,426.95
77,40,19,350,13,16.44,8.81,416.91
116,40,22,350,8,10.62,10.58,443.28
118,40,26,350,12,17.27,6.94,493.68
92,40,20,350,9,10.5,7.31,383.22
93,40,29,350,12,22.69,7.19,451.65
84,40,20,350,15,14.89,5.78,441.91
110,40,30,350,15,20.36,7.5,529.61
96,40,33,350,12,17.63,7.46,461.76
117,40,33,350,14,14.14,5.67,520.27
84,40,21,350,10,21.66,10.37,408.81
89,40,33,350,10,13.73,6.68,411.92
85,40,30,350,12,15.57,6.53,425.86
103,40,27,350,10,21.31,9.08,452.25
99,40,25,350,11,21.34,7.65,445.6
100,40,19,350,8,16.75,11.96,417.3
95,40,23,350,10,18.4,11.22,437.6
111,40,21,350,8,20.7,7.44,422.51
86,40,33,350,15,9.45,10.34,489.15
117,40,25,350,10,14.52,7.5,463.63
91,40,22,350,9,18.64,7.11,390.94
88,40,40,350,7,21.86,10.78,412.26
77,40,19,350,11,20.23,6.46,380.38
107,40,40,350,9,14.15,11.15,474.73
94,40,40,350,6,20.41,11.59,414.95
107,40,27,350,13,23.48,4.83,479.08
111,40,34,350,9,23.16,6.99,457.94
117,40,32,350,14,13.41,11.99,553.52
86,40,19,350,7,18.03,8.2,353.86
92,40,20,350,10,16.62,6.62,398.42
79,40,26,350,8,20.12,4.76,346.78
95,40,23,350,13,23.83,9.73,474.44
115,40,40,350,7,19.74,11.07,469.84
90,40,39,350,12,18.5,9.85,473.47
91,40,19,350,14,21.28,5.88,448.32
107,40,22,350,15,18.15,9.11,516.49
84,40,28,350,13,22.74,10.03,460.1
79,40,25,350,15,21.89,4.81,440.8
89,40,33,350,14,23.98,4.8,464.45
95,40,26,350,10,18.26,4.74,406.06
91,40,24,350,7,20.52,7.89,373.72
101,40,27,350,10,11.16,8.83,437.11
81,40,38,350,12,9.39,8.96,438.95
92,40,36,350,13,14.76,4.7,453.49
92,40,26,350,8,9.41,9.5,391.44
100,40,23,350,9,11.55,9.22,417.27
78,40,28,350,11,9.33,5.96,385.0
103,40,36,350,7,13.09,10.14,425.81
98,40,22,350,6,13.02,4.68,346.83
102,40,27,350,11,20.89,5.91,445.24
78,40,38,350,12,19.37,8.08,436.84
82,40,33,350,9,10.86,5.02,371.47
99,40,35,350,9,13.75,11.72,451.84
77,40,38,350,11,10.35,9.97,423.56
103,40,27,350,13,19.28,10.55,498.85
102,40,25,350,11,10.25,8.04,443.93
92,40,26,350,7,17.71,5.27,361.9
101,40,40,350,8,22.05,11.16,455.87
100,40,24,350,9,13.39,9.39,421.66
97,40,28,350,12,22.56,7.67,461.1
102,40,34,350,13,12.18,10.62,502.5
83,40,27,350,13,12.03,10.35,448.08
91,40,38,350,10,22.33,7.9,439.66
96,40,23,350,15,22.29,5.87,480.19
115,40,25,350,6,22.4,9.39,423.72
111,40,24,350,10,10.19,6.83,441.24
93,40,31,350,13,16.67,6.08,456.62
99,40,25,350,15,10.34,6.06,480.01
102,40,23,350,6,14.65,8.26,378.83
86,40,26,350,12,18.16,10.97,448.6
110,40,24,350,14,13.06,4.52,482.33
106,40,35,350,9,19.94,6.56,443.51
95,40,31,350,10,11.34,11.15,444.35
78,40,25,350,15,22.49,9.18,463.86
103,40,35,350,9,18.11,9.02,449.25
94,40,38,350,13,15.08,10.95,496.76
84,40,29,350,8,20.26,8.8,385.57
104,40,21,350,14,12.02,8.85,487.77
111,40,29,350,8,11.38,7.21,426.26
81,40,29,350,7,18.85,4.53,340.34
86,40,40,350,10,16.87,9.19,434.56
106,40,34,350,12,9.37,5.76,467.66
106,40,25,350,10,19.62,7.99,447.54
110,40,21,350,12,23.47,9.69,489.23
77,40,25,350,8,10.26,5.4,335.22
90,40,38,350,11,10.42,11.06,457.66
111,40,34,350,12,9.01,9.45,498.86
117,40,25,350,6,11.2,11.56,429.84
114,40,40,350,15,13.13,6.34,542.07
91,40,22,350,9,23.85,11.69,421.62
92,40,35,350,9,14.19,6.25,406.39
95,40,26,350,13,11.22,6.83,451.5
109,40,35,350,13,11.44,6.83,497.17
113,40,29,350,12,22.79,10.73,514.61
91,40,20,350,6,17.07,9.67,360.29
77,40,21,350,10,15.11,7.11,369.32
90,40,26,350,7,15.5,4.55,351.5
97,40,24,350,13,11.23,6.28,449.27
102,40,28,350,9,23.12,10.73,449.41
111,40,36,350,9,16.13,7.65,458.56
104,40,27,350,15,13.92,6.49,499.91
102,40,27,350,15,9.46,8.05,500.28
106,40,31,350,11,17.57,8.48,472.08
91,40,20,350,7,22.26,7.12,364.14
89,40,31,350,7,9.05,11.46,390.9
101,40,31,350,12,21.53,5.25,460.22
113,40,21,350,15,19.65,8.02,522.89
105,40,19,350,13,19.16,5.38,460.16
110,40,33,350,10,21.7,6.37,462.63
89,40,29,350,11,16.15,8.92,433.35
99,40,30,350,6,18.71,4.6,367.53
78,40,40,350,9,23.18,8.96,408.57
90,40,39,350,14,21.3,8.24,493.79
97,40,29,350,8,13.14,10.67,417.38
82,40,23,350,6,17.62,9.56,346.02
111,40,23,350,7,21.73,10.59,431.26
102,40,19,350,7,13.88,7.09,378.06
86,40,36,350,13,21.19,10.91,481.62
118,40,29,350,13,9.45,9.54,519.62
111,40,19,350,10,14.32,10.28,455.96
84,40,37,350,12,22.97,11.18,468.83
97,40,33,350,15,22.77,5.46,497.61
91,40,23,350,9,21.88,9.61,409.77
98,40,19,350,7,11.04,11.08,389.34
87,40,38,350,14,20.08,6.81,476.44
111,40,28,350,10,22.99,10.43,480.3
115,40,40,350,6,18.42,11.71,458.82
101,40,30,350,7,20.65,5.07,389.67
110,40,36,350,6,22.52,9.83,434.45
111,40,40,350,8,13.6,10.4,465.17
103,40,37,350,8,14.9,4.88,412.94
89,40,21,350,15,20.25,7.41,468.53
77,40,34,350,10,15.37,4.83,378.99
96,40,36,350,9,10.89,8.13,424.22
96,40,21,350,14,12.51,11.09,483.7
100,40,40,350,12,10.88,7.63,477.02
77,40,19,350,9,17.08,11.22,377.5
113,40,20,350,12,22.54,10.91,499.97
87,40,29,350,15,12.2,11.04,490.94
102,40,30,350,7,19.49,5.19,391.42
118,40,27,350,6,9.4,5.95,402.1
92,40,34,350,15,13.17,6.79,487.17
93,40,27,350,15,11.69,9.75,492.63
100,40,39,350,7,13.79,9.33,420.6
118,40,32,350,6,23.18,10.12,447.0
89,40,27,350,12,10.32,5.72,419.85
94,40,39,350,9,14.51,4.94,410.44
90,40,35,350,9,20.17,10.36,430.84
111,40,26,350,15,14.23,7.67,520.16
88,40,30,350,13,21.32,6.78,452.46
111,40,23,350,12,22.54,4.96,467.26
99,40,26,350,11,17.82,8.01,446.08
90,40,30,350,13,14.41,10.62,471.98
101,40,39,350,7,16.79,10.28,430.9
84,40,19,350,13,16.42,9.31,434.73
90,40,30,350,9,11.9,8.85,406.06
85,40,22,350,9,10.79,9.91,386.57
91,40,19,350,10,19.62,10.58,419.68
117,40,33,350,6,14.79,11.92,448.92
78,40,33,350,9,11.36,9.51,388.68
106,40,27,350,8,17.11,5.87,409.87
84,40,29,350,15,9.52,7.13,459.96
100,40,35,350,14,20.34,9.22,513.02
94,40,19,350,8,15.48,5.9,369.07
118,40,21,350,12,13.57,10.71,502.93
119,40,30,350,14,11.87,11.43,549.79
104,40,37,350,10,19.84,8.26,465.55
108,40,31,350,11,12.44,8.21,470.08
116,40,20,350,10,14.55,11.48,475.38
120,40,28,350,8,16.89,9.29,460.7
116,40,30,350,9,23.38,8.19,468.78
80,40,29,350,14,16.29,7.05,443.83
79,40,26,350,7,9.65,7.01,336.34
84,40,21,350,9,17.85,9.01,384.2
96,40,24,350,15,11.63,10.15,496.12
86,40,27,350,10,22.22,8.24,411.89
80,40,33,350,14,13.86,8.81,458.35
86,40,27,350,14,12.02,5.22,438.98
107,40,35,350,12,9.02,10.5,497.92
117,40,26,350,15,23.01,5.92,531.32
116,40,21,350,11,15.71,9.01,477.65
81,40,28,350,14,14.22,8.13,448.42
109,40,29,350,13,13.17,6.32,485.61
97,40,34,350,7,12.16,5.18,380.67
82,40,25,350,7,14.37,10.73,366.43
120,40,31,350,13,21.94,7.1,525.19
82,40,40,350,13,17.87,8.78,464.8
118,40,34,350,13,15.17,8.75,529.05
94,40,37,350,8,18.34,4.71,395.88
76,40,23,350,12,21.21,4.83,390.22
94,40,35,350,9,22.17,5.61,414.49
85,40,23,350,8,22.69,11.91,397.23
82,40,40,350,9,19.12,7.11,402.94
112,40,39,350,12,15.6,8.34,509.44
107,40,29,350,14,13.02,10.47,517.99
113,40,32,350,12,11.18,11.44,512.96
120,40,29,350,12,11.25,7.17,498.82
80,40,35,350,11,11.22,8.57,417.77
99,40,30,350,13,9.73,4.74,453.77
91,40,20,350,15,9.06,10.18,476.32
109,40,22,350,8,11.86,7.4,411.49
83,40,36,350,12,22.03,10.47,460.09
106,40,23,350,11,14.72,9.82,463.27
100,40,25,350,14,10.84,7.91,479.65
120,40,30,350,8,23.9,8.91,468.51
88,40,39,350,13,13.28,11.6,487.59
106,40,23,350,15,9.02,8.14,502.1
110,40,31,350,11,12.72,10.9,489.8
102,40,29,350,15,11.35,11.03,522.27
83,40,24,350,11,9.42,6.85,393.97
106,40,19,350,6,15.8,8.24,381.51
109,40,21,350,9,22.22,5.99,424.85
116,40,29,350,14,13.76,7.13,519.14
107,40,35,350,14,15.88,5.99,505.67
102,40,25,350,7,19.18,9.36,406.07
88,40,32,350,13,17.73,10.93,475.95
95,40,40,350,14,11.42,9.8,505.84
107,40,38,350,13,9.8,9.05,509.01
105,40,29,350,13,16.81,4.7,471.28
80,40,37,350,6,23.97,5.81,350.49
85,40,35,350,13,16.57,7.79,455.87
111,40,22,350,14,19.54,7.6,504.45
103,40,29,350,11,10.52,7.26,448.78
103,40,32,350,15,11.24,10.62,527.14
106,40,27,350,6,20.16,8.62,401.42
79,40,25,350,7,12.14,10.56,356.96
97,40,29,350,6,13.32,11.4,394.86
89,40,23,350,12,17.1,6.55,423.98
101,40,39,350,8,12.36,11.92,449.43
88,40,34,350,6,23.21,11.75,395.3
82,40,28,350,10,22.9,7.24,400.02
96,40,24,350,15,14.24,5.3,471.2
79,40,32,350,11,23.09,5.4,403.64
108,40,29,350,15,23.15,4.87,511.37
99,40,27,350,10,9.02,8.06,426.49
77,40,19,350,12,16.58,4.91,381.65
95,40,25,350,9,19.89,7.36,407.24
114,40,23,350,15,15.36,4.93,507.05
109,40,27,350,8,11.88,10.5,437.56
102,40,26,350,15,13.92,9.97,513.54
89,40,29,350,15,18.83,7.41,480.92
111,40,28,350,10,12.05,5.88,444.46
105,40,19,350,13,22.22,11.75,498.93
106,40,29,350,9,19.11,6.2,430.42
116,40,30,350,15,9.49,8.32,537.0
111,40,22,350,11,19.5,4.87,448.81
116,40,28,350,6,22.69,11.58,443.63
82,40,30,350,13,19.66,10.16,457.1
111,40,20,350,6,16.48,4.97,376.14
105,40,22,350,9,13.92,11.41,440.84
91,40,39,350,10,10.33,8.99,436.36
120,40,36,350,14,11.32,11.0,559.28
92,40,28,350,11,22.19,7.81,437.43
113,40,26,350,8,14.72,5.94,421.35
85,40,27,350,12,15.84,10.56,443.7
117,40,27,350,14,16.57,6.72,518.16
88,40,28,350,9,12.25,11.1,411.36
78,40,24,350,10,23.6,10.57,404.02
117,40,40,350,12,17.57,11.4,540.97
84,40,34,350,12,14.35,9.06,443.71
104,40,23,350,13,12.11,6.73,465.93
84,40,24,350,13,16.19,8.8,440.21
99,40,34,350,12,19.87,7.28,470.98
81,40,28,350,6,20.76,4.87,328.92
116,40,34,350,8,9.68,7.51,445.66
92,40,31,350,11,12.85,11.72,455.93
106,40,19,350,9,23.4,6.42,418.51
110,40,34,350,8,20.98,5.95,434.51
99,40,37,350,14,14.62,8.26,503.57
110,40,31,350,7,17.77,10.67,439.6
100,40,39,350,7,19.38,4.92,400.93
88,40,23,350,6,23.15,11.9,377.23
83,40,23,350,7,21.94,11.05,373.99
102,40,19,350,12,18.03,8.87,458.96
94,40,27,350,14,22.84,5.5,467.78
97,40,24,350,14,15.79,7.02,471.09
84,40,33,350,11,10.31,7.06,413.56
85,40,39,350,14,17.48,7.06,472.86
109,40,31,350,7,20.01,11.25,442.81
80,40,39,350,10,18.42,7.62,412.56
114,40,36,350,6,18.76,9.26,436.32
90,40,19,350,6,18.16,6.49,339.51
79,40,20,350,8,23.33,6.75,350.71
78,40,23,350,14,15.91,6.8,427.49
103,40,31,350,13,20.95,8.71,496.89
82,40,37,350,14,11.73,4.86,445.24
118,40,40,350,10,19.89,9.14,505.73
103,40,33,350,7,17.27,11.32,431.21
96,40,25,350,13,22.81,5.91,457.52
117,40,36,350,12,19.89,5.18,501.19
119,40,40,350,8,12.75,7.82,466.99
98,40,21,350,13,12.21,9.69,466.42
79,40,37,350,7,10.11,6.45,352.46
114,40,23,350,10,12.72,10.26,467.65
93,40,27,350,6,18.24,9.3,375.59
112,40,35,350,13,20.48,11.79,539.98
105,40,39,350,13,17.62,10.38,521.21
96,40,28,350,7,15.05,9.88,397.44
88,40,32,350,8,22.8,10.45,410.96
111,40,32,350,9,20.46,10.89,474.0
98,40,25,350,7,10.79,7.99,381.97
102,40,38,350,12,15.7,11.98,506.9
120,40,19,350,14,9.35,7.45,508.28
101,40,37,350,13,14.53,4.85,475.14
