ed_pts,ed_beds,admits,hosp_beds,vents,longest_wait,last_wait,nedocs_score,ambient_noise_db,arrival_velocity,equipment_chaos_index,target
44,40,6,350,2,2.17,1.07,127.0,71.6,0.14,0.7,119.8
40,40,0,350,2,2.69,0.76,130.3,74.3,0.46,2.6,130.1
22,40,5,350,1,1.65,1.28,115.2,62.8,0.43,1.9,128.7
36,40,6,350,2,0.79,0.77,114.1,60.9,0.39,1.8,122.7
24,40,2,350,1,2.53,1.4,115.6,62.6,0.21,1.3,207.3
25,40,2,350,2,3.49,1.02,110.6,58.7,0.43,2.9,154.0
41,40,1,350,0,1.91,1.44,199.6,60.0,0.11,0.8,103.6
38,40,6,350,1,1.5,1.24,137.4,67.0,0.23,1.5,94.5
33,40,6,350,0,3.21,1.13,99.2,67.5,0.31,8.9,175.4
21,40,2,350,2,1.8,1.02,85.8,58.7,0.45,2.0,218.2
44,40,5,350,1,1.84,0.83,139.6,72.2,0.38,1.8,148.4
34,40,2,350,1,1.0,0.84,204.4,66.8,0.49,0.5,89.2
27,40,3,350,2,3.12,0.43,136.4,68.1,0.18,2.8,83.9
22,40,2,350,1,3.01,1.0,80.1,69.6,0.45,0.6,98.6
23,40,0,350,0,3.14,0.61,71.4,61.7,0.1,0.9,103.6
26,40,2,350,1,2.18,0.55,89.8,65.9,0.21,1.0,127.2
27,40,4,350,1,2.98,0.66,98.9,63.2,0.44,1.4,173.8
36,40,5,350,1,3.48,1.02,120.6,62.5,1.01,7.6,145.4
27,40,4,350,0,3.25,1.32,162.3,54.7,0.25,2.6,165.4
35,40,5,350,0,1.02,1.22,103.6,67.4,0.15,7.4,91.2
45,40,1,350,2,1.81,1.16,152.6,69.2,0.5,2.5,114.6
21,40,3,350,0,1.85,1.22,63.1,52.6,0.38,0.4,141.7
30,40,0,350,1,1.52,0.74,98.4,63.0,0.25,0.2,108.4
35,40,4,350,2,0.99,0.79,134.6,77.1,0.29,2.6,250.0
43,40,3,350,0,1.6,0.98,103.9,69.0,0.37,0.8,142.8
36,40,2,350,2,2.51,1.19,250.0,74.1,0.17,1.3,111.9
38,40,2,350,1,3.03,1.08,134.4,62.9,0.26,0.5,66.2
37,40,3,350,0,2.32,0.53,104.8,59.0,0.36,1.6,162.7
24,40,2,350,0,2.15,0.26,60.6,57.4,0.43,1.7,158.9
42,40,5,350,2,3.19,1.4,151.7,66.4,0.3,0.6,107.8
41,40,4,350,2,2.42,0.54,146.5,78.0,0.11,0.1,130.8
38,40,3,350,1,3.39,0.48,101.2,66.9,0.39,2.3,117.5
34,40,6,350,0,2.13,1.22,128.8,65.8,0.16,2.1,134.5
38,40,0,350,2,1.36,1.42,103.6,73.1,0.12,2.8,200.0
26,40,2,350,2,1.71,1.41,124.7,71.9,0.21,2.6,153.2
45,40,5,350,0,1.59,0.34,188.4,60.7,0.37,0.6,102.2
35,40,0,350,2,2.19,1.27,140.9,79.1,0.14,1.1,205.0
32,40,6,350,2,0.61,0.46,94.6,64.4,0.24,0.2,106.8
35,40,4,350,1,3.2,1.14,199.0,66.6,0.21,1.8,81.6
22,40,3,350,2,1.95,1.3,102.5,68.8,2.97,2.0,180.9
25,40,2,350,0,1.57,0.44,72.2,53.5,0.41,2.4,155.6
43,40,2,350,2,1.59,0.29,129.3,77.1,0.11,1.6,150.8
30,40,3,350,2,1.82,1.39,141.0,64.7,0.34,8.2,182.5
40,40,4,350,2,3.47,0.97,143.6,71.0,2.87,0.0,143.4
42,40,2,350,1,2.79,1.14,148.7,64.9,0.45,1.0,164.6
28,40,0,350,1,2.05,0.74,100.3,64.3,0.38,0.9,109.2
44,40,0,350,2,3.37,0.48,154.4,64.9,0.41,8.8,154.2
29,40,5,350,2,2.6,0.94,100.3,61.1,0.13,0.7,159.3
25,40,0,350,2,2.82,1.09,117.2,62.2,0.15,0.5,93.5
40,40,5,350,1,1.85,1.39,154.9,64.5,0.39,1.8,219.2
40,40,2,350,0,2.93,1.35,89.5,68.6,0.4,7.2,147.5
24,40,1,350,2,1.8,0.35,207.0,71.4,0.4,2.0,174.7
33,40,4,350,0,2.37,1.08,116.3,68.2,0.33,1.6,245.4
32,40,1,350,0,1.26,1.08,161.7,58.5,0.47,7.1,152.1
41,40,5,350,0,2.18,0.6,234.9,67.8,0.32,1.9,115.4
33,40,5,350,1,2.74,0.35,120.2,67.5,0.21,2.9,130.0
32,40,4,350,1,2.06,1.34,103.9,70.3,0.36,2.1,97.8
37,40,2,350,1,3.1,1.46,116.7,67.1,0.29,2.6,67.4
36,40,0,350,0,1.24,0.95,85.0,59.5,0.28,1.0,108.1
25,40,0,350,0,2.18,0.26,53.9,55.1,0.41,2.0,159.6
24,40,3,350,2,3.06,0.68,100.4,70.6,0.38,0.7,108.4
36,40,6,350,2,0.83,0.45,146.5,70.2,0.48,1.2,107.3
26,40,0,350,2,2.93,0.66,100.2,75.4,0.26,0.6,79.4
33,40,6,350,1,2.25,0.39,95.9,61.8,0.27,2.5,250.0
26,40,3,350,0,0.79,1.48,73.4,58.4,0.15,0.9,80.1
29,40,6,350,0,2.42,1.11,250.0,60.4,0.11,1.4,118.3
28,40,5,350,1,1.17,0.73,74.7,67.8,0.16,7.1,131.0
35,40,5,350,0,0.76,0.42,111.7,65.1,0.3,0.7,132.4
22,40,5,350,1,2.76,1.03,103.7,68.0,0.44,0.1,85.4
38,40,0,350,1,1.49,1.38,125.5,82.0,0.45,0.3,91.7
27,40,6,350,1,0.98,0.43,78.4,70.3,0.21,0.7,216.6
28,40,6,350,0,2.06,1.03,83.9,66.9,0.49,0.2,124.4
24,40,4,350,2,2.46,1.21,211.0,68.4,0.16,0.6,86.4
35,40,5,350,2,3.23,0.97,116.3,55.7,0.33,0.3,107.7
33,40,0,350,0,1.72,0.34,81.9,58.5,0.21,1.0,152.2
35,40,0,350,0,3.32,0.97,101.7,65.2,0.23,1.9,166.2
44,40,3,350,2,3.04,1.02,145.5,73.2,2.99,2.1,204.2
41,40,6,350,1,3.13,0.43,156.1,72.1,2.47,1.5,181.6
45,40,5,350,1,2.99,0.91,152.0,69.0,0.11,2.4,250.0
37,40,0,350,1,2.28,1.48,139.3,73.1,0.16,2.0,120.3
37,40,6,350,1,1.84,0.85,239.9,68.6,0.3,0.1,101.9
24,40,1,350,2,0.72,0.88,110.9,60.4,0.44,7.1,206.6
32,40,0,350,0,3.23,1.41,97.1,54.9,0.16,2.7,128.6
31,40,5,350,0,1.32,0.64,175.1,58.7,2.83,0.3,163.2
36,40,2,350,1,3.0,1.05,116.7,68.5,0.24,2.0,79.1
32,40,6,350,1,2.99,0.78,119.7,72.2,0.36,1.1,227.8
32,40,1,350,0,1.35,0.65,68.5,66.7,0.36,1.4,101.9
42,40,4,350,1,2.07,0.97,218.6,65.5,0.35,0.2,137.8
28,40,1,350,1,2.95,1.45,91.6,57.2,0.39,0.9,126.4
39,40,1,350,1,1.61,0.86,131.9,67.2,0.29,1.2,148.2
34,40,0,350,2,3.5,0.63,117.4,72.1,0.13,2.6,121.4
38,40,4,350,2,0.69,0.29,139.7,62.4,2.4,0.0,181.5
28,40,6,350,2,2.42,1.01,110.3,71.1,0.39,0.8,94.8
38,40,0,350,2,1.79,0.64,145.5,75.0,0.25,1.2,124.4
31,40,1,350,1,2.25,1.02,86.2,62.0,0.26,1.2,200.6
26,40,6,350,2,0.88,0.68,116.5,64.2,0.11,0.3,100.7
36,40,6,350,0,3.18,0.31,192.5,71.9,2.28,0.2,182.9
34,40,3,350,0,1.2,0.6,98.0,68.1,1.13,1.3,121.9
42,40,5,350,1,2.42,0.63,148.0,74.7,0.5,0.1,218.2
41,40,0,350,0,3.22,0.49,100.4,65.4,0.32,1.6,124.4
26,40,3,350,1,3.17,0.39,210.4,64.3,0.1,2.3,76.8
44,40,0,350,1,3.23,0.45,114.0,64.6,1.98,2.1,103.8
20,40,1,350,1,3.38,0.84,67.2,66.4,0.19,1.7,116.0
29,40,1,350,0,0.96,0.7,66.8,58.9,0.25,1.4,119.6
37,40,6,350,1,2.44,1.22,107.2,70.8,0.16,0.2,131.1
38,40,2,350,2,1.91,0.96,110.9,68.4,0.33,2.5,78.0
34,40,6,350,1,2.73,1.47,128.0,57.2,0.18,1.8,147.1
27,40,0,350,0,1.72,1.36,64.3,59.4,0.31,0.0,142.2
43,40,0,350,1,3.13,0.28,138.1,79.0,0.15,2.1,131.4
31,40,3,350,1,2.94,1.41,137.5,68.5,0.24,1.9,138.6
37,40,3,350,2,3.18,0.58,121.8,78.6,0.2,2.7,98.9
29,40,6,350,1,2.12,0.47,128.4,72.8,0.44,1.8,94.0
21,40,3,350,2,2.55,1.49,86.4,70.0,0.37,0.1,138.4
24,40,3,350,1,1.51,1.16,81.1,62.5,2.96,1.4,208.3
32,40,3,350,1,3.17,0.52,132.5,65.0,0.24,1.5,100.8
43,40,2,350,2,1.39,1.33,159.0,69.4,0.16,1.1,151.6
23,40,6,350,1,1.91,1.36,91.9,53.9,0.14,0.6,112.5
39,40,0,350,2,3.04,0.99,145.4,70.6,0.14,0.3,101.4
34,40,4,350,0,3.39,1.23,108.3,65.9,2.13,1.4,250.0
23,40,4,350,0,2.72,1.15,98.3,66.0,0.17,2.9,165.7
36,40,2,350,2,1.35,0.76,228.0,73.1,0.16,2.9,153.6
22,40,3,350,0,1.85,1.09,153.0,54.9,0.21,2.9,244.8
45,40,0,350,2,2.39,0.34,141.1,79.3,0.33,1.9,92.8
29,40,4,350,2,0.53,0.65,231.5,59.8,0.33,2.6,103.2
20,40,5,350,2,2.29,1.14,81.2,61.4,1.01,0.7,145.0
23,40,3,350,2,0.76,1.41,89.1,60.6,0.22,2.3,245.0
36,40,6,350,2,2.63,0.38,127.4,65.0,0.3,1.0,122.6
44,40,6,350,1,2.97,0.31,233.7,75.1,0.49,1.4,141.8
39,40,3,350,0,2.78,1.01,114.6,61.2,0.48,0.1,127.0
32,40,2,350,2,3.15,0.27,129.5,68.4,0.17,1.0,136.0
44,40,0,350,1,1.37,1.34,119.4,65.7,0.39,2.3,185.7
40,40,1,350,1,1.99,0.44,130.0,62.0,1.12,2.3,122.0
33,40,0,350,0,0.63,1.03,171.8,68.7,0.23,0.1,96.8
24,40,1,350,2,0.96,1.23,97.2,68.5,0.27,2.6,129.4
22,40,2,350,2,3.33,1.03,93.0,57.8,0.14,0.2,117.1
39,40,5,350,2,0.58,0.95,116.3,72.2,0.18,0.6,101.5
28,40,6,350,1,1.77,0.96,114.3,66.6,0.47,2.6,115.2
41,40,0,350,0,0.56,0.27,96.7,64.8,0.3,2.5,86.8
33,40,6,350,0,0.65,1.04,99.0,69.0,0.25,2.8,147.2
26,40,5,350,0,1.82,0.64,73.6,59.9,0.42,0.7,84.8
39,40,5,350,2,3.1,1.07,133.7,72.2,0.43,2.5,122.3
34,40,3,350,0,3.37,1.04,76.1,66.3,0.26,7.4,182.5
38,40,6,350,0,2.78,0.9,107.1,60.1,0.19,2.3,188.7
42,40,5,350,2,2.9,1.03,152.7,76.7,0.3,2.2,109.6
43,40,6,350,2,1.94,1.44,177.8,76.0,0.4,0.8,89.9
38,40,2,350,0,0.59,0.87,97.4,66.3,0.31,9.4,163.8
21,40,1,350,1,1.67,0.28,81.1,65.2,0.45,2.2,123.0
45,40,6,350,1,1.92,0.26,126.3,78.1,0.34,0.3,105.0
35,40,1,350,0,0.7,1.19,108.6,54.6,0.1,0.9,124.2
26,40,5,350,0,1.46,1.48,98.8,60.3,0.21,1.7,188.2
33,40,4,350,2,2.27,1.08,119.6,70.6,0.36,2.7,125.4
27,40,3,350,0,1.67,1.35,179.1,66.3,0.35,2.2,120.2
39,40,3,350,0,3.42,0.55,110.5,65.0,0.26,2.2,98.1
45,40,1,350,1,3.24,1.27,107.2,60.4,0.37,9.7,226.5
24,40,3,350,1,0.5,1.38,86.5,66.3,0.46,2.1,165.8
32,40,3,350,1,3.07,1.12,187.0,58.4,2.87,1.2,209.2
34,40,2,350,2,3.07,0.88,151.6,67.7,0.44,1.3,100.9
44,40,4,350,1,2.25,0.72,162.0,68.6,0.43,0.2,167.7
25,40,1,350,2,0.6,0.55,89.8,61.0,0.32,7.9,150.0
45,40,2,350,1,3.29,0.68,160.6,83.5,0.16,2.9,113.6
31,40,3,350,2,3.35,1.29,117.6,67.5,0.3,0.3,114.6
41,40,2,350,1,1.56,0.39,101.0,74.7,0.27,2.6,132.6
35,40,3,350,0,1.31,0.53,109.1,65.5,0.37,0.7,113.0
28,40,6,350,0,1.51,1.25,119.4,58.9,0.13,0.6,165.5
27,40,2,350,2,2.74,0.39,105.0,68.8,0.44,1.9,82.4
29,40,0,350,0,0.68,1.09,161.5,65.2,0.45,10.0,166.6
23,40,4,350,0,3.27,0.36,69.2,51.7,2.03,2.0,153.8
28,40,5,350,2,1.2,0.89,124.8,68.0,0.3,0.7,184.0
36,40,1,350,2,1.49,0.71,116.3,68.4,0.24,1.8,100.9
33,40,6,350,0,2.16,1.37,177.0,63.4,0.27,0.7,145.3
30,40,2,350,0,1.93,0.65,91.0,57.5,0.4,2.4,108.7
22,40,3,350,0,2.14,0.54,138.8,56.0,0.18,9.6,214.5
24,40,6,350,1,0.57,0.89,94.3,62.2,1.2,2.7,120.6
29,40,3,350,1,2.53,0.88,178.2,62.4,0.29,9.8,168.0
25,40,6,350,2,1.94,0.84,93.2,70.8,0.3,2.0,112.5
42,40,2,350,1,1.18,0.84,129.4,68.1,0.26,1.9,101.6
37,40,4,350,0,3.06,1.25,101.0,65.5,0.46,8.6,194.8
34,40,6,350,0,2.88,1.2,91.0,60.6,0.44,1.7,128.8
39,40,6,350,1,2.28,0.9,157.8,69.5,0.43,1.8,87.6
23,40,0,350,2,0.77,0.65,116.3,55.1,0.42,2.9,114.0
24,40,3,350,0,1.52,1.0,74.9,57.7,2.34,1.0,233.8
29,40,5,350,1,1.18,1.16,97.6,61.5,1.49,2.0,247.6
39,40,6,350,0,1.65,0.33,195.2,64.5,0.41,2.7,110.1
42,40,2,350,1,1.51,0.38,218.3,66.3,3.0,0.3,250.0
37,40,1,350,2,1.19,0.98,94.5,69.2,0.43,1.3,87.0
45,40,0,350,1,2.39,1.23,250.0,73.9,0.47,2.1,115.9
21,40,2,350,0,1.3,0.87,76.0,65.6,0.14,1.7,97.1
30,40,5,350,1,1.77,1.48,101.5,64.6,0.27,0.9,81.1
28,40,0,350,0,1.41,0.7,89.1,47.8,0.48,2.2,115.7
20,40,5,350,0,1.47,0.26,73.9,65.6,0.18,0.7,75.2
20,40,2,350,2,2.0,1.11,100.8,63.7,0.29,1.7,205.1
21,40,6,350,0,3.27,1.47,70.1,59.5,0.42,9.2,141.5
22,40,1,350,0,2.94,0.57,194.8,51.8,0.37,1.8,160.6
22,40,2,350,2,2.67,0.94,103.0,60.2,0.45,0.3,140.1
21,40,4,350,1,0.81,0.49,148.7,57.2,0.31,1.1,115.6
43,40,2,350,2,2.43,0.52,132.3,65.2,0.16,0.3,90.9
22,40,2,350,2,0.52,0.37,107.1,70.1,2.46,2.4,144.0
21,40,2,350,2,2.81,1.45,87.4,68.9,0.46,0.4,97.4
28,40,5,350,2,3.27,1.08,98.7,63.7,0.45,3.0,151.4
20,40,2,350,2,2.83,1.34,89.1,61.8,0.21,0.4,114.8
37,40,5,350,1,2.1,0.52,134.2,65.8,0.25,1.2,63.8
31,40,4,350,0,1.44,0.39,110.3,72.3,0.2,2.8,78.2
23,40,0,350,0,1.17,1.25,55.8,58.5,0.29,2.5,144.6
29,40,2,350,0,1.97,0.62,65.4,66.3,0.41,2.8,234.8
26,40,3,350,2,2.25,1.36,131.5,69.1,0.24,1.9,135.0
44,40,4,350,2,2.07,1.17,218.9,70.4,0.29,2.5,96.0
35,40,6,350,0,0.62,0.54,124.8,57.5,0.48,0.5,69.8
32,40,2,350,1,1.71,0.36,82.9,65.4,0.2,2.2,93.3
20,40,1,350,0,1.85,0.37,60.8,65.4,0.32,2.6,77.4
26,40,2,350,1,1.78,1.14,82.6,62.7,0.47,1.4,191.9
20,40,5,350,0,2.73,1.13,63.5,52.2,0.49,2.8,120.2
23,40,0,350,0,2.51,0.48,179.9,54.3,1.58,2.7,166.3
32,40,6,350,2,2.19,0.7,103.1,71.0,0.11,1.7,141.4
38,40,2,350,1,2.22,1.39,133.2,65.3,0.4,0.7,92.8
35,40,2,350,2,3.05,0.48,133.8,62.5,0.22,2.5,105.2
25,40,6,350,1,1.44,1.3,84.3,60.1,0.49,2.8,154.6
23,40,6,350,1,3.36,0.77,93.2,62.1,0.31,1.8,185.6
37,40,1,350,2,3.16,0.5,137.4,74.9,0.17,0.4,91.0
21,40,1,350,2,2.17,0.41,174.6,66.8,0.45,0.4,127.4
35,40,1,350,0,0.58,0.92,87.1,57.7,0.19,2.9,136.7
34,40,6,350,1,3.24,0.49,119.3,67.1,0.21,1.5,156.5
42,40,3,350,2,1.61,0.92,123.7,66.6,0.21,0.1,71.8
40,40,4,350,1,0.84,1.19,148.1,62.2,0.14,2.5,125.0
21,40,3,350,0,3.39,0.83,68.3,57.1,0.46,9.8,173.6
36,40,2,350,1,2.19,0.58,114.2,66.6,0.33,2.4,197.8
45,40,1,350,1,0.61,0.47,132.4,62.4,0.25,10.0,131.0
30,40,5,350,1,2.75,0.81,184.4,59.8,0.35,2.7,108.1
21,40,2,350,2,2.02,1.26,92.2,74.5,0.25,0.3,109.4
33,40,3,350,0,2.48,0.75,93.4,70.8,0.18,2.5,229.4
38,40,4,350,2,1.38,0.96,104.6,66.7,0.48,0.4,153.2
43,40,5,350,1,2.18,0.77,217.9,61.9,0.21,1.5,130.0
37,40,4,350,2,2.98,0.83,144.6,67.8,0.12,0.1,217.8
31,40,5,350,2,3.18,0.4,121.6,67.4,0.4,1.7,159.0
30,40,2,350,0,1.71,0.8,215.6,66.5,0.31,1.0,140.6
41,40,6,350,2,2.53,0.26,147.0,67.5,1.61,0.4,109.6
39,40,0,350,2,2.68,0.71,132.4,64.7,0.4,1.7,120.6
20,40,3,350,1,1.72,1.15,84.0,64.4,0.14,3.0,139.7
32,40,3,350,2,3.32,1.44,108.6,75.0,0.2,3.0,85.7
41,40,3,350,0,0.86,1.19,127.1,68.0,0.2,0.1,97.9
33,40,5,350,0,2.92,0.9,72.2,59.6,0.17,2.1,121.0
21,40,6,350,2,2.09,0.95,94.6,64.8,0.12,9.2,137.5
44,40,0,350,0,2.67,1.29,111.1,64.7,0.47,0.1,93.4
28,40,1,350,2,2.86,0.46,103.5,71.5,0.29,0.2,80.0
22,40,0,350,2,2.86,0.85,86.0,57.1,0.18,2.7,120.0
23,40,0,350,1,2.9,0.99,75.0,65.9,0.25,2.9,158.0
33,40,3,350,1,1.06,0.97,107.9,65.5,0.35,1.8,88.6
34,40,5,350,2,3.1,1.25,144.1,65.2,2.72,2.0,175.0
24,40,4,350,0,0.79,0.46,77.1,69.2,0.15,0.6,154.8
41,40,3,350,2,2.03,1.1,127.2,79.2,0.31,2.8,141.2
40,40,5,350,2,2.43,1.14,150.4,71.9,0.4,1.8,86.6
34,40,6,350,0,3.0,0.81,126.7,63.2,0.28,2.3,72.0
22,40,3,350,1,2.53,0.28,74.3,54.6,0.35,0.6,130.8
26,40,3,350,0,2.66,0.51,59.8,54.6,0.17,1.6,45.2
35,40,4,350,2,1.78,0.66,123.5,57.4,0.29,8.0,140.0
20,40,4,350,0,0.98,0.65,37.0,56.7,0.43,8.7,177.6
31,40,5,350,0,0.51,0.98,107.6,62.6,0.25,0.1,250.0
39,40,1,350,2,1.76,0.34,140.7,72.6,0.11,0.2,67.4
43,40,4,350,0,0.59,1.44,250.0,71.1,0.5,0.6,146.9
24,40,3,350,1,3.37,0.72,65.0,65.2,0.18,1.6,101.3
36,40,0,350,2,2.3,1.36,137.3,64.9,0.17,1.4,134.8
25,40,6,350,1,1.28,1.43,93.0,61.0,0.33,7.5,121.0
29,40,3,350,2,0.96,1.45,127.3,71.2,0.14,1.3,113.6
31,40,1,350,0,2.87,1.36,89.8,66.9,0.16,0.5,86.4
24,40,1,350,2,0.63,1.1,107.0,69.0,0.2,1.1,99.2
23,40,6,350,0,1.3,0.85,82.2,63.5,0.42,2.3,250.0
29,40,6,350,1,2.56,0.72,92.4,60.6,0.2,9.0,115.1
36,40,0,350,2,1.41,0.78,250.0,74.6,0.33,0.7,109.8
37,40,3,350,0,0.93,0.47,80.6,69.7,0.14,1.2,94.7
23,40,1,350,1,2.8,1.4,102.4,70.5,1.41,1.5,124.3
30,40,2,350,0,0.8,1.06,88.4,56.9,0.19,2.3,143.0
25,40,3,350,1,0.97,1.2,97.9,58.9,0.41,0.7,130.9
36,40,5,350,1,3.01,0.53,132.1,67.0,0.43,2.5,85.0
43,40,2,350,1,1.79,1.03,122.3,74.2,0.28,2.7,218.8
32,40,0,350,0,3.01,1.35,69.8,54.3,0.36,2.5,90.8
43,40,2,350,0,2.47,0.91,205.2,61.1,0.23,1.4,230.6
22,40,5,350,1,2.33,1.03,76.6,65.3,2.89,2.3,250.0
42,40,4,350,0,2.82,1.03,222.2,68.5,0.44,1.3,150.0
44,40,2,350,1,3.02,0.51,250.0,65.4,0.12,1.8,250.0
35,40,2,350,2,1.6,0.97,138.8,65.8,0.15,0.5,82.4
41,40,5,350,2,3.49,0.92,250.0,78.7,0.41,0.3,74.0
30,40,0,350,0,2.52,1.47,78.4,60.7,0.27,0.3,141.3
31,40,3,350,0,1.28,1.1,66.8,72.0,0.36,1.3,97.9
42,40,2,350,2,2.84,1.0,136.2,67.1,0.17,2.7,132.6
20,40,0,350,1,1.48,0.98,87.9,61.6,0.33,1.3,131.2
34,40,2,350,1,1.98,0.65,120.6,68.1,0.14,2.0,150.2
38,40,3,350,2,1.69,0.52,121.7,66.6,0.49,1.7,129.1
43,40,0,350,2,1.48,1.1,141.1,71.5,0.19,0.1,125.4
41,40,0,350,0,1.61,0.45,115.8,68.3,0.1,2.6,177.7
42,40,5,350,0,2.27,1.28,122.2,70.4,0.29,0.6,95.4
44,40,3,350,2,2.19,1.32,167.1,69.4,0.25,1.9,165.3
38,40,2,350,1,1.41,0.76,89.0,61.6,0.35,2.9,110.4
36,40,2,350,2,2.86,1.27,154.9,60.8,0.48,0.6,112.5
22,40,4,350,1,2.13,1.05,95.0,57.4,0.18,2.8,108.4
26,40,2,350,2,2.08,0.66,103.2,59.7,0.2,2.5,123.6
25,40,1,350,1,1.39,1.11,95.9,59.3,0.48,0.3,103.4
27,40,3,350,2,2.4,1.15,111.9,71.8,0.49,1.9,215.7
42,40,1,350,0,2.14,1.46,95.2,59.4,0.15,0.1,120.7
40,40,5,350,0,2.22,1.09,201.7,56.9,0.19,7.8,155.0
39,40,0,350,0,2.98,0.54,118.1,61.9,2.03,2.6,182.4
29,40,1,350,2,1.46,0.83,124.8,72.2,0.45,0.6,84.6
45,40,3,350,1,2.45,1.43,142.9,78.0,0.41,1.3,182.1
35,40,3,350,0,0.52,1.12,75.7,69.1,0.15,0.8,218.4
25,40,5,350,0,1.17,1.44,171.4,57.7,0.2,2.8,151.4
41,40,6,350,0,2.28,0.64,213.3,55.5,0.37,9.0,156.6
41,40,5,350,0,1.77,1.35,138.6,67.3,0.26,0.1,104.2
20,40,2,350,2,2.3,0.64,119.5,64.5,0.44,1.8,123.0
29,40,1,350,0,1.5,1.06,99.9,65.1,0.28,1.5,106.0
40,40,0,350,0,3.21,1.36,110.1,68.8,0.36,2.0,158.9
22,40,0,350,2,1.58,0.58,96.5,56.8,0.33,2.2,116.6
43,40,0,350,2,2.76,0.36,146.5,72.0,0.23,0.3,200.3
31,40,5,350,1,2.58,0.75,103.9,66.4,0.11,1.0,73.4
36,40,6,350,1,2.43,1.15,195.8,58.6,0.14,1.7,205.0
26,40,4,350,0,2.09,1.28,68.3,60.2,0.24,7.8,156.9
24,40,6,350,2,0.52,0.55,197.0,73.2,0.11,0.6,131.4
41,40,1,350,0,3.08,1.18,126.0,65.1,0.39,9.2,85.2
42,40,0,350,1,3.5,0.27,127.6,69.5,2.03,0.5,199.4
21,40,5,350,0,1.36,0.74,47.2,58.8,0.33,8.3,195.7
26,40,4,350,2,1.43,0.46,167.2,61.6,2.0,10.0,222.6
21,40,2,350,2,0.71,1.3,161.7,68.4,0.11,0.7,143.1
43,40,6,350,1,3.3,0.6,157.6,70.7,0.34,0.9,109.6
32,40,6,350,2,0.81,1.38,139.0,67.9,0.35,1.6,111.6
41,40,0,350,0,1.25,0.94,101.4,64.6,0.28,0.9,140.8
40,40,3,350,0,2.87,1.19,100.7,64.8,0.16,2.4,142.1
32,40,6,350,2,2.48,0.82,133.5,72.5,0.18,0.5,93.6
40,40,1,350,0,3.0,1.13,131.3,72.5,0.2,2.8,142.6
32,40,1,350,1,1.53,0.96,89.2,69.4,0.42,2.1,173.0
41,40,2,350,2,1.67,0.55,129.8,67.7,0.29,0.7,159.8
23,40,2,350,0,3.16,1.46,159.4,56.1,0.19,0.6,108.4
45,40,4,350,2,2.29,0.45,153.0,77.1,0.34,1.5,116.2
40,40,2,350,1,2.76,1.05,103.4,69.5,0.21,1.6,150.8
35,40,2,350,0,0.69,1.17,105.9,69.7,0.41,2.1,91.1
42,40,2,350,1,2.24,0.69,142.1,60.4,2.7,0.0,131.6
20,40,0,350,1,3.24,1.31,77.6,64.1,0.24,0.2,131.1
39,40,2,350,0,1.61,0.7,91.1,68.1,0.49,1.5,156.8
31,40,5,350,2,0.77,0.34,126.8,64.7,0.49,0.0,154.6
45,40,6,350,0,1.9,1.25,144.2,65.8,0.25,0.2,198.5
40,40,5,350,2,1.85,1.02,147.3,64.3,0.36,1.2,167.5
33,40,1,350,1,1.1,1.38,194.1,62.8,0.22,0.1,88.8
44,40,6,350,2,0.93,1.11,157.9,71.3,1.19,0.6,218.2
21,40,4,350,1,1.08,0.57,85.2,70.2,0.29,0.6,81.6
32,40,5,350,0,2.28,1.33,198.2,63.1,0.15,2.4,107.0
24,40,6,350,0,3.39,0.96,75.2,58.0,0.36,2.6,111.5
34,40,4,350,1,0.55,0.4,96.4,78.8,0.49,1.6,188.5
29,40,3,350,2,2.33,0.85,97.0,58.7,0.26,0.2,57.7
45,40,6,350,2,1.58,1.26,175.6,73.8,0.36,1.2,113.5
22,40,5,350,0,2.35,0.45,53.1,58.1,0.35,2.2,134.0
32,40,2,350,1,1.19,1.41,103.9,63.8,0.29,0.9,136.5
45,40,5,350,0,3.34,1.05,121.1,67.6,0.18,1.3,99.0
41,40,6,350,0,2.06,0.32,129.0,65.3,0.34,2.7,112.8
41,40,4,350,0,0.92,0.45,91.7,71.9,0.46,0.8,126.8
24,40,3,350,0,1.67,0.58,98.2,61.9,0.43,7.7,155.2
35,40,4,350,2,1.28,0.46,117.1,62.8,0.39,7.4,219.4
27,40,6,350,2,2.21,1.07,121.8,66.7,0.27,2.7,182.5
33,40,4,350,1,1.2,0.46,187.6,65.9,0.16,2.8,175.8
21,40,5,350,0,1.94,0.75,169.0,59.3,0.41,7.5,187.2
21,40,4,350,1,2.39,0.84,163.6,55.4,0.39,2.9,224.2
41,40,1,350,2,2.52,1.04,154.8,72.2,0.25,0.7,134.1
42,40,1,350,2,1.46,1.16,208.2,75.2,0.38,1.4,194.2
33,40,0,350,2,1.0,0.67,127.9,72.1,0.22,1.3,91.6
22,40,6,350,1,1.69,0.86,183.6,60.7,0.17,0.2,103.4
28,40,1,350,2,1.29,0.46,83.8,68.8,0.34,2.2,68.0
25,40,1,350,0,0.99,1.49,100.2,61.8,0.27,1.5,202.9
20,40,2,350,1,3.32,0.98,55.2,49.7,0.21,0.4,173.5
22,40,5,350,2,2.96,1.1,193.6,64.5,0.11,2.8,124.4
30,40,0,350,2,2.15,0.7,168.9,61.6,0.45,9.9,127.2
41,40,2,350,1,3.38,0.39,112.9,65.7,0.47,7.5,141.6
25,40,0,350,2,0.82,0.95,85.8,65.1,0.41,2.2,250.0
23,40,3,350,1,1.48,0.84,108.3,62.9,1.23,0.4,118.2
42,40,6,350,1,0.55,0.63,250.0,68.9,1.63,0.1,250.0
36,40,1,350,0,1.08,1.38,98.3,54.8,0.39,9.0,146.4
21,40,3,350,0,2.69,0.35,250.0,57.8,0.44,0.9,158.4
22,40,2,350,2,2.48,0.7,109.0,67.5,0.25,0.8,157.0
38,40,5,350,2,2.77,0.74,148.6,73.3,0.35,2.0,100.0
45,40,2,350,1,1.81,0.88,150.4,72.1,0.3,2.4,183.1
26,40,2,350,1,2.87,0.77,87.8,61.4,0.23,1.8,143.4
29,40,4,350,0,0.67,1.42,170.2,54.1,0.12,0.4,110.7
38,40,4,350,2,0.6,1.24,133.6,77.3,0.3,9.9,187.6
41,40,2,350,0,3.45,0.78,107.5,66.4,0.24,1.2,98.1
38,40,4,350,1,0.7,1.03,148.5,67.2,0.22,8.9,124.2
32,40,1,350,0,2.04,0.74,90.3,70.1,0.19,1.1,118.2
26,40,2,350,2,1.11,0.26,89.8,64.1,0.27,9.8,152.2
23,40,5,350,1,1.46,0.28,111.5,57.3,0.4,0.7,126.8
35,40,3,350,0,2.89,1.31,113.8,65.6,0.31,0.4,146.0
43,40,3,350,2,1.04,0.85,118.3,71.8,0.25,1.8,150.6
34,40,6,350,1,2.35,1.2,139.9,63.2,0.12,2.6,163.0
37,40,3,350,1,0.58,0.79,140.5,75.8,0.11,0.8,112.2
36,40,6,350,1,1.61,1.13,152.1,66.4,0.33,2.7,119.5
23,40,3,350,2,1.0,1.49,107.8,56.9,0.23,9.6,130.4
25,40,3,350,2,0.95,0.89,105.1,57.5,0.12,1.4,155.0
32,40,0,350,1,3.04,1.31,93.3,64.9,0.5,9.0,148.3
40,40,0,350,2,3.04,1.23,148.3,69.3,0.45,2.1,226.6
30,40,4,350,2,1.59,1.29,109.3,67.7,0.25,2.2,122.8
40,40,3,350,1,0.85,0.35,212.5,65.3,0.37,0.2,110.4
34,40,1,350,1,2.01,1.22,111.3,66.1,2.59,2.6,150.0
32,40,3,350,1,2.36,0.63,104.1,63.3,0.14,0.2,229.5
40,40,5,350,0,2.74,0.72,102.0,61.8,0.11,8.1,124.6
39,40,3,350,2,1.41,1.21,226.7,71.4,0.22,2.4,248.0
27,40,0,350,1,2.85,0.99,94.6,60.4,0.46,1.7,230.0
33,40,2,350,2,2.31,1.35,236.3,70.5,0.16,1.3,107.2
35,40,4,350,2,2.25,0.79,217.1,70.8,0.21,2.0,223.6
34,40,3,350,0,2.35,1.01,100.2,67.5,0.14,0.7,126.4
28,40,3,350,2,1.74,0.44,213.5,73.1,0.21,1.6,109.2
31,40,2,350,1,0.98,0.95,121.8,64.1,0.49,2.9,148.7
26,40,5,350,1,2.47,1.0,100.5,67.9,0.14,1.3,110.0
35,40,4,350,1,1.72,0.42,131.2,63.6,0.33,2.1,105.1
24,40,3,350,2,0.63,1.11,103.3,65.3,0.15,0.1,109.7
31,40,5,350,0,1.68,0.46,92.8,57.1,0.41,1.9,125.0
34,40,3,350,0,3.04,0.37,107.1,64.7,0.11,0.2,123.4
37,40,1,350,1,2.94,0.57,112.2,67.8,0.12,1.3,200.8
40,40,5,350,0,1.8,1.43,121.0,68.7,0.3,0.8,191.2
23,40,0,350,0,0.86,0.88,194.4,62.5,0.46,2.3,121.2
39,40,4,350,0,1.73,0.99,183.9,54.9,0.16,0.5,85.4
24,40,1,350,2,2.5,1.42,106.3,68.2,0.15,0.1,250.0
24,40,0,350,1,2.83,0.97,81.2,74.7,0.44,1.0,81.8
34,40,0,350,0,0.72,1.0,250.0,62.5,0.37,2.4,94.4
27,40,3,350,0,2.57,0.56,71.7,72.0,0.32,2.7,110.8
26,40,2,350,0,2.85,0.73,80.5,62.6,0.36,8.8,250.0
25,40,6,350,1,1.93,1.41,96.5,60.7,0.13,1.8,175.8
41,40,3,350,2,2.99,0.58,250.0,79.0,0.41,0.0,111.0
28,40,2,350,1,3.16,1.35,167.6,61.9,2.75,0.2,172.0
42,40,3,350,0,0.76,1.09,104.9,67.4,0.15,1.4,106.6
40,40,3,350,1,2.46,1.1,130.0,69.2,0.15,0.4,160.4
24,40,5,350,0,3.29,0.79,99.5,56.7,1.32,0.8,154.7
44,40,5,350,2,1.75,1.23,156.7,75.3,1.18,2.3,108.2
40,40,0,350,2,0.92,0.31,132.1,65.1,0.47,1.6,121.2
29,40,0,350,0,3.5,1.07,82.4,64.1,0.12,1.5,144.4
31,40,6,350,2,2.59,0.33,108.6,70.4,0.13,1.6,141.1
42,40,0,350,1,2.07,1.22,137.3,68.1,0.13,1.7,196.7
32,40,4,350,1,0.61,1.48,133.6,67.2,2.63,0.6,132.1
41,40,0,350,1,2.0,1.17,188.8,80.2,0.34,2.0,99.3
34,40,1,350,0,2.13,0.75,90.6,68.7,0.31,2.0,127.8
24,40,4,350,2,1.33,0.51,87.2,70.3,0.11,2.9,94.5
31,40,2,350,0,2.56,1.26,116.1,61.7,0.32,0.1,62.8
23,40,1,350,2,1.64,0.89,82.7,62.2,0.27,2.2,216.6
25,40,0,350,1,0.73,0.7,57.6,62.8,0.2,1.4,126.0
38,40,3,350,1,0.84,0.66,204.9,74.5,0.37,9.0,162.9
39,40,5,350,0,0.91,1.49,118.1,71.2,0.11,2.5,122.6
45,40,2,350,1,2.81,1.4,125.8,65.8,0.34,1.7,189.8
43,40,6,350,0,2.31,0.94,112.2,63.2,0.11,1.9,118.7
28,40,0,350,1,3.05,0.55,178.8,68.8,0.27,2.5,131.8
25,40,4,350,2,2.26,0.68,110.4,66.8,0.4,8.8,159.0
27,40,0,350,2,0.73,0.79,119.0,61.1,0.5,9.4,119.1
29,40,5,350,1,1.83,0.89,122.2,66.5,0.14,0.5,93.8
22,40,3,350,0,1.61,0.88,78.7,57.2,0.37,2.2,250.0
30,40,3,350,1,1.56,0.77,90.0,65.9,0.45,1.6,130.0
45,40,3,350,2,2.93,1.29,250.0,71.6,0.37,1.1,100.2
41,40,4,350,0,0.76,1.14,117.6,67.5,0.27,0.1,175.0
23,40,1,350,2,1.94,0.26,90.8,63.1,0.27,2.2,121.8
45,40,4,350,2,1.47,0.68,170.6,70.8,1.06,2.9,113.4
45,40,0,350,1,1.65,0.69,110.0,69.1,0.27,1.2,224.8
20,40,3,350,2,1.02,0.8,87.3,62.0,0.14,0.9,126.8
37,40,1,350,1,1.44,1.0,216.5,60.5,0.26,3.0,129.9
31,40,6,350,1,3.16,0.94,121.6,63.0,0.2,1.4,95.3
32,40,3,350,2,2.25,1.25,115.5,63.4,0.34,1.2,102.8
23,40,0,350,1,3.44,0.38,87.4,55.9,1.87,0.4,140.0
25,40,1,350,2,2.45,0.64,93.5,57.8,0.41,1.0,91.8
32,40,4,350,1,1.45,1.41,110.6,53.9,0.21,2.2,122.4
21,40,5,350,0,3.29,1.19,82.1,46.0,0.34,2.6,138.7
32,40,0,350,2,0.75,0.69,111.5,71.5,0.38,1.1,243.7
28,40,0,350,2,0.95,1.34,124.5,79.4,0.12,1.0,92.2
32,40,4,350,2,2.45,0.26,234.2,72.7,0.48,0.1,140.6
28,40,6,350,2,1.73,0.49,86.9,70.1,0.39,1.1,200.0
44,40,4,350,1,2.06,1.1,133.1,67.8,0.46,8.3,227.4
21,40,5,350,1,1.08,0.33,190.3,64.8,0.45,1.8,120.8
24,40,6,350,1,2.94,0.96,191.4,56.9,0.24,0.3,106.8
39,40,6,350,0,2.05,0.38,107.7,57.7,0.33,9.1,133.6
33,40,3,350,1,3.09,0.26,102.2,68.4,1.7,0.3,72.8
39,40,1,350,0,1.3,0.67,96.8,59.6,0.48,2.4,250.0
21,40,3,350,0,2.51,0.93,46.2,58.6,0.2,0.4,86.1
29,40,5,350,0,2.79,0.79,237.5,61.1,0.48,2.0,236.8
20,40,2,350,1,0.87,0.39,81.7,61.3,0.12,7.0,125.0
23,40,5,350,2,3.37,1.42,222.6,69.1,0.3,0.6,138.8
30,40,4,350,0,1.15,1.32,98.7,59.3,0.26,0.9,91.0
37,40,5,350,2,0.76,0.56,132.2,76.7,0.22,0.0,120.6
33,40,2,350,0,1.93,0.75,83.9,58.6,0.16,2.3,88.6
38,40,1,350,0,1.02,0.38,117.3,72.9,0.37,0.2,116.2
30,40,6,350,0,2.0,1.07,78.1,61.9,0.34,0.9,128.6
33,40,2,350,1,3.2,0.66,110.0,64.6,0.34,1.7,119.6
38,40,3,350,2,3.35,0.76,120.4,67.3,2.52,2.6,124.7
35,40,4,350,2,0.73,0.95,108.6,76.5,0.37,0.5,144.0
22,40,0,350,0,2.78,1.13,77.8,56.7,0.35,1.9,169.2
42,40,3,350,2,2.18,0.95,136.7,69.9,0.25,2.7,137.4
44,40,4,350,2,2.86,0.6,157.3,74.7,2.21,0.8,179.6
27,40,6,350,2,2.07,1.2,124.2,63.2,0.11,2.5,112.3
45,40,2,350,2,3.44,1.44,143.6,62.9,0.25,2.2,203.8
33,40,4,350,0,0.85,0.68,101.9,65.4,0.2,2.1,110.2
24,40,6,350,2,2.27,1.4,192.3,58.3,0.25,1.5,160.9
20,40,3,350,2,1.41,0.98,99.8,58.9,0.2,1.1,75.6
42,40,3,350,1,2.89,1.43,151.9,68.5,0.27,0.4,146.2
20,40,0,350,1,3.0,1.21,68.7,59.7,0.25,2.9,110.5
45,40,4,350,1,3.1,1.05,140.7,71.3,1.79,2.4,141.0
22,40,4,350,2,1.76,1.05,96.6,64.7,0.39,2.4,150.0
39,40,6,350,0,2.69,0.77,105.7,66.2,0.3,1.0,84.7
39,40,4,350,2,3.35,0.58,135.8,66.0,0.27,0.7,117.6
22,40,1,350,0,2.28,1.08,76.7,65.8,0.24,2.2,217.1
38,40,1,350,1,3.0,1.2,111.1,66.3,0.19,0.5,124.7
37,40,4,350,1,0.54,1.38,205.8,74.4,0.22,9.5,239.6
42,40,3,350,1,2.03,0.67,120.1,66.3,0.28,0.2,219.3
45,40,3,350,0,2.95,1.1,203.1,73.0,0.22,0.9,148.3
20,40,5,350,1,2.98,1.42,214.4,61.6,0.2,2.7,146.4
45,40,0,350,1,1.46,0.56,141.8,73.8,0.31,7.5,152.0
36,40,1,350,2,1.72,1.35,134.0,69.4,1.92,8.4,167.7
39,40,2,350,0,3.49,0.81,121.1,64.4,0.41,0.1,115.7
30,40,2,350,2,1.37,1.18,109.5,58.7,0.37,0.4,69.0
29,40,5,350,2,1.15,0.48,109.2,62.8,0.17,2.5,208.3
21,40,2,350,0,2.98,0.52,62.1,50.4,0.35,0.7,232.5
28,40,6,350,1,0.61,0.98,197.0,66.0,0.32,2.6,216.3
24,40,4,350,2,3.32,0.37,224.8,59.5,0.48,2.5,105.2
34,40,3,350,0,0.85,0.66,202.4,61.8,0.26,0.1,130.0
29,40,2,350,0,2.94,0.6,89.2,71.3,0.46,0.7,118.8
41,40,2,350,2,1.42,0.81,125.7,70.1,0.19,0.3,150.7
26,40,4,350,0,2.14,0.26,109.4,58.7,0.14,1.0,125.0
33,40,3,350,2,2.49,1.37,146.8,71.9,0.16,1.9,102.0
37,40,5,350,2,2.14,0.45,119.4,61.1,0.11,1.7,126.5
21,40,5,350,2,0.65,1.08,92.9,59.0,0.47,0.9,110.8
37,40,4,350,2,0.55,0.83,118.9,69.8,0.26,0.9,90.0
34,40,4,350,0,0.95,0.65,100.6,59.7,0.29,7.7,93.6
26,40,5,350,1,3.06,0.66,82.9,72.0,0.33,0.8,111.6
23,40,4,350,0,3.32,0.62,62.3,61.1,0.49,7.3,116.9
21,40,6,350,1,1.63,0.52,103.9,63.4,0.49,0.8,78.9
25,40,1,350,0,3.11,0.88,84.0,63.2,2.14,0.8,143.9
25,40,2,350,1,2.49,1.35,68.8,64.4,0.24,2.1,127.0
34,40,0,350,1,3.32,1.38,109.0,67.0,2.99,1.3,145.8
37,40,4,350,2,0.8,0.67,116.1,67.6,0.14,7.8,109.7
30,40,6,350,0,1.71,0.9,96.4,58.2,0.13,2.7,79.2
29,40,2,350,0,2.08,1.01,80.3,57.7,0.17,2.5,155.9
37,40,0,350,0,3.23,0.33,67.8,66.5,0.16,1.2,94.5
43,40,5,350,2,1.97,1.34,144.6,64.5,0.37,1.0,153.0
22,40,3,350,1,2.59,0.67,87.9,60.8,0.43,1.1,141.2
43,40,4,350,2,2.22,1.22,143.9,80.0,0.43,1.1,100.9
33,40,2,350,2,0.64,0.92,130.9,67.8,0.28,2.2,179.9
29,40,0,350,1,1.48,0.75,90.6,65.5,0.41,0.8,122.0
24,40,4,350,0,2.7,0.79,168.0,53.2,0.4,2.7,155.4
35,40,0,350,0,0.95,1.25,113.1,65.9,0.28,7.1,212.8
42,40,0,350,1,2.33,1.47,139.9,69.6,0.34,0.0,108.0
36,40,3,350,1,0.59,0.5,183.8,69.7,0.18,1.1,212.2
37,40,6,350,0,1.7,1.2,102.9,60.9,0.4,2.8,207.6
20,40,3,350,2,0.93,0.9,205.7,61.6,0.15,1.4,142.5
33,40,3,350,1,1.03,1.33,191.8,64.3,0.16,2.8,172.4
39,40,4,350,2,1.75,0.28,135.3,78.4,1.72,8.6,145.9
33,40,6,350,2,2.01,1.42,160.2,61.2,0.45,2.7,94.6
38,40,1,350,0,0.91,1.03,90.0,59.7,0.47,1.1,205.0
20,40,5,350,1,1.52,1.22,78.4,54.2,1.43,0.2,139.8
44,40,2,350,0,2.36,0.33,194.1,68.2,0.18,0.4,109.9
33,40,4,350,0,1.51,0.55,117.6,67.8,0.17,1.3,122.5
26,40,0,350,1,2.48,0.85,105.8,61.6,0.29,1.0,107.4
42,40,4,350,2,1.81,0.27,115.4,72.1,1.62,1.3,118.6
34,40,2,350,1,2.65,0.63,99.5,66.4,0.38,0.3,96.0
30,40,3,350,2,2.34,1.31,89.8,58.0,0.42,1.7,125.2
27,40,0,350,2,1.63,0.85,89.3,67.6,1.38,1.1,250.0
24,40,6,350,0,2.79,1.19,112.9,63.0,0.19,9.9,227.6
43,40,4,350,2,1.53,1.05,239.5,63.6,0.18,2.2,224.3
26,40,4,350,1,2.61,0.95,190.1,57.3,1.7,1.5,153.0
26,40,1,350,0,2.93,0.58,213.9,63.0,0.35,1.0,133.2
30,40,2,350,2,1.33,1.14,122.2,73.5,0.44,1.1,181.4
35,40,5,350,0,2.33,0.72,124.5,53.6,0.24,2.1,87.5
25,40,4,350,0,0.6,0.39,171.0,61.7,1.6,0.8,143.5
21,40,1,350,2,2.64,0.62,76.6,61.1,0.16,0.1,100.2
25,40,2,350,1,2.19,1.06,116.7,55.3,0.45,1.3,151.3
39,40,2,350,0,3.17,1.4,97.4,75.9,0.25,8.6,123.4
37,40,0,350,2,3.16,1.2,140.0,71.6,1.88,2.0,166.7
34,40,5,350,0,3.08,0.38,89.6,52.8,1.09,1.3,236.8
45,40,4,350,0,2.89,1.03,131.5,68.2,0.27,2.3,149.6
32,40,6,350,0,1.29,1.23,215.9,65.8,0.25,9.6,173.0
42,40,3,350,1,3.35,1.36,137.5,74.8,0.16,1.6,112.3
38,40,4,350,2,3.15,0.6,135.7,64.9,0.29,0.2,101.0
37,40,2,350,0,2.31,0.75,104.3,55.7,0.48,2.2,137.9
23,40,6,350,1,3.4,1.24,95.9,60.4,0.49,1.4,150.2
35,40,2,350,1,2.24,0.82,123.0,63.6,0.34,2.5,152.5
36,40,2,350,1,2.71,0.79,138.0,68.8,0.17,0.1,119.6
40,40,4,350,1,2.59,0.71,138.7,74.4,0.13,0.2,89.6
43,40,2,350,1,1.53,1.46,116.7,73.3,0.25,0.1,148.3
30,40,6,350,1,1.17,0.54,86.9,62.8,0.19,1.5,122.6
41,40,0,350,2,3.19,1.06,144.2,66.6,0.26,0.2,103.7
30,40,2,350,2,3.23,0.7,114.5,58.1,0.39,1.2,106.2
25,40,6,350,0,1.01,1.42,99.1,58.0,0.19,2.6,101.0
44,40,3,350,0,1.24,0.52,96.2,69.1,0.5,0.2,236.8
20,40,4,350,2,3.07,0.31,89.1,75.1,1.25,2.0,119.6
44,40,4,350,0,0.59,1.45,228.6,73.6,1.84,0.4,182.2
25,40,0,350,1,3.18,1.14,93.9,71.8,0.15,0.6,250.0
41,40,6,350,1,0.9,0.35,153.2,60.8,0.28,0.3,93.6
45,40,3,350,1,2.22,0.77,250.0,61.8,2.31,1.0,170.0
39,40,0,350,0,3.33,0.32,88.4,60.8,0.38,0.1,130.4
44,40,6,350,0,0.73,0.84,131.8,64.1,0.18,0.6,139.4
22,40,6,350,2,3.12,1.47,124.4,62.9,0.26,2.2,186.5
45,40,2,350,1,2.5,1.1,134.6,64.8,2.78,2.4,144.8
42,40,5,350,2,2.47,1.1,174.9,78.4,0.24,8.5,192.8
26,40,4,350,0,2.23,0.78,94.7,57.8,0.48,1.1,144.1
24,40,1,350,1,0.63,1.02,159.4,69.0,0.35,2.7,119.5
38,40,1,350,2,3.2,1.0,133.1,67.2,0.31,2.0,120.6
26,40,0,350,2,3.47,1.27,104.8,67.1,0.44,2.6,207.7
36,40,0,350,1,1.02,1.37,109.0,71.7,0.34,9.1,180.8
37,40,0,350,1,1.7,1.44,192.0,69.3,0.39,1.7,81.4
27,40,0,350,0,1.91,0.81,143.9,50.7,0.44,1.9,97.8
20,40,6,350,1,3.35,0.44,69.6,54.4,0.29,0.6,123.0
20,40,3,350,2,0.88,1.15,84.6,64.3,0.22,1.3,100.8
32,40,2,350,1,3.32,1.11,116.5,55.9,0.43,2.4,82.9
32,40,1,350,0,2.31,1.38,93.0,71.9,2.19,1.4,152.5
28,40,3,350,0,3.0,0.47,68.0,63.4,2.09,1.8,138.0
30,40,4,350,1,2.21,1.18,114.7,75.3,0.47,2.5,104.2
43,40,0,350,0,1.6,0.59,100.4,60.7,0.25,2.4,250.0
26,40,5,350,0,1.71,1.05,88.4,60.1,0.1,0.7,210.2
39,40,4,350,1,2.93,0.97,239.4,72.9,0.39,0.2,208.7
43,40,5,350,0,2.32,0.32,206.3,61.8,0.36,2.5,76.2
43,40,0,350,1,2.12,0.91,202.2,69.5,0.1,0.9,250.0
30,40,4,350,0,2.63,0.78,62.0,55.8,0.47,0.3,149.5
41,40,3,350,2,1.47,1.37,250.0,73.8,0.4,7.4,123.7
45,40,0,350,1,2.05,1.45,141.4,72.1,0.17,8.1,126.7
27,40,5,350,0,2.95,1.06,91.8,62.0,0.2,1.1,160.4
30,40,5,350,1,2.93,0.38,95.8,67.7,0.15,1.2,102.4
41,40,4,350,2,3.43,1.1,153.6,71.6,0.45,2.9,117.6
38,40,2,350,1,3.27,0.46,96.0,67.5,2.84,1.0,146.6
27,40,2,350,2,2.93,0.87,100.7,71.4,2.94,1.9,131.6
26,40,2,350,1,2.84,1.38,100.5,69.3,1.94,0.8,106.9
24,40,1,350,0,3.19,0.9,80.8,58.4,0.32,2.9,123.6
27,40,0,350,1,2.43,0.71,75.0,68.9,2.89,0.7,159.3
35,40,5,350,0,1.79,0.38,108.6,60.5,2.4,1.2,141.2
32,40,4,350,0,2.22,1.4,113.5,57.1,0.37,1.7,219.4
43,40,4,350,0,0.96,0.43,101.0,65.7,0.44,1.8,94.4
37,40,0,350,1,3.46,0.78,207.9,69.3,2.78,2.8,247.2
27,40,0,350,1,1.34,1.3,81.5,56.8,0.47,1.5,179.9
37,40,4,350,1,2.03,0.46,195.7,67.5,0.1,8.6,205.4
27,40,4,350,1,3.45,0.37,167.6,65.1,0.31,0.4,67.6
31,40,6,350,0,2.33,1.1,173.8,62.8,0.22,2.1,133.6
26,40,1,350,0,0.81,1.2,61.5,53.1,2.18,2.5,167.6
41,40,4,350,1,1.85,0.75,123.0,71.5,0.38,2.3,147.2
41,40,2,350,1,1.63,0.64,126.2,64.4,2.51,0.8,233.6
43,40,4,350,1,0.77,0.59,133.4,70.2,0.45,1.0,67.8
41,40,2,350,0,2.16,0.69,193.1,63.4,0.28,0.6,84.9
20,40,5,350,1,3.16,0.7,57.5,53.3,0.1,2.6,219.9
21,40,5,350,1,3.22,1.3,78.6,70.5,0.45,1.9,142.9
45,40,4,350,0,2.37,0.34,209.3,68.2,0.43,2.5,120.4
36,40,0,350,0,1.93,1.48,129.5,54.4,0.3,1.3,90.8
42,40,0,350,1,3.1,0.58,105.2,66.1,0.49,2.8,116.4
22,40,1,350,1,1.04,0.37,81.7,66.6,0.45,1.3,108.0
35,40,2,350,1,2.06,1.05,99.2,77.5,2.0,0.4,133.1
29,40,1,350,2,3.32,0.5,96.7,81.5,0.48,8.4,109.9
34,40,5,350,0,3.07,0.87,101.7,60.4,0.2,2.8,101.1
28,40,6,350,0,2.06,1.28,73.3,60.0,0.21,1.2,94.6
28,40,3,350,1,1.32,0.48,88.3,65.9,0.39,1.2,187.7
25,40,1,350,2,1.3,0.42,87.3,69.5,0.43,0.1,136.7
27,40,4,350,1,0.79,1.11,177.7,54.2,0.43,0.0,92.6
34,40,5,350,2,1.11,0.87,129.9,68.7,0.43,2.1,223.1
20,40,6,350,1,2.52,0.76,86.2,57.5,0.42,1.0,102.7
45,40,2,350,0,1.63,0.27,209.3,65.3,0.24,1.6,127.5
35,40,2,350,1,2.1,0.45,92.9,71.2,0.1,1.3,148.6
44,40,6,350,0,1.69,0.52,118.3,68.1,0.14,2.4,92.7
34,40,6,350,1,1.39,0.68,142.6,64.9,0.46,0.2,197.1
20,40,5,350,0,1.39,0.78,82.2,62.3,0.45,7.1,215.5
33,40,3,350,2,2.57,1.43,189.5,71.5,0.39,0.4,129.2
36,40,1,350,1,1.32,1.42,183.9,71.7,0.11,1.9,70.7
30,40,1,350,2,1.53,1.2,121.9,68.9,0.19,2.3,102.6
28,40,2,350,0,0.74,0.25,62.4,60.1,0.41,0.5,125.2
34,40,4,350,1,2.94,1.47,91.7,61.6,0.33,7.6,113.8
36,40,2,350,1,1.68,0.58,117.3,62.2,0.43,1.1,128.0
24,40,1,350,1,2.11,0.72,82.3,59.3,0.28,1.1,117.0
45,40,0,350,1,0.64,0.56,117.7,74.2,0.15,2.7,121.0
30,40,5,350,0,2.75,1.49,108.9,63.7,0.37,1.1,109.0
45,40,5,350,0,3.35,0.71,109.3,53.8,0.12,2.4,232.0
20,40,3,350,2,0.69,1.02,99.6,70.0,0.46,2.0,128.7
38,40,6,350,1,0.98,1.4,221.8,67.4,0.38,8.3,155.5
35,40,5,350,2,0.91,1.18,114.8,66.4,0.46,2.2,123.0
41,40,4,350,1,2.58,0.46,120.8,72.5,0.21,0.5,108.6
24,40,4,350,2,2.13,0.35,108.4,55.1,0.24,3.0,117.0
40,40,2,350,0,2.92,0.74,103.7,68.3,0.25,1.3,149.5
45,40,1,350,0,2.55,1.02,102.9,59.8,0.34,0.7,161.4
35,40,6,350,2,2.87,0.98,141.2,68.4,0.47,1.2,109.4
41,40,2,350,2,3.2,1.32,153.9,64.4,0.34,1.9,200.2
22,40,5,350,1,1.7,0.92,98.2,52.9,0.18,2.8,95.2
27,40,4,350,1,2.12,1.32,188.5,73.9,0.25,9.2,250.0
22,40,3,350,0,2.81,0.27,82.7,59.2,0.28,2.7,119.8
43,40,6,350,1,0.93,0.84,226.0,82.2,0.36,1.0,102.8
23,40,1,350,2,1.95,1.28,106.2,73.3,0.5,2.1,145.6
24,40,0,350,1,1.37,1.33,93.9,61.7,0.29,1.7,115.3
45,40,3,350,0,2.04,0.98,130.8,69.3,0.29,1.8,120.8
36,40,3,350,1,3.44,1.26,105.0,75.7,0.15,9.9,144.4
22,40,6,350,2,0.98,0.33,110.2,66.2,0.11,0.1,80.2
31,40,3,350,1,3.31,0.86,107.5,62.3,0.4,1.6,157.0
25,40,4,350,0,0.75,1.14,78.2,53.2,0.19,0.2,87.2
43,40,2,350,2,1.35,1.27,145.4,64.9,0.34,7.2,120.0
27,40,3,350,0,2.89,1.31,83.7,64.7,0.15,0.2,128.9
29,40,1,350,1,1.87,0.54,89.7,63.4,0.4,7.6,120.3
37,40,6,350,1,0.92,0.59,125.9,65.5,0.48,8.5,127.6
24,40,4,350,0,2.56,1.37,87.7,65.3,0.32,2.3,189.4
32,40,5,350,1,1.55,0.53,90.6,68.5,2.88,2.2,162.8
26,40,1,350,2,1.62,0.95,176.5,66.4,0.31,2.9,132.6
23,40,2,350,2,1.15,1.01,111.9,67.0,0.28,1.2,130.1
26,40,6,350,1,2.99,1.39,117.8,66.8,0.4,2.9,93.6
41,40,0,350,1,3.06,1.33,121.7,67.8,0.23,1.5,119.7
25,40,2,350,0,3.34,1.14,77.5,60.6,0.17,2.4,95.6
38,40,2,350,1,1.64,0.47,111.0,70.5,0.39,2.2,149.4
24,40,1,350,1,2.74,0.62,84.7,57.2,0.24,2.6,137.8
43,40,3,350,2,3.07,1.22,135.8,71.8,0.17,1.4,84.6
42,40,4,350,0,2.8,0.73,125.1,72.4,2.69,7.4,237.8
29,40,6,350,0,1.59,1.24,77.2,69.0,0.36,0.7,119.4
30,40,3,350,0,2.11,0.39,171.6,59.0,0.3,1.2,103.9
22,40,2,350,2,0.51,0.95,111.6,60.1,0.18,2.6,115.3
24,40,3,350,0,2.54,1.46,95.2,61.6,0.46,2.7,244.8
27,40,4,350,2,1.36,0.43,103.5,72.2,0.16,1.6,117.7
45,40,6,350,0,1.56,1.08,228.4,68.0,0.45,1.0,109.4
34,40,5,350,0,0.62,0.78,109.7,62.3,2.02,0.4,130.1
31,40,3,350,1,1.0,1.11,99.2,61.5,0.41,7.1,188.1
27,40,6,350,0,2.33,0.49,98.4,56.6,0.19,0.9,207.4
42,40,4,350,2,2.1,0.71,157.1,66.4,0.35,0.5,161.2
42,40,5,350,2,2.52,1.16,201.4,77.2,0.24,1.6,131.8
38,40,6,350,2,1.72,1.06,154.2,61.8,0.33,1.5,228.5
43,40,4,350,2,1.52,0.54,122.6,70.3,0.37,2.8,93.2
44,40,0,350,1,2.11,0.3,218.3,77.7,0.44,2.6,250.0
23,40,1,350,0,1.52,0.98,77.9,64.0,0.31,0.7,138.0
25,40,0,350,0,3.12,1.1,241.6,64.3,0.27,1.2,139.2
42,40,4,350,1,1.0,0.42,130.9,68.4,0.27,1.6,199.0
31,40,4,350,1,2.97,0.36,130.9,65.9,0.43,1.8,107.4
36,40,5,350,0,2.09,0.55,189.3,48.7,0.24,2.9,136.4
30,40,0,350,1,2.58,1.44,94.7,58.6,0.22,1.1,96.2
25,40,2,350,2,2.98,1.06,122.7,68.2,0.49,2.1,137.0
31,40,5,350,1,2.67,0.66,89.1,68.0,0.4,0.4,119.7
27,40,6,350,1,0.79,0.95,122.3,53.5,0.26,1.2,101.4
39,40,3,350,2,3.24,0.41,112.3,82.8,0.42,2.1,124.0
28,40,4,350,0,1.2,0.85,93.3,64.6,0.21,0.6,86.0
20,40,6,350,2,1.92,0.74,110.3,60.1,0.23,2.6,148.2
26,40,1,350,0,0.84,0.36,80.8,54.8,0.4,0.1,87.6
41,40,0,350,1,1.16,1.2,135.7,65.5,0.42,1.4,99.9
20,40,4,350,0,3.25,0.44,81.2,57.8,1.23,1.7,166.4
40,40,0,350,0,2.54,0.56,88.7,70.1,0.36,1.1,82.6
44,40,3,350,2,2.67,0.88,142.0,72.6,2.63,1.8,180.6
32,40,0,350,0,0.88,1.38,73.4,56.5,1.73,2.5,116.5
42,40,0,350,2,3.15,0.77,134.8,69.6,0.2,2.0,99.4
31,40,1,350,0,2.71,0.77,81.8,56.1,0.22,0.0,206.6
35,40,1,350,1,1.94,1.27,89.4,70.6,0.35,1.3,157.0
35,40,6,350,2,0.91,0.57,203.3,61.9,0.1,2.0,102.3
44,40,5,350,1,3.3,0.92,147.2,67.5,0.39,1.5,149.6
41,40,0,350,0,0.84,0.45,93.8,71.9,0.19,1.4,74.8
33,40,3,350,1,3.15,0.31,138.5,66.4,0.11,0.3,103.4
24,40,3,350,0,1.61,0.57,67.1,60.0,0.47,0.9,242.7
23,40,1,350,2,1.47,0.5,100.7,73.7,0.48,0.3,131.8
43,40,0,350,1,2.44,1.39,232.5,70.1,0.46,0.8,136.3
29,40,5,350,1,1.07,0.89,123.6,62.2,0.1,3.0,81.6
37,40,3,350,1,2.88,0.4,126.6,64.6,0.41,2.7,250.0
24,40,0,350,1,3.04,0.27,69.6,60.3,0.32,0.9,129.6
30,40,0,350,1,1.66,1.09,250.0,61.7,0.14,2.7,83.4
28,40,2,350,2,3.22,0.85,121.6,72.6,1.37,0.9,194.4
33,40,3,350,0,3.12,1.3,71.9,65.9,0.41,0.6,131.8
27,40,1,350,1,1.56,0.61,170.7,73.5,0.13,1.3,110.8
22,40,4,350,2,2.25,0.87,123.6,69.6,0.19,7.6,124.6
44,40,2,350,1,3.22,1.15,104.3,74.6,0.39,0.4,114.6
35,40,2,350,1,2.94,0.78,95.2,66.2,0.15,2.6,120.2
38,40,1,350,0,2.56,1.49,107.3,60.8,0.42,2.7,123.0
42,40,0,350,0,0.7,0.54,108.9,52.7,0.26,2.8,99.7
36,40,6,350,0,3.08,0.65,107.3,65.7,0.31,0.1,141.4
39,40,6,350,0,1.55,0.93,86.0,64.3,0.27,0.4,195.5
40,40,5,350,2,1.59,0.3,136.4,64.5,0.17,2.5,225.8
31,40,3,350,0,2.78,0.51,190.0,64.6,0.27,1.1,133.5
42,40,2,350,2,2.99,0.5,214.5,66.3,0.18,0.3,163.4
43,40,0,350,1,1.64,0.7,125.6,66.1,0.23,1.1,111.9
21,40,3,350,0,0.68,0.67,159.7,59.3,0.45,2.8,128.8
33,40,3,350,1,1.36,1.34,104.6,66.9,0.41,1.2,136.6
39,40,6,350,0,0.79,0.72,112.3,68.5,1.27,2.7,157.9
30,40,3,350,2,2.06,1.02,126.3,70.0,0.28,0.3,116.2
45,40,3,350,1,3.07,0.8,129.4,75.0,0.43,1.5,154.2
32,40,5,350,2,0.89,1.01,110.9,66.4,0.35,2.2,124.4
42,40,5,350,1,3.43,1.46,142.5,66.1,0.25,0.5,105.0
40,40,3,350,2,1.32,0.46,111.5,65.5,0.37,1.4,111.2
32,40,2,350,0,2.85,0.55,99.5,62.6,0.3,0.1,116.6
37,40,3,350,1,1.52,0.94,100.8,63.3,0.15,1.3,88.9
39,40,1,350,0,1.15,1.34,111.8,64.5,0.1,0.0,101.6
28,40,5,350,0,2.09,0.27,82.1,63.7,0.44,2.3,171.8
33,40,5,350,0,0.94,0.74,100.1,59.9,0.31,2.8,222.6
34,40,2,350,2,3.34,1.35,157.2,66.1,0.49,1.1,92.4
20,40,4,350,2,1.48,1.41,208.1,55.4,0.21,2.8,130.4
28,40,5,350,0,1.79,1.22,81.2,52.6,0.21,0.8,133.8
31,40,0,350,2,0.93,1.25,117.5,72.3,0.19,1.3,103.6
32,40,3,350,1,3.49,1.03,127.8,63.1,0.31,2.3,91.1
22,40,0,350,2,3.37,0.82,96.2,62.2,0.44,2.4,129.2
32,40,3,350,0,1.56,1.07,78.4,66.4,0.18,0.7,60.9
29,40,4,350,1,1.12,1.11,114.2,70.8,0.44,1.3,196.0
26,40,5,350,0,2.88,0.84,55.7,53.3,0.11,0.9,92.9
38,40,0,350,0,1.44,0.35,184.8,65.6,0.25,2.0,117.2
20,40,0,350,2,1.1,1.15,88.1,55.6,0.22,0.9,95.2
29,40,5,350,1,2.14,1.23,106.4,61.4,0.2,1.8,218.8
43,40,1,350,0,3.46,0.89,88.8,71.3,0.11,0.9,181.3
38,40,0,350,1,2.41,1.23,209.5,63.0,0.21,1.5,250.0
23,40,4,350,0,2.29,1.1,176.5,64.6,0.18,1.2,127.2
37,40,4,350,2,1.9,1.21,248.6,70.9,0.12,1.9,88.9
29,40,1,350,2,2.28,0.81,120.3,71.5,0.1,0.2,154.2
20,40,4,350,1,1.59,1.19,80.4,55.9,0.38,0.2,104.0
45,40,4,350,2,2.86,0.29,152.0,71.9,0.24,0.2,95.2
21,40,0,350,1,2.41,0.46,97.6,62.9,0.38,1.5,112.0
22,40,4,350,2,1.99,1.07,90.9,66.4,0.41,1.5,144.9
29,40,0,350,1,2.16,0.42,101.1,69.3,0.48,0.2,133.4
45,40,4,350,1,2.17,0.57,133.5,67.1,0.26,0.4,174.6
26,40,4,350,1,2.46,1.27,125.5,68.3,0.32,0.8,89.9
33,40,3,350,1,2.09,1.47,169.3,71.6,0.47,0.5,144.8
24,40,2,350,2,1.83,0.43,82.3,63.6,0.34,2.1,113.2
37,40,6,350,1,2.17,0.42,136.0,74.8,0.16,2.3,120.0
38,40,2,350,1,2.83,1.29,100.8,61.7,0.13,2.2,187.7
34,40,5,350,0,2.97,0.52,109.5,62.3,0.38,1.7,104.2
31,40,2,350,1,0.6,1.31,178.1,64.8,0.18,0.0,115.8
24,40,2,350,2,2.97,0.89,92.6,61.9,0.27,0.1,67.3
35,40,3,350,1,0.93,1.05,113.1,75.9,0.33,2.5,100.7
21,40,2,350,0,3.15,0.95,62.9,64.3,0.22,2.7,179.8
21,40,2,350,1,2.81,0.46,87.0,59.4,2.37,0.6,129.6
26,40,1,350,0,1.01,0.3,167.0,54.1,0.22,1.7,100.2
28,40,1,350,1,0.85,0.86,92.0,66.1,0.18,8.7,105.7
27,40,5,350,1,1.96,1.16,91.0,62.4,0.24,1.0,95.2
30,40,0,350,1,1.66,0.76,72.6,59.0,1.31,8.6,164.8
24,40,1,350,1,1.03,0.96,88.1,58.0,0.36,2.0,94.2
21,40,4,350,1,1.66,0.81,115.0,58.8,0.12,2.7,108.8
21,40,5,350,0,3.36,0.92,81.8,50.4,0.33,1.2,119.0
45,40,1,350,0,3.39,0.75,97.6,62.8,0.36,7.6,151.7
37,40,3,350,0,2.77,0.66,109.8,58.5,0.22,1.3,200.4
38,40,5,350,0,0.89,0.94,119.7,62.0,0.42,1.5,127.0
21,40,4,350,1,3.04,1.18,192.5,56.7,0.48,2.5,155.5
42,40,4,350,0,3.1,0.9,115.5,64.2,0.38,0.2,152.6
40,40,5,350,1,2.42,1.35,139.6,75.1,0.36,0.3,91.4
40,40,5,350,1,0.72,1.41,146.2,67.5,0.18,1.5,241.4
28,40,3,350,0,3.04,0.49,85.0,63.4,0.31,1.2,176.8
35,40,4,350,2,2.6,0.38,233.4,73.8,0.35,2.6,146.2
25,40,0,350,1,1.23,0.7,167.9,63.8,0.28,1.7,213.7
44,40,0,350,0,0.69,0.65,131.8,66.3,0.33,1.6,125.6
40,40,4,350,1,3.28,1.26,203.6,69.7,0.16,0.9,74.6
36,40,1,350,1,1.63,1.24,115.0,64.9,0.25,2.8,100.1
20,40,5,350,2,1.02,1.32,69.1,54.8,0.21,2.0,121.8
37,40,0,350,0,3.32,0.78,86.6,64.7,1.56,0.0,165.1
44,40,1,350,0,2.33,0.4,111.7,75.2,0.19,0.9,107.8
41,40,4,350,2,0.9,1.43,141.7,64.9,0.12,1.8,59.8
33,40,0,350,1,1.38,1.5,101.8,63.5,0.44,9.3,120.6
23,40,6,350,0,1.17,0.68,51.7,64.9,0.41,2.6,153.6
21,40,6,350,2,1.34,0.45,81.5,73.0,0.28,1.9,119.4
38,40,6,350,1,3.18,1.47,138.4,74.0,0.22,0.2,92.3
28,40,2,350,2,1.72,0.76,108.6,69.6,0.33,0.4,129.0
25,40,4,350,1,2.71,1.03,88.3,64.5,2.77,2.2,182.6
34,40,2,350,1,0.91,0.94,122.7,63.8,0.49,1.4,154.8
33,40,1,350,2,2.04,1.39,133.4,65.0,0.25,0.7,97.2
44,40,2,350,2,1.57,0.51,142.6,73.3,0.33,2.3,102.2
20,40,3,350,2,1.48,0.53,91.0,66.9,0.49,0.3,94.4
37,40,2,350,0,1.95,0.74,89.2,66.5,0.38,2.1,80.0
31,40,5,350,0,1.0,1.17,86.0,67.0,0.32,0.7,143.2
27,40,3,350,1,2.7,0.88,66.9,65.4,0.4,1.4,130.6
45,40,2,350,2,0.92,1.2,136.0,70.1,0.18,1.4,142.7
37,40,1,350,1,2.68,1.35,119.7,65.9,0.35,0.4,88.6
37,40,2,350,2,2.21,0.42,135.1,76.4,0.23,3.0,179.8
32,40,1,350,1,3.34,0.55,82.0,75.3,2.06,0.5,113.4
45,40,3,350,2,2.12,0.36,165.9,78.0,0.17,0.1,126.5
36,40,1,350,0,3.02,1.24,80.7,72.1,0.39,2.5,169.6
33,40,5,350,1,3.27,1.13,123.6,72.8,1.13,0.3,157.4
40,40,5,350,1,1.32,0.48,155.0,64.0,2.19,7.8,217.4
32,40,6,350,2,2.91,0.36,139.4,65.2,0.5,2.8,145.7
24,40,2,350,1,1.25,0.5,157.3,66.0,0.48,1.0,122.7
41,40,3,350,2,3.24,0.8,128.4,72.2,0.25,1.8,196.0
30,40,1,350,2,2.9,1.46,112.0,60.3,0.36,2.1,116.4
23,40,5,350,1,1.31,1.46,185.9,57.8,0.35,2.0,134.2
41,40,5,350,1,1.23,1.27,103.6,64.2,0.43,2.4,211.8
41,40,4,350,1,0.55,0.4,121.9,69.4,0.23,1.9,102.1
37,40,2,350,0,2.6,0.37,196.9,60.2,0.12,2.6,112.7
40,40,3,350,0,3.18,1.41,92.0,62.5,1.06,0.4,141.7
33,40,6,350,1,1.32,0.74,101.8,68.1,0.35,9.0,250.0
22,40,4,350,2,1.93,1.22,124.4,64.2,1.14,1.0,102.2
22,40,6,350,1,1.59,0.28,221.9,60.9,0.4,2.4,119.1
37,40,1,350,0,2.13,0.53,81.6,64.2,0.2,2.0,201.3
25,40,2,350,0,0.9,1.47,104.7,55.4,0.48,0.7,250.0
35,40,5,350,0,0.69,1.24,191.3,61.8,0.3,3.0,103.1
24,40,6,350,0,0.58,0.72,250.0,61.9,0.39,1.7,104.6
26,40,5,350,1,2.26,0.96,88.1,68.3,0.42,0.8,122.0
21,40,5,350,2,3.08,1.03,92.8,62.1,0.16,1.6,107.6
35,40,2,350,0,2.57,0.97,112.9,65.1,0.49,9.5,146.8
22,40,4,350,1,2.67,1.26,99.6,59.0,0.44,2.9,145.2
21,40,0,350,1,0.57,1.28,106.2,60.6,0.47,0.3,226.4
29,40,0,350,2,1.0,1.27,128.4,62.7,0.43,2.7,191.2
39,40,0,350,1,2.71,1.08,218.3,67.3,0.19,1.8,89.0
38,40,3,350,1,0.78,0.75,175.3,67.4,0.38,7.6,198.7
30,40,5,350,0,2.68,0.4,79.9,65.0,0.48,9.3,141.5
20,40,3,350,2,1.15,0.49,166.4,69.1,0.33,9.3,176.4
41,40,3,350,0,1.56,0.89,101.8,69.1,0.38,1.5,82.2
40,40,1,350,2,2.23,1.16,138.9,69.6,0.36,2.5,128.2
23,40,2,350,1,1.67,0.51,71.3,67.0,0.26,8.6,176.3
29,40,2,350,2,2.4,1.08,114.1,63.8,0.5,2.2,239.2
34,40,1,350,2,0.91,0.53,142.3,74.0,0.2,1.2,91.1
31,40,6,350,1,1.02,1.09,224.0,57.8,0.25,0.7,164.0
26,40,5,350,1,3.02,1.21,83.9,64.9,0.28,0.1,203.1
45,40,2,350,2,3.34,0.89,157.8,69.3,0.34,2.6,231.9
39,40,1,350,0,3.14,0.44,198.6,68.1,0.42,2.8,90.3
45,40,6,350,0,3.0,1.23,217.7,71.2,0.34,7.7,122.6
28,40,5,350,0,1.21,0.3,74.2,62.1,0.36,1.7,90.4
29,40,4,350,0,1.56,0.39,90.5,68.5,0.35,2.9,80.8
23,40,4,350,1,2.63,0.43,79.1,64.9,0.32,1.0,154.1
23,40,2,350,0,0.77,1.45,65.4,60.8,0.48,1.5,218.2
42,40,2,350,1,3.29,0.86,145.8,66.4,0.17,2.1,129.5
32,40,0,350,2,2.34,1.48,205.7,62.1,0.32,1.5,150.6
45,40,2,350,1,3.35,1.49,119.6,71.6,0.37,2.6,107.7
22,40,1,350,0,2.59,1.16,140.5,51.5,0.2,1.6,151.0
26,40,0,350,2,3.39,0.38,93.1,65.1,0.17,0.4,130.4
38,40,5,350,2,0.87,1.01,142.4,74.9,0.3,2.5,207.6
45,40,5,350,2,1.53,0.3,126.4,74.7,0.28,2.1,165.8
20,40,6,350,1,1.08,0.45,194.4,63.8,0.22,0.1,235.2
43,40,2,350,2,0.51,0.75,154.3,75.6,0.35,1.0,188.2
41,40,3,350,1,3.14,1.2,231.5,59.9,0.13,2.4,126.0
44,40,6,350,2,3.05,1.23,179.4,72.5,0.47,8.6,138.6
30,40,5,350,2,1.11,0.86,115.6,76.6,0.34,2.8,146.7
28,40,5,350,0,3.26,1.47,101.4,57.5,0.46,0.2,131.2
39,40,3,350,2,3.46,0.8,131.8,74.0,0.11,2.1,116.5
35,40,4,350,2,2.29,0.6,123.6,76.2,0.29,2.7,114.2
36,40,3,350,0,1.38,0.81,107.5,74.8,0.29,0.4,126.8
28,40,1,350,1,2.88,0.63,100.4,60.9,0.15,0.4,112.8
29,40,6,350,2,2.38,1.04,121.0,66.0,0.44,9.1,155.6
23,40,2,350,2,2.81,0.83,109.2,51.5,0.37,1.5,142.0
30,40,3,350,1,2.05,1.25,117.2,59.4,0.49,3.0,249.8
41,40,1,350,0,2.94,0.74,131.2,69.6,0.22,1.3,205.2
34,40,5,350,2,2.65,0.45,231.9,73.3,0.34,9.0,151.3
34,40,6,350,0,1.88,0.48,197.3,56.9,2.44,0.6,145.6
27,40,6,350,0,1.56,0.26,114.7,59.5,0.1,1.0,150.4
27,40,1,350,2,2.6,0.63,106.9,74.2,0.46,1.5,89.6
20,40,1,350,1,0.86,1.46,145.4,62.8,1.96,1.2,138.1
30,40,3,350,1,1.67,0.34,77.5,47.3,0.31,0.1,197.2
20,40,1,350,2,0.52,1.4,104.5,55.9,0.49,8.1,192.1
38,40,4,350,1,0.51,0.94,192.2,65.7,0.28,2.0,122.1
38,40,3,350,2,2.48,1.39,156.4,75.9,0.24,0.4,227.7
27,40,6,350,2,1.38,1.35,110.9,66.6,0.4,1.1,155.2
38,40,5,350,2,3.13,0.94,222.7,73.9,0.32,2.6,126.9
44,40,1,350,1,0.72,1.17,145.4,70.0,0.37,1.7,117.1
32,40,5,350,1,2.83,1.19,113.0,74.9,0.22,0.4,120.9
32,40,0,350,2,3.1,0.31,105.6,72.5,0.46,2.4,113.7
29,40,2,350,2,1.22,1.33,116.2,74.4,0.17,1.0,132.6
22,40,4,350,1,2.61,0.52,98.4,69.0,0.13,0.7,111.0
42,40,4,350,1,3.21,0.94,126.5,80.2,0.22,2.4,99.3
34,40,3,350,1,1.32,1.39,106.6,68.4,0.4,1.6,226.5
20,40,4,350,1,3.38,1.09,87.6,63.5,0.46,1.4,158.4
45,40,2,350,1,2.6,1.02,214.9,66.9,0.25,2.0,133.4
44,40,3,350,2,1.14,1.21,146.6,79.2,0.12,1.1,137.2
42,40,0,350,0,1.35,0.49,122.7,62.7,0.37,2.9,138.5
41,40,0,350,2,2.52,1.07,131.6,66.2,0.24,2.1,129.8
38,40,6,350,2,0.82,0.85,122.8,74.1,1.25,0.3,250.0
37,40,0,350,1,2.76,0.81,118.9,66.8,0.12,0.4,102.4
41,40,1,350,2,0.61,1.14,250.0,82.1,0.37,0.8,186.0
29,40,0,350,2,1.9,0.31,99.2,69.6,0.3,1.1,135.2
30,40,2,350,2,1.93,1.45,177.6,59.0,1.06,0.9,155.9
45,40,6,350,0,3.06,0.6,126.9,62.1,0.19,0.5,127.3
42,40,5,350,0,2.79,1.24,136.8,72.9,0.45,0.9,143.4
32,40,2,350,2,1.25,1.07,122.7,70.3,2.98,0.4,139.4
35,40,1,350,2,2.27,0.71,133.5,70.3,0.26,0.9,122.5
36,40,6,350,1,3.45,1.15,93.3,69.0,0.16,2.3,164.0
35,40,6,350,1,1.13,1.21,115.4,69.1,0.29,1.9,149.6
42,40,3,350,2,3.21,1.12,153.6,70.6,0.31,0.2,95.4
37,40,3,350,1,1.56,0.4,138.6,63.9,0.29,1.4,65.8
34,40,5,350,0,1.71,1.2,90.0,54.4,0.32,0.4,124.3
20,40,0,350,0,1.11,0.25,56.5,51.8,0.37,2.4,98.9
43,40,3,350,1,1.42,0.68,118.1,66.5,0.35,1.7,87.8
20,40,2,350,0,3.05,1.48,84.9,62.0,0.48,0.7,107.8
32,40,0,350,0,3.14,1.47,76.6,66.9,0.36,7.4,140.5
33,40,0,350,1,0.96,1.18,98.1,66.9,2.03,0.3,239.2
30,40,0,350,1,2.94,1.25,109.2,68.6,0.47,0.4,106.8
33,40,3,350,2,2.49,1.11,207.7,66.3,2.33,1.7,159.1
40,40,5,350,1,1.05,0.97,98.4,69.0,0.41,0.3,138.6
37,40,3,350,1,2.85,1.09,118.2,69.2,0.46,0.3,111.2
43,40,2,350,2,2.59,1.25,131.4,69.3,0.46,2.8,111.2
23,40,0,350,2,1.96,0.27,103.3,56.0,0.46,2.8,125.0
44,40,2,350,0,1.84,1.11,94.5,64.0,0.49,2.6,150.8
37,40,5,350,0,0.51,0.75,108.3,68.4,0.4,3.0,191.0
26,40,4,350,2,3.24,0.33,134.3,64.2,0.34,2.3,232.8
27,40,4,350,1,3.06,0.76,174.5,59.2,0.26,2.6,105.2
36,40,3,350,1,3.29,1.04,219.7,60.1,0.29,0.7,104.7
24,40,3,350,2,2.89,1.0,92.2,66.8,1.4,1.0,152.8
30,40,5,350,0,0.66,0.42,97.9,70.7,0.25,2.3,108.3
40,40,6,350,0,2.79,1.3,128.3,69.5,1.67,1.3,232.4
22,40,2,350,0,2.35,1.29,96.5,59.5,0.26,2.4,112.0
29,40,3,350,0,2.87,1.03,202.8,55.0,0.44,2.5,119.8
33,40,5,350,0,1.68,0.5,99.7,56.6,0.13,0.3,129.8
34,40,0,350,2,2.0,0.49,104.4,67.1,0.5,0.4,195.5
43,40,2,350,0,2.5,1.36,126.8,59.9,0.46,8.8,216.0
28,40,4,350,1,3.26,1.38,186.6,61.4,0.29,0.5,86.1
22,40,3,350,0,3.48,0.79,178.3,62.6,0.21,1.8,165.4
21,40,0,350,2,1.85,0.92,80.0,64.9,0.32,2.7,89.0
44,40,3,350,2,1.31,0.54,155.9,74.1,0.23,1.9,92.2
22,40,1,350,1,1.9,1.13,74.7,60.4,0.28,2.0,140.4
28,40,2,350,0,3.17,1.32,82.1,68.7,0.37,1.7,96.8
42,40,1,350,2,2.34,1.36,129.2,71.8,0.11,8.8,140.9
25,40,2,350,1,0.52,0.45,85.3,62.3,0.34,7.9,119.4
34,40,2,350,2,1.91,0.7,108.4,69.8,0.16,1.6,125.4
33,40,3,350,0,3.47,0.42,86.7,68.5,0.33,2.1,140.0
33,40,2,350,1,2.81,0.82,117.4,66.6,0.44,1.8,126.2
45,40,5,350,2,3.4,1.02,127.7,78.0,1.72,0.3,160.8
39,40,5,350,1,1.77,1.42,113.3,71.3,0.15,1.8,109.4
42,40,3,350,2,1.32,1.17,133.9,64.6,0.21,1.2,101.0
27,40,3,350,2,1.27,1.2,100.9,61.2,0.28,2.9,166.0
25,40,4,350,1,1.13,0.58,93.6,66.7,0.38,1.0,181.6
41,40,3,350,2,1.25,0.73,151.7,78.2,0.27,2.7,132.7
27,40,0,350,1,1.71,0.76,172.4,68.7,0.44,2.7,137.6
44,40,0,350,0,2.6,0.45,119.2,68.1,0.28,2.9,115.6
40,40,5,350,2,2.27,0.27,121.6,68.8,0.47,3.0,102.0
23,40,5,350,1,1.63,0.56,101.3,53.9,0.29,0.0,121.6
27,40,4,350,1,1.27,0.72,84.4,61.1,0.37,0.3,73.9
24,40,2,350,2,2.36,1.28,117.3,59.9,0.48,2.3,99.8
29,40,1,350,0,0.65,0.85,67.3,62.0,0.32,1.5,112.8
26,40,3,350,0,3.49,1.35,84.5,57.2,0.19,1.3,150.8
27,40,5,350,2,1.52,1.45,102.7,65.7,0.29,1.2,107.4
35,40,3,350,2,1.64,1.27,143.4,69.1,0.12,1.9,175.8
20,40,5,350,1,1.99,0.83,98.8,61.5,0.32,2.8,135.3
28,40,1,350,1,1.54,0.91,167.3,62.0,1.16,2.3,136.8
24,40,2,350,2,1.02,1.41,120.7,74.9,0.2,1.2,147.9
31,40,3,350,1,3.14,1.41,111.3,63.2,0.32,9.1,173.8
29,40,6,350,2,2.34,1.36,140.7,59.4,0.26,2.0,112.5
43,40,5,350,1,3.03,1.2,137.1,65.6,0.18,1.0,106.6
36,40,3,350,0,3.29,1.04,101.6,69.0,0.5,0.1,149.4
30,40,4,350,1,1.92,1.4,100.4,58.8,0.26,0.9,76.5
37,40,6,350,1,3.5,0.9,141.5,71.3,0.23,0.9,166.7
30,40,2,350,1,1.31,0.33,69.4,67.2,0.39,0.4,175.6
43,40,2,350,2,2.65,1.12,160.1,71.8,1.93,1.8,126.0
23,40,0,350,2,1.97,1.27,168.3,70.4,2.76,1.2,194.6
36,40,2,350,1,0.9,1.01,90.8,67.0,0.23,3.0,234.4
44,40,5,350,1,2.47,1.42,149.0,64.6,2.48,7.4,185.4
38,40,5,350,0,1.88,0.99,220.5,54.8,0.24,9.9,143.6
29,40,3,350,2,1.93,0.5,122.3,60.0,0.34,1.2,114.4
20,40,3,350,1,0.67,1.22,105.4,69.2,1.74,2.7,201.8
28,40,1,350,2,2.65,1.1,105.1,63.4,0.2,0.1,141.2
36,40,4,350,1,2.5,0.61,166.3,68.6,0.4,2.7,127.8
45,40,6,350,0,0.73,0.41,137.8,67.3,0.49,3.0,141.6
30,40,5,350,2,3.0,0.4,112.4,65.6,0.46,0.4,211.2
34,40,5,350,0,1.55,0.41,123.8,56.6,0.35,0.6,176.4
42,40,3,350,2,0.97,0.71,202.9,71.9,0.4,0.0,141.8
30,40,0,350,1,1.41,1.0,169.1,61.2,0.47,0.4,250.0
38,40,1,350,1,3.05,0.78,135.8,65.3,0.16,1.5,146.6
26,40,0,350,0,0.75,1.06,250.0,63.2,0.28,2.1,194.8
29,40,6,350,2,0.61,0.59,139.0,63.0,0.24,2.8,145.4
40,40,1,350,0,1.32,1.27,183.3,64.5,0.24,7.7,121.4
39,40,2,350,1,1.99,0.66,132.0,66.2,0.2,1.7,113.8
22,40,1,350,1,3.1,1.22,90.8,61.0,0.24,2.7,131.4
25,40,6,350,2,2.74,0.44,104.8,70.5,0.34,1.1,156.2
41,40,0,350,2,1.63,0.35,118.3,65.9,0.47,7.2,153.6
40,40,4,350,1,1.36,1.32,147.3,67.1,0.29,2.3,126.1
36,40,1,350,2,1.85,0.31,121.3,62.9,0.11,7.3,166.7
41,40,1,350,0,2.89,0.26,113.7,63.5,0.19,0.0,115.2
39,40,0,350,2,2.64,0.28,139.5,66.3,0.41,2.5,226.4
32,40,6,350,0,1.88,1.28,112.3,55.5,0.46,2.7,130.6
38,40,6,350,1,3.35,0.51,211.5,61.8,0.48,2.5,125.6
28,40,1,350,1,2.42,1.4,114.2,69.8,1.53,0.6,118.0
35,40,1,350,2,1.96,0.85,109.7,74.4,0.38,2.0,134.0
31,40,3,350,1,2.59,1.48,92.9,67.4,2.67,2.3,136.9
35,40,2,350,0,1.32,0.75,121.3,69.3,0.32,0.5,147.2
37,40,1,350,0,2.53,1.09,88.8,56.1,0.43,2.7,121.3
41,40,1,350,2,3.46,0.55,140.6,78.9,0.49,1.4,81.6
42,40,1,350,0,2.27,0.47,105.4,71.7,0.5,2.7,94.2
21,40,1,350,0,1.33,0.72,69.3,58.7,0.45,0.6,156.5
35,40,0,350,0,0.66,1.27,77.2,61.8,0.11,1.4,107.2
45,40,4,350,2,1.99,1.43,147.7,66.5,0.36,1.2,155.5
45,40,2,350,0,1.41,0.56,100.6,65.3,0.46,2.8,144.1
44,40,5,350,2,2.62,0.4,145.9,78.5,0.44,0.8,193.3
25,40,5,350,2,3.17,1.43,127.4,58.1,0.12,3.0,202.0
42,40,6,350,0,2.3,1.11,183.9,63.1,0.48,2.6,232.0
21,40,4,350,0,0.75,0.84,189.7,50.7,0.36,1.5,98.6
20,40,6,350,1,1.14,0.38,215.7,62.7,0.28,7.2,113.8
28,40,1,350,1,2.76,1.32,88.0,66.4,0.17,2.0,128.0
25,40,0,350,0,2.47,0.57,84.4,60.0,0.48,1.8,96.8
21,40,5,350,2,1.24,0.63,118.5,69.6,0.24,2.8,250.0
30,40,4,350,2,0.72,0.55,83.3,55.0,0.19,1.4,146.6
38,40,1,350,1,1.33,0.33,250.0,67.2,0.4,0.5,131.2
38,40,0,350,2,2.83,0.57,138.9,78.8,0.23,1.4,112.8
40,40,6,350,0,3.2,1.21,123.4,62.0,0.39,1.5,238.4
26,40,3,350,1,2.76,1.42,104.5,58.8,0.18,1.2,108.6
34,40,1,350,2,3.31,0.52,227.3,73.6,0.3,0.6,86.9
37,40,6,350,0,1.85,0.91,101.7,63.2,0.3,1.3,137.8
24,40,1,350,1,3.11,0.57,80.3,60.7,0.26,9.7,180.5
44,40,1,350,1,0.97,0.99,128.7,67.0,0.48,0.7,132.4
41,40,2,350,1,0.71,1.37,142.7,68.2,2.52,0.9,168.0
30,40,5,350,1,3.15,0.67,122.8,69.0,0.26,0.4,114.7
37,40,5,350,1,0.62,0.4,127.1,62.7,0.26,0.5,84.8
28,40,4,350,0,1.22,0.46,109.4,55.2,0.25,2.4,101.6
27,40,2,350,1,1.89,1.29,79.1,66.0,0.38,0.3,135.0
27,40,6,350,0,1.27,0.66,89.4,63.4,0.2,0.5,84.2
42,40,2,350,1,2.59,0.57,128.2,73.5,0.39,1.8,123.8
26,40,1,350,1,1.94,1.38,79.4,71.0,0.41,2.8,124.2
27,40,5,350,2,2.55,1.33,111.7,75.9,0.31,2.1,169.9
29,40,2,350,1,0.95,0.44,108.3,57.2,2.74,0.4,174.7
34,40,1,350,0,1.33,0.91,157.9,54.4,0.38,0.1,237.2
42,40,1,350,2,1.17,0.44,132.2,75.2,0.5,2.6,200.7
45,40,6,350,0,2.4,0.61,231.1,69.3,0.18,2.6,123.6
23,40,4,350,1,1.1,0.31,184.1,61.2,0.13,2.0,116.0
27,40,2,350,2,1.89,1.36,111.8,66.0,0.14,0.5,116.6
37,40,0,350,1,0.95,0.65,107.0,64.3,0.32,0.3,97.4
43,40,4,350,0,2.05,0.84,112.7,72.7,0.44,2.8,144.5
36,40,6,350,1,2.08,0.8,91.6,67.0,0.15,0.6,250.0
34,40,6,350,1,0.82,0.43,128.1,67.0,0.17,2.9,129.1
32,40,0,350,2,1.97,1.31,250.0,68.2,0.29,1.7,95.7
44,40,1,350,0,1.78,1.33,116.4,66.7,0.35,1.9,144.3
40,40,6,350,0,1.68,0.41,85.4,60.5,0.47,2.0,137.5
30,40,3,350,2,2.99,0.78,132.4,63.1,0.49,2.9,104.6
42,40,5,350,0,1.64,0.33,123.4,62.8,0.22,1.9,91.0
31,40,1,350,1,1.68,0.62,87.1,60.7,0.17,8.4,115.8
38,40,2,350,0,0.74,0.39,81.0,70.3,0.31,1.5,124.2
28,40,1,350,1,3.46,1.1,83.8,71.5,0.18,1.6,94.5
45,40,2,350,0,2.84,0.78,114.3,72.0,0.46,1.7,158.4
27,40,0,350,0,1.99,1.43,86.2,70.9,0.22,2.8,234.2
22,40,0,350,0,2.3,1.35,145.5,55.7,0.12,0.9,64.0
34,40,3,350,0,1.99,1.34,221.1,59.2,0.37,1.1,83.5
20,40,5,350,1,1.05,0.59,59.1,57.7,0.29,0.1,116.5
33,40,3,350,0,3.04,0.49,74.1,71.9,0.31,2.3,167.4
36,40,2,350,1,1.77,1.46,111.8,64.5,0.15,0.7,197.7
40,40,5,350,2,1.9,0.45,154.7,72.7,0.28,1.6,96.0
21,40,2,350,2,0.76,1.36,193.0,67.7,0.1,1.8,124.4
28,40,1,350,0,1.26,0.43,86.2,66.1,1.38,1.3,97.0
34,40,2,350,1,2.48,0.35,116.6,62.0,0.28,1.2,85.2
28,40,3,350,0,1.22,1.27,71.8,60.4,0.39,1.5,102.0
22,40,6,350,1,2.55,0.93,76.8,57.6,0.18,3.0,184.6
32,40,3,350,0,0.95,1.0,90.9,55.8,0.12,1.8,144.3
23,40,5,350,2,2.4,1.07,171.4,70.6,0.25,3.0,243.4
42,40,2,350,1,2.14,0.93,136.2,72.7,0.12,2.3,109.4
45,40,2,350,1,2.5,0.64,229.2,74.7,0.16,2.6,112.6
24,40,6,350,1,2.36,0.31,99.6,61.6,0.38,1.4,138.4
29,40,2,350,0,0.81,1.3,101.1,57.9,0.34,3.0,134.8
41,40,0,350,1,2.26,0.42,127.8,70.9,0.2,2.0,136.0
41,40,1,350,2,3.05,1.4,119.2,76.3,0.35,0.9,66.7
39,40,2,350,0,1.04,1.02,126.0,64.2,2.3,0.6,141.6
32,40,1,350,0,0.99,0.45,58.3,59.2,0.24,1.0,125.7
33,40,0,350,2,0.59,0.98,105.0,67.2,0.16,0.1,99.6
34,40,4,350,1,3.31,1.01,118.6,69.5,0.11,1.5,91.7
30,40,6,350,0,1.45,1.07,96.8,63.8,0.33,1.3,111.6
21,40,3,350,2,2.2,1.0,84.8,66.5,0.31,2.6,195.4
25,40,0,350,2,1.1,1.36,102.1,68.1,0.31,0.6,83.6
21,40,4,350,1,2.8,1.22,181.7,56.6,0.15,1.9,129.3
25,40,0,350,1,2.52,1.11,76.9,61.1,0.17,0.7,204.2
20,40,1,350,2,0.98,1.28,120.4,64.1,0.33,3.0,110.0
29,40,5,350,2,1.23,0.67,199.2,69.5,0.27,0.5,115.6
36,40,2,350,1,1.95,0.85,94.5,64.1,0.22,1.3,173.0
29,40,6,350,1,1.27,0.76,109.8,63.2,0.24,1.5,98.4
41,40,2,350,2,3.25,1.3,165.2,69.9,0.45,0.7,118.6
29,40,5,350,1,0.65,1.31,89.6,71.1,0.28,8.8,250.0
34,40,5,350,2,2.55,0.92,109.4,61.6,0.13,0.1,126.3
43,40,1,350,1,2.18,1.3,227.8,69.5,0.18,2.3,174.8
34,40,6,350,0,1.36,1.46,124.0,67.6,0.19,1.1,111.6
21,40,0,350,1,3.25,0.25,164.1,59.6,0.1,2.9,97.6
23,40,3,350,1,2.75,0.72,104.9,51.3,0.22,1.5,116.8
29,40,6,350,0,1.31,0.45,86.0,61.9,0.49,0.3,86.9
39,40,0,350,1,1.44,1.2,108.3,67.1,0.29,0.3,100.3
28,40,5,350,0,2.05,0.92,78.5,63.0,0.43,2.2,136.5
38,40,0,350,0,0.68,1.45,94.9,58.8,0.47,0.2,140.8
42,40,0,350,1,1.91,1.48,122.4,78.8,0.48,0.3,98.4
43,40,1,350,2,3.24,0.37,133.1,60.0,0.29,1.8,92.1
33,40,4,350,1,3.48,0.96,90.2,59.3,0.12,0.4,144.1
31,40,0,350,0,2.13,0.38,81.5,61.1,0.32,2.1,116.0
44,40,2,350,1,2.45,1.02,140.9,68.0,2.18,0.7,143.0
35,40,3,350,1,3.46,0.33,103.9,64.6,0.35,1.3,106.2
24,40,4,350,2,3.37,1.02,107.9,68.6,0.23,2.0,119.6
21,40,4,350,1,3.03,0.85,96.4,58.9,0.13,1.8,102.0
36,40,4,350,0,1.38,0.6,109.2,67.8,2.31,0.7,111.4
33,40,3,350,0,3.33,0.42,93.8,62.0,0.22,2.8,128.4
29,40,6,350,1,0.95,0.8,74.3,68.2,0.17,0.4,98.0
40,40,2,350,0,1.0,0.88,115.3,73.6,0.28,0.4,111.3
30,40,1,350,1,2.23,1.14,94.1,67.9,0.2,0.7,91.2
43,40,0,350,0,1.94,1.31,105.7,62.7,0.48,0.7,123.2
28,40,4,350,0,1.83,0.58,85.8,55.4,0.42,2.0,208.1
32,40,0,350,2,0.59,0.27,113.5,66.2,0.34,0.9,120.0
34,40,1,350,1,3.45,0.46,194.8,69.5,0.28,0.2,202.0
43,40,0,350,1,2.44,0.28,111.7,73.2,1.06,8.4,236.0
26,40,3,350,2,0.74,0.48,197.1,66.9,2.31,1.4,125.2
25,40,2,350,0,3.49,0.98,190.7,59.7,0.12,9.3,121.4
27,40,0,350,0,1.03,0.78,85.6,60.5,0.27,1.3,198.6
22,40,5,350,0,1.94,1.18,87.1,55.3,0.31,3.0,120.0
26,40,3,350,2,0.53,1.17,190.0,58.1,0.21,1.9,152.4
35,40,1,350,2,1.28,1.06,104.9,73.7,0.23,2.9,85.5
41,40,2,350,2,2.67,0.37,142.6,69.9,0.32,2.6,145.8
30,40,3,350,0,2.56,1.42,71.9,61.7,0.23,2.3,152.2
42,40,5,350,1,2.41,1.29,131.9,67.7,2.78,0.2,135.7
43,40,1,350,2,0.56,0.34,140.7,71.5,0.36,1.0,111.3
20,40,0,350,1,2.54,1.17,93.3,56.9,0.27,2.2,88.2
31,40,3,350,0,0.94,0.82,102.4,64.2,0.37,2.5,126.5
26,40,4,350,0,3.1,0.37,76.4,59.5,0.3,2.4,250.0
30,40,3,350,1,1.95,0.44,112.2,53.5,0.23,3.0,119.4
44,40,6,350,1,2.07,0.32,250.0,70.0,0.4,0.2,216.9
22,40,6,350,1,2.45,0.96,105.4,57.4,0.17,1.0,136.4
34,40,2,350,2,2.25,0.5,210.2,67.7,0.21,2.4,120.8
40,40,5,350,1,1.72,0.39,130.3,73.0,0.12,1.8,128.8
34,40,4,350,0,2.3,1.33,109.3,60.2,0.21,0.2,74.6
30,40,6,350,2,2.94,0.58,120.7,65.5,0.37,1.7,149.9
24,40,5,350,0,0.65,1.12,70.7,72.4,0.38,1.1,191.0
42,40,4,350,2,2.27,0.56,138.4,72.3,0.17,2.7,124.2
28,40,6,350,0,3.4,0.92,181.4,60.9,0.26,1.8,86.2
35,40,0,350,2,1.76,1.15,112.2,68.2,0.11,0.6,116.8
38,40,4,350,0,0.98,0.44,76.0,62.2,0.46,2.9,154.8
38,40,0,350,1,2.4,0.51,113.0,63.5,1.03,0.4,131.8
44,40,0,350,1,1.86,0.73,137.7,68.8,0.44,0.8,108.7
23,40,5,350,2,2.87,1.37,115.0,60.8,0.38,0.0,65.7
39,40,2,350,0,1.15,0.58,99.3,64.1,0.13,8.3,111.3
24,40,0,350,0,1.16,0.71,60.0,64.1,0.38,0.3,91.8
21,40,2,350,2,1.65,0.49,80.3,51.8,0.24,2.5,111.4
22,40,1,350,0,1.08,1.42,85.0,54.3,0.32,9.2,114.4
29,40,0,350,2,1.0,0.96,99.0,63.0,0.25,1.4,148.5
27,40,0,350,1,2.51,1.4,77.4,61.9,0.4,0.5,127.6
37,40,3,350,1,2.35,1.27,139.8,65.9,0.34,1.2,120.6
45,40,4,350,0,2.07,0.63,119.8,71.8,0.37,0.1,250.0
32,40,3,350,1,1.31,1.27,111.3,68.7,0.32,0.2,82.1
32,40,2,350,2,2.2,0.47,244.4,75.8,0.18,1.5,113.2
25,40,3,350,0,3.17,0.75,76.6,63.8,0.13,1.7,76.1
31,40,0,350,1,3.17,1.34,105.2,62.7,0.38,2.1,104.2
23,40,4,350,0,3.03,0.71,68.2,60.3,0.29,2.3,146.0
23,40,5,350,1,1.29,0.38,91.2,60.7,0.19,1.7,143.9
44,40,0,350,2,1.37,0.73,133.6,77.5,0.2,0.8,80.5
38,40,6,350,1,2.83,1.47,135.1,65.9,0.48,1.3,112.8
31,40,6,350,0,3.16,0.58,74.7,66.5,0.41,2.8,91.6
45,40,4,350,0,2.63,0.63,101.1,74.4,0.16,1.3,185.6
25,40,5,350,0,1.73,1.07,75.6,48.9,0.44,0.5,70.1
35,40,1,350,2,0.72,1.4,178.6,67.1,0.25,8.9,250.0
28,40,6,350,0,1.04,0.59,61.8,55.7,0.36,2.7,137.0
43,40,0,350,2,1.67,0.69,231.7,76.3,0.46,2.7,136.2
28,40,2,350,2,3.35,0.44,122.1,61.9,0.19,1.7,159.7
37,40,0,350,1,1.52,0.33,119.8,67.8,0.48,0.3,106.2
40,40,3,350,2,2.65,1.17,150.9,64.6,0.36,2.6,153.6
26,40,3,350,1,0.88,0.84,98.0,63.1,2.25,2.7,133.0
41,40,1,350,2,3.46,0.56,139.1,71.4,0.32,0.8,118.8
29,40,5,350,1,2.11,0.26,89.8,55.0,0.2,2.9,221.0
34,40,6,350,0,1.05,1.15,111.2,59.1,0.44,0.7,88.6
30,40,1,350,0,2.79,1.35,207.8,62.9,0.14,0.3,97.4
22,40,1,350,1,2.68,0.8,79.6,58.9,0.3,1.1,112.2
40,40,1,350,0,1.78,0.61,94.2,65.8,0.18,2.0,207.7
44,40,1,350,0,2.98,1.08,103.9,57.5,1.87,2.1,154.0
31,40,5,350,0,3.06,1.07,198.0,66.5,0.13,2.4,99.6
31,40,1,350,2,1.11,1.33,118.6,75.9,2.22,2.0,250.0
32,40,4,350,1,1.15,0.97,89.2,57.8,0.27,0.2,125.4
23,40,5,350,0,1.56,0.5,250.0,58.5,0.22,0.2,75.2
30,40,0,350,2,2.79,0.87,120.6,64.1,0.15,2.8,129.0
25,40,0,350,1,2.25,0.56,71.2,62.6,0.41,0.5,100.0
36,40,1,350,1,1.27,0.64,117.0,74.9,0.3,2.6,76.7
20,40,5,350,2,3.35,0.66,92.1,60.5,0.12,9.2,250.0
24,40,0,350,0,0.69,0.34,63.1,56.6,0.15,0.5,135.9
42,40,4,350,0,1.32,1.34,250.0,60.8,1.08,0.0,101.5
45,40,0,350,1,1.59,0.43,131.9,75.3,0.16,1.4,83.5
31,40,1,350,1,0.96,0.79,85.3,66.0,0.5,2.9,114.8
24,40,4,350,1,1.62,1.03,76.2,60.8,0.34,2.1,152.4
36,40,3,350,1,2.82,0.92,97.1,61.7,0.21,2.4,146.0
44,40,3,350,2,1.82,1.19,139.9,67.3,0.43,1.3,80.7
40,40,4,350,2,2.74,1.28,134.4,70.7,0.18,1.2,93.3
26,40,1,350,0,1.24,0.61,69.7,67.2,0.45,0.3,128.3
24,40,1,350,2,1.48,1.36,86.4,63.2,0.27,1.2,121.4
38,40,4,350,2,1.44,1.07,120.5,78.4,0.23,8.7,250.0
39,40,0,350,1,0.99,1.46,113.2,70.0,0.29,0.1,216.3
31,40,5,350,1,2.62,1.49,244.0,72.5,0.33,2.4,113.4
30,40,0,350,2,1.64,1.22,211.6,53.5,0.4,2.2,133.3
33,40,0,350,2,2.24,0.75,100.1,68.3,0.15,1.5,143.1
27,40,3,350,2,1.02,1.05,119.6,68.1,0.46,2.5,100.6
42,40,0,350,1,0.82,0.44,135.6,67.1,0.4,1.7,133.8
20,40,6,350,0,1.27,1.09,84.9,56.8,0.14,1.7,108.4
41,40,2,350,2,0.9,1.39,121.8,80.1,0.16,2.3,138.9
30,40,1,350,2,0.79,1.18,100.4,65.5,0.32,1.9,105.2
35,40,2,350,0,1.71,1.05,128.4,65.9,0.32,2.4,94.2
30,40,0,350,1,3.3,0.53,93.8,58.8,1.84,7.1,128.8
25,40,1,350,0,2.63,1.27,81.0,67.5,0.11,1.8,92.6
20,40,3,350,1,0.76,0.96,76.4,63.8,0.48,2.7,158.8
26,40,3,350,0,1.86,0.69,84.6,63.6,0.2,1.6,126.0
38,40,2,350,1,0.81,0.66,142.2,72.7,0.2,2.0,99.2
37,40,5,350,0,0.86,1.19,117.4,59.0,0.17,7.1,161.8
31,40,3,350,0,0.85,0.61,89.2,65.7,0.41,0.7,190.0
44,40,4,350,0,1.49,1.46,134.4,76.2,0.33,2.5,137.2
36,40,1,350,0,2.84,0.4,181.4,66.1,0.18,9.2,164.6
42,40,6,350,0,1.57,0.36,123.5,62.9,0.11,0.4,210.0
43,40,0,350,1,1.87,0.48,129.7,68.7,0.43,9.1,140.3
26,40,5,350,1,3.41,0.9,207.0,71.7,2.88,1.3,178.8
20,40,0,350,1,1.8,1.14,102.0,56.7,2.38,0.3,136.4
37,40,4,350,2,0.57,0.73,131.0,70.2,0.5,1.2,121.6
45,40,4,350,0,2.44,0.66,99.6,71.8,0.26,2.5,133.8
39,40,3,350,0,2.36,0.67,109.9,72.5,0.12,1.7,140.0
42,40,1,350,2,0.51,1.15,121.2,59.3,0.41,0.9,95.4
32,40,2,350,2,3.18,0.87,132.3,64.8,0.33,1.5,106.3
21,40,3,350,0,1.31,0.86,86.1,56.9,0.29,0.3,80.6
33,40,3,350,0,1.57,1.18,96.1,60.6,0.43,3.0,109.6
26,40,0,350,1,2.59,1.43,75.2,64.1,0.37,2.1,79.7
32,40,1,350,1,2.74,0.53,92.7,67.6,0.27,2.9,110.6
25,40,6,350,0,2.12,0.94,66.8,55.4,2.74,8.5,188.0
29,40,2,350,2,1.07,0.93,96.4,70.2,0.49,1.5,116.0
43,40,4,350,1,1.39,0.41,117.1,81.8,0.21,8.9,187.6
40,40,2,350,1,0.9,1.3,103.4,65.9,0.16,1.0,119.8
42,40,5,350,2,0.62,1.46,153.3,78.9,0.29,1.2,90.4
32,40,2,350,2,2.72,0.6,113.9,67.1,1.77,0.2,98.8
33,40,1,350,0,3.18,1.01,81.8,59.5,0.24,2.1,123.4
22,40,4,350,1,2.79,0.99,71.5,62.3,0.28,2.8,174.6
37,40,4,350,1,2.37,1.34,112.5,69.5,0.31,0.6,134.0
23,40,1,350,0,2.06,1.46,160.6,57.5,0.4,1.6,120.7
37,40,1,350,2,1.75,1.17,127.3,71.6,0.34,0.1,151.4
35,40,4,350,1,3.1,1.27,109.1,69.8,0.27,1.6,105.6
25,40,4,350,1,1.81,0.49,145.9,61.3,0.25,1.8,63.4
34,40,6,350,0,2.86,0.82,96.0,72.0,0.44,0.2,168.5
29,40,0,350,0,2.74,0.61,53.3,52.5,0.45,1.7,121.4
29,40,1,350,0,2.91,0.8,161.2,57.3,0.16,2.5,120.0
21,40,6,350,2,0.82,0.84,108.7,62.6,0.2,1.7,104.4
40,40,1,350,0,3.08,0.69,108.8,70.3,0.46,1.3,220.3
32,40,1,350,2,2.89,0.57,95.4,65.6,0.18,1.5,138.4
34,40,5,350,0,1.63,1.17,208.8,67.8,0.36,2.7,216.4
38,40,5,350,1,0.64,0.95,130.5,74.2,0.46,2.0,86.6
41,40,4,350,1,2.58,1.26,201.5,61.9,0.12,2.0,140.0
31,40,1,350,0,1.81,1.43,72.7,56.7,2.52,0.8,143.0
36,40,6,350,2,2.03,0.68,131.2,56.2,0.25,2.6,137.8
31,40,2,350,2,1.61,1.2,102.4,62.8,0.26,1.3,234.0
36,40,5,350,2,2.24,0.78,124.9,71.2,0.29,0.2,119.0
29,40,2,350,1,1.35,0.42,225.6,74.4,0.36,0.7,82.1
33,40,1,350,1,3.32,1.17,114.0,68.4,0.24,9.8,147.8
20,40,3,350,1,1.48,0.57,74.2,64.4,0.15,1.0,143.2
29,40,3,350,2,1.82,0.98,109.9,63.1,0.14,0.1,125.6
44,40,1,350,1,1.23,1.42,137.4,66.5,0.44,1.2,107.5
38,40,4,350,0,3.26,0.84,123.2,61.1,0.18,2.2,214.4
31,40,2,350,1,1.13,0.57,96.7,63.4,0.34,0.8,136.2
32,40,3,350,2,0.62,1.47,204.0,67.3,0.32,2.6,198.6
43,40,4,350,0,2.68,1.31,128.3,67.2,0.33,1.5,134.3
27,40,3,350,2,0.73,1.26,184.7,69.2,0.35,0.1,135.4
24,40,6,350,1,3.06,0.49,124.1,66.2,0.48,1.9,183.6
42,40,4,350,0,2.64,1.01,129.8,77.2,0.1,1.2,115.3
24,40,2,350,1,3.44,0.71,169.8,56.2,0.41,0.6,179.8
32,40,3,350,2,3.14,1.48,109.6,60.8,1.47,2.3,133.0
22,40,0,350,1,3.27,0.54,171.5,50.5,0.32,0.8,102.8
22,40,5,350,2,1.69,0.97,102.9,65.3,0.42,2.4,188.5
25,40,0,350,0,3.25,1.08,95.2,72.7,0.3,0.9,137.5
43,40,1,350,0,1.88,1.18,173.8,64.7,0.3,0.0,120.3
44,40,3,350,2,0.55,0.89,129.8,77.8,0.4,9.8,160.8
32,40,3,350,0,0.9,0.32,115.8,60.5,0.26,1.8,245.9
40,40,0,350,1,2.38,1.29,120.5,61.4,0.41,2.9,83.1
40,40,1,350,2,0.71,0.49,235.7,64.3,0.16,2.5,151.2
32,40,2,350,0,2.28,0.27,66.8,54.6,0.27,1.1,93.3
34,40,1,350,2,1.24,1.03,140.0,63.6,1.43,1.5,128.5
32,40,3,350,0,2.56,1.08,85.4,61.8,0.38,0.2,129.1
27,40,1,350,0,2.89,1.39,101.8,66.6,0.16,2.8,155.7
42,40,3,350,1,1.81,0.47,122.7,70.7,1.55,2.2,149.8
43,40,4,350,2,1.12,1.37,143.5,70.6,2.62,1.2,133.1
43,40,6,350,0,1.82,0.61,118.8,60.9,0.4,2.9,94.0
21,40,1,350,2,3.22,1.45,89.6,70.1,0.11,2.0,137.2
22,40,4,350,0,1.09,1.09,77.8,63.6,0.44,0.5,140.0
38,40,3,350,0,3.36,0.9,128.6,59.6,1.9,1.4,139.8
30,40,3,350,1,1.48,1.25,131.6,64.6,0.15,1.0,117.2
31,40,1,350,0,2.02,1.31,106.4,64.6,0.32,7.5,250.0
31,40,0,350,1,2.29,0.98,111.4,73.5,0.34,2.1,193.2
44,40,4,350,1,3.4,0.38,231.9,61.0,1.57,0.8,103.4
20,40,0,350,2,2.76,1.36,180.8,62.7,0.11,0.1,147.7
20,40,0,350,1,2.75,1.45,77.0,54.8,0.44,0.6,106.4
44,40,5,350,1,3.3,0.7,145.7,75.7,0.31,2.6,108.2
26,40,6,350,0,3.36,0.78,97.7,57.2,1.73,0.0,98.2
34,40,2,350,0,1.39,1.32,94.5,58.2,0.2,0.4,87.4
25,40,2,350,0,3.12,1.1,72.3,70.5,0.41,1.0,92.4
20,40,5,350,1,2.94,0.53,83.0,65.1,0.26,2.4,112.8
38,40,0,350,0,1.1,0.76,82.7,65.5,1.55,2.3,202.4
39,40,0,350,0,0.6,0.8,100.5,70.6,0.47,0.3,115.4
45,40,5,350,2,2.9,1.14,171.1,71.5,0.42,0.3,144.6
20,40,3,350,2,2.27,1.22,107.3,70.0,0.26,2.6,80.2
37,40,1,350,1,2.14,0.87,137.2,75.6,0.25,2.1,151.1
20,40,6,350,0,2.22,0.61,67.2,56.5,0.3,1.4,220.7
41,40,1,350,2,1.6,0.81,140.0,69.7,0.48,1.4,135.1
28,40,2,350,2,1.43,1.47,211.3,67.5,2.36,1.4,250.0
37,40,3,350,2,2.51,1.48,123.0,76.2,0.45,1.5,112.5
21,40,0,350,1,3.05,1.23,230.0,46.6,0.23,0.1,140.7
36,40,1,350,0,2.48,0.42,100.5,72.0,0.27,0.5,143.1
38,40,2,350,2,0.58,0.3,136.9,78.4,0.14,0.3,115.2
38,40,3,350,1,2.12,0.44,137.3,61.7,0.45,0.6,85.9
23,40,1,350,2,1.82,0.85,112.0,69.9,0.27,1.7,92.3
33,40,2,350,0,0.94,1.25,77.1,64.4,0.45,0.4,126.6
26,40,2,350,1,1.1,1.2,82.3,63.8,0.48,1.3,227.2
24,40,2,350,2,3.46,1.18,118.4,61.0,0.24,1.4,197.2
35,40,2,350,2,2.73,0.86,215.4,69.8,2.13,0.9,117.8
30,40,2,350,1,0.88,0.92,188.7,73.7,0.2,0.9,97.4
25,40,2,350,1,3.29,0.97,82.7,67.7,0.41,2.4,93.3
31,40,0,350,0,1.46,0.34,91.2,67.3,0.46,0.6,146.8
20,40,1,350,0,2.92,0.33,78.7,54.0,0.22,0.8,134.8
44,40,5,350,1,2.29,0.7,137.8,67.8,0.2,2.2,133.8
31,40,2,350,1,2.29,1.43,128.7,59.2,0.29,0.2,50.8
41,40,4,350,0,2.77,1.14,123.1,72.2,0.31,8.1,98.4
21,40,3,350,0,2.3,1.27,45.8,47.9,0.32,0.6,63.3
21,40,1,350,0,1.23,1.32,65.4,56.1,0.27,2.8,162.4
20,40,1,350,0,0.57,0.39,56.4,56.6,0.15,1.4,112.6
20,40,6,350,1,2.93,0.88,148.5,64.1,0.46,0.7,112.8
28,40,1,350,2,0.84,0.44,105.4,58.6,0.11,2.2,100.6
44,40,0,350,0,1.35,0.48,103.5,74.7,0.39,0.7,108.2
28,40,2,350,0,3.2,0.28,91.2,59.3,0.13,8.2,139.4
23,40,3,350,2,2.97,1.31,99.9,56.1,0.47,1.5,107.9
34,40,3,350,0,3.2,0.69,108.7,64.6,0.2,1.5,101.2
23,40,0,350,1,0.85,1.47,95.6,60.8,0.36,1.2,133.3
23,40,5,350,1,1.99,0.74,93.0,60.8,0.49,1.5,119.7
39,40,5,350,2,1.71,0.32,123.7,65.8,0.21,0.5,116.2
25,40,6,350,2,3.04,0.52,107.1,64.2,0.18,8.6,137.7
42,40,6,350,0,2.63,0.32,111.3,61.3,0.26,0.5,119.2
22,40,3,350,1,3.26,1.17,104.9,64.7,1.84,0.2,155.2
21,40,5,350,2,1.16,0.95,113.6,65.4,0.43,2.5,99.3
45,40,0,350,1,2.5,0.99,126.9,69.2,0.12,1.4,100.8
22,40,0,350,2,2.53,1.31,84.1,68.5,0.12,2.7,116.6
27,40,4,350,1,1.35,1.04,94.1,63.1,0.25,1.1,89.2
34,40,6,350,0,2.26,0.71,105.3,68.9,2.71,2.7,151.4
20,40,3,350,1,2.44,1.19,81.6,64.4,0.34,1.1,126.2
41,40,0,350,0,1.72,1.11,101.3,64.9,0.26,1.6,134.7
25,40,5,350,1,1.34,1.44,117.2,59.9,0.19,3.0,250.0
38,40,2,350,1,0.63,0.44,125.2,71.1,0.46,1.3,146.6
40,40,6,350,2,0.62,1.1,250.0,76.9,0.43,2.9,109.7
45,40,2,350,1,1.64,0.59,135.1,70.6,0.43,2.5,206.8
30,40,0,350,1,3.32,1.04,93.1,61.4,0.4,0.3,126.2
40,40,3,350,1,0.66,1.25,191.6,76.3,0.23,0.6,135.5
28,40,4,350,2,2.57,1.13,119.1,74.5,0.2,0.9,135.6
37,40,4,350,2,0.78,1.05,130.0,62.5,0.36,1.7,240.8
38,40,1,350,0,1.51,0.85,129.4,70.5,0.37,1.2,156.2
42,40,1,350,0,3.11,0.68,229.4,70.5,0.46,1.9,128.2
38,40,1,350,2,2.72,0.52,146.5,77.9,0.15,0.6,51.1
28,40,6,350,2,1.21,0.92,114.7,60.0,0.31,2.9,103.8
24,40,0,350,0,2.83,0.32,46.7,55.3,0.11,1.2,250.0
26,40,6,350,2,1.42,0.98,89.0,67.3,0.45,2.6,145.5
43,40,4,350,0,3.41,1.35,248.9,67.0,0.39,1.7,131.3
44,40,6,350,0,1.38,1.22,129.7,69.4,0.37,0.0,85.4
39,40,3,350,1,2.75,0.37,119.5,70.7,0.31,1.2,107.4
26,40,3,350,1,0.73,1.02,79.9,65.3,0.49,1.1,113.8
32,40,6,350,1,1.53,1.27,98.6,65.2,0.5,2.8,122.4
42,40,4,350,1,2.66,0.62,102.6,67.2,0.39,2.3,175.6
34,40,0,350,0,2.84,0.69,105.1,68.6,0.14,7.1,193.5
20,40,1,350,0,2.24,1.12,161.7,58.9,0.42,0.8,61.4
38,40,2,350,0,1.56,0.32,166.6,67.3,0.13,0.2,105.0
27,40,0,350,0,2.07,0.4,52.3,56.7,0.44,1.1,80.4
39,40,4,350,0,2.72,0.95,102.4,73.4,0.44,1.4,112.0
22,40,1,350,2,2.24,0.44,69.9,66.8,2.11,0.4,148.0
21,40,1,350,2,2.81,1.1,100.5,62.1,0.2,0.2,117.3
36,40,2,350,2,1.11,1.04,115.0,62.8,0.23,0.5,132.6
23,40,4,350,2,2.29,0.61,113.6,67.4,0.36,7.1,161.8
30,40,4,350,2,0.68,1.19,127.4,66.8,0.32,2.9,152.6
31,40,4,350,2,2.69,1.16,131.5,60.3,0.21,2.5,190.2
32,40,6,350,2,2.52,0.28,137.6,69.5,0.44,1.5,144.2
25,40,5,350,2,1.13,1.22,178.3,72.1,0.28,1.7,111.0
30,40,1,350,1,2.14,1.34,132.3,67.3,0.28,7.5,123.8
32,40,3,350,0,3.31,1.3,100.8,54.1,0.26,2.9,133.5
37,40,0,350,0,1.02,1.28,93.3,61.4,0.15,2.4,125.8
34,40,3,350,2,2.35,1.21,119.4,64.8,0.18,2.2,106.6
30,40,5,350,0,2.1,0.74,115.2,56.9,0.45,0.1,133.5
27,40,0,350,2,0.68,0.84,96.2,73.6,0.14,2.0,106.3
37,40,6,350,1,2.97,1.13,126.4,60.6,0.37,2.7,152.0
26,40,0,350,0,1.01,1.31,97.2,58.8,0.13,1.9,92.9
44,40,6,350,1,0.86,1.38,137.0,70.0,0.1,1.9,128.4
25,40,1,350,1,2.57,0.29,84.3,65.3,1.44,1.2,138.7
28,40,6,350,2,1.87,0.73,120.2,66.5,0.29,1.2,155.4
37,40,3,350,0,2.03,1.43,112.9,65.8,0.32,2.8,96.5
43,40,0,350,1,1.78,0.71,146.8,64.2,0.14,0.7,138.8
27,40,0,350,0,0.88,0.96,81.9,64.8,0.34,1.7,97.2
31,40,3,350,2,2.14,0.78,134.3,75.9,0.47,7.7,115.7
25,40,4,350,2,3.17,0.81,86.2,66.5,0.33,9.4,138.6
30,40,2,350,0,2.36,0.94,81.7,69.3,0.13,1.8,81.4
20,40,2,350,1,2.58,0.62,100.8,61.6,0.28,1.9,105.2
28,40,6,350,0,1.24,0.97,73.2,71.3,0.36,8.2,175.4
22,40,3,350,1,1.06,1.42,94.3,53.6,0.3,2.1,173.5
37,40,6,350,1,0.91,0.87,141.3,72.0,0.19,2.7,145.4
42,40,4,350,2,2.89,1.29,161.7,72.6,0.43,1.1,105.7
29,40,1,350,2,0.93,0.75,133.1,69.1,0.48,0.6,83.1
36,40,4,350,0,0.57,1.1,95.4,65.8,0.22,1.5,95.2
29,40,0,350,1,3.13,0.84,73.8,61.1,2.67,2.0,153.4
26,40,2,350,1,1.8,0.37,86.7,59.3,0.2,1.4,140.9
22,40,6,350,2,2.41,0.46,106.3,64.3,0.1,2.3,122.6
40,40,3,350,2,0.86,0.42,133.0,74.4,2.53,0.0,161.2
43,40,4,350,1,2.41,0.27,113.1,76.2,0.47,0.0,134.2
45,40,5,350,0,0.85,0.89,123.3,75.7,0.11,1.4,80.8
43,40,0,350,0,1.81,0.68,127.2,80.1,1.62,1.0,140.1
30,40,3,350,0,0.97,1.4,74.2,50.2,0.41,9.0,250.0
32,40,5,350,0,0.88,0.26,112.3,71.9,0.26,0.1,202.0
45,40,1,350,0,3.12,1.44,221.9,72.4,2.58,1.1,250.0
37,40,0,350,0,1.15,0.79,197.8,62.9,0.22,2.0,118.4
25,40,6,350,2,2.85,0.36,250.0,70.1,2.03,0.4,152.6
27,40,6,350,1,1.57,0.97,108.1,58.7,0.36,0.9,63.0
40,40,1,350,1,0.99,0.84,120.8,66.3,0.13,0.9,159.9
26,40,1,350,0,0.53,1.11,54.4,57.1,0.49,2.1,111.9
43,40,3,350,2,2.24,0.63,154.8,66.4,0.31,0.8,103.2
24,40,2,350,2,1.33,0.71,97.2,63.1,0.23,0.4,101.9
34,40,6,350,0,2.22,0.57,95.8,68.4,0.37,2.9,155.4
36,40,1,350,0,3.27,0.3,97.0,58.2,0.11,2.5,129.6
43,40,3,350,1,2.8,0.4,139.7,68.7,0.13,1.4,128.4
42,40,4,350,1,2.12,1.46,119.2,73.9,0.15,1.6,126.4
23,40,6,350,2,1.57,0.43,121.6,68.6,0.36,0.3,130.2
38,40,1,350,0,1.02,0.34,118.6,67.0,0.13,2.1,163.3
35,40,2,350,1,2.32,0.51,123.7,69.1,0.32,1.4,124.7
45,40,2,350,2,2.67,0.92,154.0,83.0,0.39,2.9,238.4
27,40,6,350,2,0.89,1.1,115.0,62.6,0.24,1.8,131.3
39,40,3,350,1,2.8,0.94,222.4,61.4,0.21,1.9,106.8
36,40,5,350,1,2.34,0.76,121.4,71.4,0.36,8.5,155.2
37,40,2,350,1,1.35,0.71,97.0,69.4,0.13,2.0,195.5
40,40,2,350,0,0.94,0.82,120.0,65.6,0.4,2.0,78.2
27,40,2,350,2,2.17,1.17,186.6,53.5,0.22,0.6,138.9
23,40,3,350,0,0.89,1.04,65.2,55.1,0.19,8.8,150.4
44,40,0,350,1,0.92,0.83,133.5,70.5,0.11,8.7,142.1
39,40,5,350,1,1.41,1.13,116.7,65.3,0.26,2.4,209.3
30,40,0,350,2,2.23,0.73,110.0,63.9,0.2,0.7,141.8
23,40,3,350,0,1.35,1.47,197.0,61.9,0.42,0.9,98.6
44,40,5,350,1,3.41,0.57,136.3,72.4,0.21,0.8,153.8
27,40,5,350,1,2.69,0.54,89.1,62.2,0.39,2.2,105.0
38,40,4,350,2,2.56,0.55,147.8,76.7,0.37,2.6,139.2
23,40,3,350,2,1.37,0.33,91.4,62.5,0.38,1.9,148.0
28,40,4,350,2,2.27,1.42,124.6,69.0,0.2,8.1,125.6
37,40,5,350,2,0.82,1.2,135.6,67.1,0.26,2.8,137.1
23,40,6,350,1,0.7,0.34,94.3,50.0,0.34,0.7,234.6
38,40,2,350,0,0.87,1.12,123.4,72.1,0.24,1.2,88.9
34,40,4,350,1,0.6,1.01,227.0,64.9,0.39,1.2,183.0
33,40,1,350,1,2.89,0.67,81.1,59.9,0.45,0.7,102.2
44,40,3,350,2,3.2,0.97,173.0,74.8,0.26,1.1,106.6
22,40,6,350,2,1.0,0.35,93.0,62.3,0.17,1.3,125.5
31,40,0,350,1,2.5,0.63,98.8,66.4,0.38,0.0,195.5
43,40,0,350,1,0.73,1.28,118.4,73.8,0.22,2.4,95.1
38,40,5,350,0,1.94,0.64,189.8,73.3,0.11,7.3,129.2
28,40,0,350,0,0.94,0.94,83.4,53.4,0.49,0.4,84.4
28,40,5,350,0,2.39,1.47,102.0,66.2,0.28,2.9,100.4
25,40,1,350,2,2.75,0.87,75.6,67.6,0.23,2.1,131.6
23,40,6,350,2,0.54,0.29,86.0,64.5,0.18,0.4,139.4
39,40,2,350,1,2.31,0.49,120.8,74.0,0.21,1.6,136.8
39,40,1,350,1,0.72,0.76,135.3,65.5,0.14,0.8,99.5
33,40,4,350,2,2.76,0.37,128.1,73.3,0.38,1.0,113.8
32,40,0,350,2,2.45,1.4,94.6,71.2,0.3,0.7,133.0
20,40,6,350,2,2.09,0.81,104.6,62.7,0.48,2.4,103.3
33,40,5,350,1,1.68,0.83,126.1,61.5,0.31,1.0,115.8
29,40,0,350,2,1.89,0.93,87.7,64.5,0.36,2.1,125.2
34,40,6,350,1,1.61,0.72,107.7,70.9,0.19,1.7,135.8
37,40,6,350,1,1.28,0.84,112.4,68.3,0.41,0.4,142.9
37,40,0,350,1,1.51,0.28,127.0,61.3,0.11,1.0,99.0
28,40,4,350,2,2.25,0.66,135.3,63.0,0.31,2.7,115.2
24,40,2,350,2,1.93,0.85,93.8,63.9,0.3,1.2,109.9
41,40,1,350,0,1.07,1.15,101.1,70.3,0.12,1.5,154.0
32,40,3,350,1,1.77,0.85,101.2,57.2,0.5,2.0,116.6
40,40,2,350,2,2.5,0.39,147.0,73.7,0.23,2.9,196.0
28,40,4,350,1,3.05,1.38,102.1,53.7,0.33,1.9,151.5
22,40,6,350,0,1.96,0.8,182.4,59.8,0.4,1.2,81.4
38,40,6,350,2,1.93,0.89,139.9,70.9,0.33,2.1,109.3
32,40,1,350,0,3.27,1.3,71.2,62.7,0.41,1.9,93.0
30,40,4,350,0,3.1,1.28,97.0,67.3,0.18,2.1,108.2
22,40,2,350,1,3.4,0.81,80.2,62.4,2.84,1.5,140.0
37,40,4,350,0,2.1,0.64,98.2,68.4,0.16,1.1,197.0
30,40,0,350,1,2.47,1.34,92.2,63.2,0.18,0.2,82.8
41,40,4,350,1,2.1,1.4,190.8,65.4,0.4,2.8,134.3
23,40,1,350,0,3.36,0.78,79.4,62.0,0.12,0.9,158.6
45,40,3,350,0,1.42,1.08,118.5,82.3,1.07,2.4,127.2
45,40,6,350,2,3.16,1.09,153.6,79.1,0.11,0.8,128.4
22,40,4,350,1,2.85,1.08,102.7,71.0,0.47,1.9,115.3
36,40,1,350,2,2.62,1.44,123.9,65.5,0.27,0.4,85.6
33,40,1,350,0,2.58,1.0,101.6,65.8,0.24,1.5,141.8
22,40,5,350,2,1.66,0.35,80.2,61.7,0.23,2.7,183.2
39,40,4,350,1,1.94,1.36,133.0,73.6,0.16,1.1,250.0
34,40,2,350,1,2.74,0.52,170.3,61.6,0.32,0.4,90.2
35,40,5,350,0,1.11,0.31,250.0,66.8,0.32,1.1,82.9
32,40,0,350,0,2.75,0.5,84.0,59.4,0.37,8.7,120.3
21,40,1,350,0,1.29,1.41,74.3,52.2,0.15,2.1,248.8
20,40,5,350,1,1.16,1.27,84.3,61.0,0.4,0.0,73.8
43,40,4,350,2,1.49,1.31,239.2,66.7,0.47,0.0,107.8
32,40,1,350,0,0.94,1.4,67.8,70.7,0.43,9.6,250.0
28,40,1,350,1,1.23,0.86,100.8,64.1,0.18,0.1,119.4
43,40,0,350,2,3.3,1.25,226.4,75.8,0.25,2.9,119.7
27,40,4,350,2,3.04,1.11,116.4,75.2,0.12,7.4,113.9
40,40,4,350,0,1.34,0.5,105.8,67.5,1.95,1.6,175.5
24,40,2,350,2,0.56,1.0,86.2,61.8,0.27,9.4,111.6
41,40,6,350,2,3.0,1.41,140.7,78.3,0.47,8.6,114.7
21,40,3,350,1,1.2,1.32,74.6,63.4,0.48,0.9,154.4
34,40,2,350,0,1.75,0.34,77.6,65.7,0.38,2.5,132.6
41,40,5,350,2,2.61,0.85,144.1,72.6,1.34,1.3,133.4
33,40,5,350,0,2.95,0.7,118.2,56.0,0.24,2.2,134.8
29,40,3,350,0,3.06,1.39,108.7,61.9,0.34,2.2,165.3
32,40,5,350,2,3.09,0.59,123.5,68.5,0.31,0.7,122.6
28,40,2,350,0,0.93,0.5,152.5,52.8,0.28,0.6,204.2
23,40,3,350,2,2.12,0.7,115.5,57.9,0.17,0.3,129.8
22,40,5,350,2,2.78,0.66,197.9,57.6,0.35,1.4,106.8
45,40,2,350,0,1.16,0.83,126.2,62.6,0.17,2.1,191.7
37,40,6,350,1,1.79,0.77,96.6,60.7,0.45,2.4,130.2
32,40,1,350,0,1.28,0.96,181.8,75.0,1.68,2.8,170.7
42,40,5,350,1,1.49,0.79,115.0,72.8,0.2,2.5,119.6
38,40,1,350,1,3.19,1.28,135.7,69.3,0.22,7.3,180.5
26,40,6,350,2,2.23,0.82,107.8,57.6,1.44,2.8,209.7
20,40,0,350,1,2.34,0.69,151.6,68.3,0.24,7.3,127.0
38,40,2,350,1,0.87,0.4,178.3,69.5,0.48,0.3,88.6
29,40,5,350,0,1.99,0.62,97.8,61.5,0.19,2.8,230.4
24,40,5,350,1,2.74,0.5,80.4,62.4,0.17,0.9,107.5
39,40,0,350,1,0.63,0.37,217.7,72.5,0.17,1.2,115.0
20,40,3,350,1,2.9,0.76,101.8,61.3,0.45,2.0,167.2
24,40,6,350,2,3.23,1.02,108.2,70.1,0.29,2.8,79.4
44,40,0,350,2,0.66,1.43,153.4,70.4,0.43,2.3,142.3
21,40,2,350,0,1.29,0.61,65.2,58.3,0.26,2.2,166.0
41,40,1,350,0,2.99,0.94,127.8,70.3,0.21,1.6,152.6
45,40,3,350,2,1.76,0.4,154.4,75.8,0.13,0.6,89.8
38,40,1,350,2,1.92,0.38,143.8,75.1,2.62,2.1,146.0
29,40,0,350,2,3.47,0.8,85.7,61.1,0.44,2.9,128.4
29,40,0,350,2,2.95,1.01,99.3,65.6,0.16,3.0,122.8
39,40,0,350,2,2.13,0.32,111.6,76.8,0.15,1.2,93.0
21,40,5,350,1,1.58,0.79,109.9,64.4,0.32,1.2,122.8
37,40,1,350,0,1.45,0.41,86.6,66.9,0.38,0.7,219.2
33,40,4,350,0,0.81,0.95,113.8,62.0,0.3,1.6,145.2
42,40,6,350,0,3.22,0.66,211.0,60.0,0.48,0.5,141.0
44,40,6,350,1,0.68,1.08,135.1,64.7,0.25,2.7,119.2
28,40,0,350,0,1.43,1.09,132.1,65.0,1.53,2.9,118.2
30,40,3,350,1,2.29,0.4,106.0,63.7,0.42,0.9,90.6
36,40,0,350,1,2.2,1.03,85.1,66.9,0.45,0.5,87.5
28,40,1,350,1,1.47,0.27,81.2,60.4,0.5,1.0,117.8
35,40,1,350,0,2.38,0.77,79.0,65.3,0.44,9.0,140.1
32,40,3,350,2,1.44,0.27,106.8,62.3,0.37,1.3,148.6
29,40,6,350,1,2.27,0.87,102.0,60.8,1.46,0.9,150.8
36,40,4,350,2,0.74,1.46,138.5,77.7,0.3,10.0,250.0
27,40,0,350,2,1.89,1.35,125.7,62.8,0.2,2.8,121.4
45,40,5,350,1,1.83,0.51,239.3,69.2,2.35,1.2,129.8
42,40,3,350,0,1.74,1.11,108.6,71.4,1.01,2.1,148.0
23,40,1,350,2,1.25,0.55,90.3,62.4,0.19,2.1,134.8
26,40,3,350,2,1.26,1.0,125.5,67.0,0.19,1.4,138.8
33,40,4,350,2,1.26,0.26,124.6,66.5,0.12,2.6,141.2
42,40,5,350,1,3.05,0.3,131.1,71.0,0.2,1.7,144.8
36,40,3,350,1,1.7,0.78,130.3,67.1,0.31,2.4,119.6
37,40,5,350,1,2.03,1.39,135.8,62.6,0.16,2.3,97.6
39,40,6,350,0,0.51,0.28,106.6,67.0,0.46,1.3,117.2
34,40,0,350,0,0.68,1.42,87.1,65.8,0.23,2.3,90.5
44,40,1,350,1,1.07,0.47,105.7,71.3,0.13,1.7,116.0
23,40,6,350,1,1.48,0.53,79.0,64.4,0.35,2.6,131.8
22,40,3,350,2,2.93,0.97,108.1,53.0,0.26,7.8,250.0
39,40,2,350,1,1.06,0.33,117.5,61.3,1.56,1.6,250.0
43,40,2,350,1,1.05,1.18,250.0,74.1,0.24,2.9,161.8
30,40,3,350,2,1.98,1.28,224.2,65.6,2.7,1.5,122.6
36,40,2,350,2,2.14,1.34,148.0,66.2,0.15,1.2,249.0
21,40,6,350,1,1.94,0.35,76.8,63.1,0.41,2.2,132.6
44,40,6,350,0,1.61,1.13,242.5,74.9,0.48,1.2,121.0
33,40,2,350,0,1.04,1.47,118.7,68.2,0.35,0.5,107.6
29,40,3,350,1,3.17,0.85,109.6,55.6,0.17,0.4,228.6
30,40,3,350,2,2.89,0.38,100.6,66.5,0.47,1.2,93.4
41,40,6,350,2,3.01,0.54,224.6,76.0,0.25,2.7,88.4
20,40,0,350,1,2.81,0.98,82.2,53.0,0.34,1.3,149.5
24,40,5,350,1,3.33,1.18,75.2,63.7,0.48,0.7,120.6
41,40,3,350,2,2.9,0.49,139.8,62.9,0.1,0.8,99.2
32,40,5,350,0,0.68,0.86,111.0,59.7,2.8,9.7,246.2
29,40,5,350,0,3.42,0.46,94.9,64.0,0.25,3.0,134.6
21,40,1,350,1,0.87,0.95,170.2,63.6,1.67,0.8,122.8
40,40,2,350,0,1.49,1.38,120.4,65.3,0.38,9.4,192.7
23,40,1,350,0,1.45,1.36,95.0,55.7,0.41,2.2,70.6
43,40,6,350,1,1.01,0.89,154.1,72.4,0.1,2.6,146.9
23,40,0,350,1,0.68,0.35,56.7,60.1,0.29,0.7,115.5
38,40,6,350,1,3.39,0.36,136.3,71.6,0.36,2.8,183.5
37,40,0,350,0,2.51,0.62,108.7,61.3,0.48,2.4,101.1
35,40,0,350,2,2.4,0.51,168.3,75.0,0.4,1.5,105.4
20,40,5,350,1,1.08,1.18,85.5,65.9,0.3,1.5,121.6
20,40,3,350,2,0.98,0.47,94.1,58.5,0.16,8.7,172.6
33,40,5,350,1,1.84,1.16,111.9,70.8,0.23,2.3,150.1
42,40,5,350,1,3.28,0.47,139.8,70.7,0.35,1.0,103.6
43,40,1,350,0,1.31,0.4,138.6,66.5,0.23,0.1,115.0
27,40,3,350,0,2.8,1.1,94.8,59.3,1.33,1.4,139.4
23,40,4,350,2,3.17,0.47,111.2,65.7,0.4,2.7,108.0
32,40,2,350,1,2.92,0.88,114.6,68.3,0.26,1.6,186.3
37,40,3,350,1,2.77,0.49,92.6,64.4,0.46,0.1,108.6
40,40,2,350,0,0.58,0.25,176.8,56.5,0.27,9.8,151.0
26,40,5,350,0,1.42,0.3,101.4,67.5,0.42,0.7,221.4
22,40,4,350,2,3.48,1.27,112.6,65.6,0.3,1.3,125.4
42,40,2,350,2,1.11,0.64,212.7,63.6,1.63,0.0,109.8
31,40,3,350,1,0.98,0.58,116.3,57.1,0.14,2.1,151.2
27,40,2,350,0,2.93,1.15,85.4,60.6,0.48,0.4,134.9
28,40,6,350,2,1.2,0.31,141.8,65.0,0.45,0.3,123.9
35,40,4,350,1,2.2,1.34,126.3,59.7,0.19,0.1,197.0
36,40,4,350,1,1.07,1.04,116.1,69.9,0.34,9.7,204.1
38,40,4,350,0,1.26,1.18,193.8,67.1,0.14,1.9,107.0
34,40,5,350,0,1.78,0.31,165.1,62.2,0.19,0.8,152.0
22,40,1,350,2,0.78,0.45,98.3,58.9,0.36,1.9,93.5
42,40,5,350,2,2.36,0.86,146.4,76.6,0.21,2.6,119.2
26,40,2,350,0,2.6,0.35,81.4,58.1,0.37,1.7,120.9
39,40,1,350,0,1.46,0.84,106.9,65.4,0.28,2.5,112.0
43,40,1,350,1,3.2,1.14,109.4,77.1,0.16,0.1,127.2
22,40,3,350,2,1.39,0.88,99.0,70.5,0.17,0.0,136.6
41,40,2,350,0,2.92,0.59,124.5,61.1,0.21,0.4,88.1
39,40,0,350,2,0.93,1.36,134.1,67.4,0.37,0.9,120.8
20,40,1,350,0,0.87,0.4,83.5,51.0,0.35,2.0,72.6
31,40,2,350,1,3.23,1.3,112.1,67.5,0.26,0.7,250.0
24,40,4,350,0,2.16,0.98,60.3,58.2,0.14,1.5,108.6
25,40,1,350,1,0.79,0.4,250.0,57.8,0.48,2.0,201.2
27,40,1,350,1,1.47,0.6,101.3,68.4,0.36,2.2,135.9
25,40,1,350,1,2.98,0.94,187.0,62.8,0.31,0.2,115.4
20,40,1,350,2,1.74,1.3,122.8,59.1,0.27,3.0,221.2
31,40,3,350,2,1.54,0.6,110.0,66.7,0.46,0.0,59.2
31,40,6,350,1,0.66,1.42,206.6,62.7,0.31,1.8,97.4
22,40,2,350,1,3.49,0.47,52.3,66.0,0.22,2.6,124.3
20,40,6,350,1,0.59,1.16,86.4,63.4,0.43,0.4,117.8
34,40,6,350,0,1.11,0.79,111.9,57.3,0.43,2.1,143.2
40,40,0,350,0,2.15,1.1,110.0,67.6,0.23,2.8,93.6
29,40,2,350,2,2.79,1.45,129.4,69.4,0.15,0.7,81.3
23,40,4,350,1,1.8,0.54,80.4,55.6,2.69,0.4,143.0
31,40,4,350,0,1.73,1.45,76.6,60.9,0.36,1.2,165.0
34,40,1,350,0,2.01,0.82,101.3,67.8,0.26,0.0,88.2
41,40,0,350,2,3.27,0.27,155.4,70.2,0.38,7.8,133.8
21,40,2,350,0,1.44,0.46,84.3,53.6,0.21,2.6,74.6
34,40,6,350,0,0.92,1.29,100.8,62.3,0.3,7.6,165.1
20,40,0,350,1,1.9,0.43,62.4,63.6,0.23,7.5,149.1
34,40,5,350,1,3.23,1.44,134.0,66.1,0.32,0.4,114.9
36,40,5,350,1,0.88,0.76,119.4,59.1,0.37,0.9,127.0
21,40,6,350,1,1.1,0.35,108.7,72.6,0.43,7.3,158.0
42,40,1,350,0,3.19,0.43,118.3,54.9,0.23,2.6,131.5
36,40,5,350,1,2.5,1.3,126.0,64.8,0.28,1.7,214.3
44,40,0,350,1,1.98,1.01,119.0,67.8,0.35,1.0,87.4
40,40,6,350,0,3.26,0.63,204.2,69.1,0.15,2.9,94.7
21,40,4,350,0,3.07,0.45,78.7,55.7,0.39,1.2,84.6
20,40,0,350,1,1.34,0.76,82.3,62.7,0.5,9.9,250.0
25,40,5,350,0,2.77,0.72,74.6,60.0,0.27,0.2,185.2
42,40,1,350,2,2.98,1.25,237.4,70.1,0.16,0.2,164.7
20,40,6,350,2,1.36,0.39,180.4,65.3,0.34,9.8,220.3
22,40,4,350,0,2.26,1.18,161.6,64.0,1.53,0.2,145.4
35,40,0,350,0,3.32,0.54,180.9,63.9,2.05,1.9,172.7
35,40,5,350,2,2.63,0.64,121.7,70.0,0.11,1.1,99.4
45,40,2,350,1,2.06,0.29,135.3,72.1,0.15,2.3,96.8
27,40,6,350,1,1.95,0.93,93.9,61.7,0.41,0.8,155.6
32,40,3,350,0,2.27,0.54,86.5,59.3,0.21,0.6,95.4
43,40,3,350,1,1.2,0.92,146.6,68.4,0.13,2.3,250.0
22,40,4,350,2,3.01,0.62,90.2,60.7,0.31,1.9,114.6
41,40,1,350,1,2.03,1.06,250.0,67.2,0.23,0.1,113.3
35,40,0,350,1,0.67,0.27,103.3,63.1,0.32,1.2,137.1
25,40,6,350,1,0.94,1.39,109.5,55.5,0.44,8.1,164.8
39,40,2,350,0,2.98,1.12,128.1,60.8,0.47,2.8,154.4
33,40,3,350,2,3.38,0.98,129.8,66.5,0.31,2.8,153.6
23,40,1,350,0,0.71,0.67,137.5,57.7,0.19,2.3,117.1
44,40,1,350,2,3.45,1.27,139.1,82.2,2.23,2.5,187.8
27,40,3,350,1,2.37,1.35,106.2,65.9,0.31,2.2,110.2
42,40,4,350,2,3.49,1.2,145.6,65.9,0.17,2.6,94.0
27,40,4,350,1,1.81,1.2,97.8,62.8,0.27,1.3,85.7
28,40,4,350,1,2.72,0.54,82.4,59.9,0.45,0.9,145.3
29,40,2,350,2,1.32,0.4,77.1,63.1,0.23,0.8,105.4
42,40,2,350,1,0.8,0.54,135.4,66.9,0.4,0.1,210.2
42,40,3,350,0,1.33,0.29,99.1,75.6,0.18,0.9,163.5
38,40,3,350,1,1.21,0.94,203.8,67.7,0.31,2.9,172.7
24,40,4,350,0,2.14,0.28,157.7,48.4,0.22,2.6,80.6
24,40,1,350,0,2.61,0.3,157.9,59.2,0.32,3.0,124.0
27,40,4,350,1,2.13,0.36,68.2,60.0,0.14,1.2,110.5
34,40,3,350,2,1.44,1.43,108.7,72.7,0.17,2.5,79.1
30,40,3,350,0,2.57,1.46,104.2,55.2,1.51,2.1,232.6
22,40,3,350,0,2.77,1.09,67.8,51.5,0.34,1.3,113.2
42,40,2,350,0,1.6,0.28,202.6,67.0,0.42,1.1,124.4
36,40,1,350,1,1.11,0.67,103.6,61.9,0.33,0.1,130.7
44,40,1,350,0,2.61,1.07,114.3,69.1,0.33,0.4,119.2
33,40,2,350,2,1.45,1.35,125.4,67.9,0.27,2.9,118.6
45,40,1,350,0,1.56,0.72,112.8,61.1,0.2,7.0,174.5
40,40,6,350,0,2.86,0.87,104.4,62.2,0.11,0.8,90.0
43,40,6,350,2,1.25,0.57,147.0,71.4,0.29,1.3,120.9
28,40,1,350,1,2.26,0.33,85.5,61.4,0.31,1.3,218.8
38,40,0,350,1,0.97,1.31,112.0,72.7,0.21,2.4,122.6
40,40,3,350,2,3.25,0.37,209.6,59.1,0.24,2.6,162.3
23,40,4,350,2,3.36,0.78,111.0,66.3,0.23,0.3,250.0
32,40,4,350,2,1.54,1.36,149.6,65.1,0.14,0.9,250.0
36,40,1,350,1,1.82,1.12,250.0,67.6,0.25,1.8,71.4
20,40,2,350,2,2.63,0.97,250.0,62.8,0.38,9.1,152.4
31,40,1,350,0,1.44,0.39,61.4,66.6,0.1,1.7,250.0
41,40,5,350,1,2.24,0.81,114.9,70.4,0.11,0.5,127.3
39,40,3,350,2,0.66,0.41,250.0,57.4,0.41,1.6,137.2
38,40,2,350,2,2.29,0.59,123.9,64.4,0.27,2.5,123.1
39,40,1,350,1,1.63,0.47,125.5,70.8,0.3,2.6,117.1
38,40,1,350,0,1.24,0.75,110.3,73.6,0.16,0.1,216.4
39,40,2,350,2,2.93,0.26,103.5,72.1,0.46,9.8,250.0
41,40,3,350,1,2.48,0.9,213.6,61.3,0.22,1.9,145.4
39,40,6,350,0,2.21,0.78,235.8,66.5,0.19,9.8,174.8
44,40,1,350,0,1.63,1.09,135.4,70.1,0.14,8.5,124.2
44,40,2,350,2,1.67,0.8,137.7,66.4,0.49,0.9,234.1
24,40,3,350,2,3.0,1.4,92.4,69.4,0.43,0.9,201.7
33,40,5,350,2,2.09,1.31,223.6,61.1,0.12,2.2,119.1
39,40,4,350,0,2.28,1.34,192.1,63.9,2.17,0.8,167.8
34,40,4,350,1,3.35,0.96,109.6,62.6,0.45,2.4,163.0
38,40,2,350,1,1.43,1.22,132.4,66.1,0.47,1.3,103.1
35,40,6,350,2,3.08,0.97,147.9,70.7,0.19,2.4,150.4
27,40,1,350,2,1.19,0.79,91.5,70.9,0.22,1.8,197.4
32,40,5,350,2,1.42,0.45,139.2,66.8,0.39,9.9,176.4
24,40,2,350,1,2.83,0.6,187.8,57.9,0.36,1.3,142.5
43,40,3,350,1,1.47,0.31,135.9,71.7,0.3,9.9,155.0
39,40,3,350,2,1.74,1.47,132.5,62.0,0.37,0.6,129.6
32,40,0,350,0,2.11,1.13,115.8,61.9,0.36,0.9,109.4
39,40,2,350,1,0.56,0.52,122.0,66.5,0.27,0.0,136.6
34,40,6,350,1,1.54,0.89,100.8,67.2,0.14,1.3,125.4
35,40,4,350,2,2.62,0.86,132.6,70.0,0.13,0.1,113.1
41,40,3,350,1,2.57,0.44,118.7,70.1,0.18,2.2,101.7
30,40,6,350,1,2.89,0.56,110.8,68.5,0.4,0.4,235.8
32,40,2,350,1,3.34,0.3,91.3,66.7,0.15,2.6,152.0
39,40,6,350,2,2.31,1.41,228.4,69.3,0.31,2.2,120.6
38,40,0,350,2,2.68,1.24,140.7,78.3,0.43,0.2,92.0
30,40,3,350,0,0.67,1.0,108.3,65.7,0.1,1.2,121.7
21,40,1,350,1,2.18,1.27,84.8,62.4,0.23,1.4,189.4
42,40,6,350,0,1.93,0.36,116.0,71.4,0.5,0.9,92.6
20,40,0,350,2,2.26,0.9,181.1,67.9,0.15,2.1,88.3
30,40,0,350,0,1.15,0.3,81.9,59.3,0.26,0.4,108.8
22,40,3,350,2,2.68,0.79,78.7,60.9,0.28,2.4,152.8
24,40,1,350,2,1.48,0.29,103.5,70.4,0.1,1.0,112.2
27,40,3,350,0,1.04,0.56,140.2,58.5,0.14,2.9,91.4
40,40,5,350,0,2.09,1.0,107.2,61.3,0.45,8.4,127.2
26,40,4,350,0,2.2,1.33,79.2,64.3,0.43,7.2,115.8
23,40,4,350,2,1.67,0.27,91.0,64.3,0.14,0.4,196.4
26,40,6,350,0,3.14,1.22,84.1,65.4,0.33,2.2,135.6
44,40,0,350,0,3.48,0.33,192.9,68.6,0.21,2.6,120.6
32,40,4,350,2,0.77,0.66,123.0,72.3,2.37,8.8,201.2
34,40,5,350,0,2.02,0.97,108.4,63.1,0.44,2.9,103.0
38,40,5,350,2,3.15,0.35,134.8,66.8,0.29,0.9,69.3
24,40,1,350,1,1.63,0.44,86.3,67.0,0.24,1.0,104.7
22,40,5,350,0,1.7,1.25,61.8,56.5,2.42,2.5,250.0
33,40,1,350,0,1.98,1.19,97.6,75.0,0.21,2.5,132.4
40,40,5,350,2,3.01,1.19,231.3,65.2,0.19,1.7,161.6
24,40,3,350,2,2.07,1.11,120.5,68.7,2.12,2.8,158.5
42,40,2,350,2,1.6,0.38,152.8,67.7,0.2,0.9,111.6
33,40,2,350,1,0.61,1.3,116.9,63.4,0.26,1.7,62.0
36,40,4,350,0,2.26,0.52,105.4,77.7,0.33,1.6,94.6
22,40,1,350,0,2.62,0.55,52.1,62.1,0.15,2.8,186.6
37,40,2,350,0,2.69,0.3,84.1,60.9,0.21,1.8,108.0
36,40,1,350,0,0.52,0.27,174.6,58.3,2.07,0.3,128.2
22,40,4,350,2,0.98,0.26,98.6,57.0,0.41,1.5,90.4
35,40,0,350,0,1.32,0.78,96.1,68.2,1.6,0.5,93.2
28,40,6,350,0,0.61,1.41,79.0,70.9,0.41,1.8,144.2
27,40,6,350,0,1.27,0.34,67.5,69.9,2.17,0.9,178.3
26,40,5,350,2,0.94,1.12,131.7,74.4,0.37,2.5,131.6
35,40,5,350,1,3.25,1.25,142.6,70.5,0.34,8.3,240.2
33,40,3,350,2,1.66,1.02,117.3,64.1,0.22,0.4,98.8
40,40,1,350,1,2.61,0.25,206.0,67.9,0.37,2.7,132.3
36,40,1,350,0,2.74,1.47,94.1,64.0,0.49,0.4,129.4
39,40,5,350,0,2.27,1.34,117.3,64.8,0.39,9.5,145.8
42,40,2,350,0,1.62,0.52,120.6,76.1,0.33,0.1,135.4
28,40,0,350,2,0.66,1.27,106.7,77.1,0.34,1.1,160.2
38,40,5,350,2,2.26,0.25,130.1,74.9,0.37,1.5,250.0
45,40,0,350,1,2.13,0.32,151.3,70.3,2.87,0.5,224.9
34,40,5,350,2,1.04,0.62,250.0,72.0,0.37,0.2,141.2
33,40,3,350,0,2.55,1.07,180.1,60.0,0.37,0.6,117.7
42,40,4,350,0,2.37,0.89,134.9,69.8,0.22,2.4,114.5
35,40,2,350,1,2.3,0.49,110.1,68.6,0.49,2.7,227.3
22,40,1,350,2,0.87,1.03,102.8,66.6,0.18,2.3,121.4
31,40,6,350,2,1.6,0.32,210.5,66.0,0.33,8.5,176.8
29,40,4,350,1,2.45,1.4,110.7,68.1,0.5,1.5,129.0
44,40,0,350,2,1.81,0.62,142.1,72.7,0.45,2.2,118.4
30,40,5,350,2,0.85,1.17,116.2,64.6,0.42,3.0,142.8
35,40,3,350,2,2.91,0.35,104.0,72.5,0.47,2.0,117.8
44,40,3,350,0,1.31,1.32,126.0,56.3,0.5,1.7,148.0
21,40,4,350,2,3.0,1.18,103.8,56.2,0.15,2.4,169.8
41,40,4,350,0,2.61,1.49,134.5,60.5,0.32,2.1,148.0
25,40,3,350,0,1.67,0.37,159.1,59.8,0.45,0.9,124.2
39,40,5,350,2,2.11,1.17,135.8,61.9,1.52,0.5,153.4
28,40,3,350,2,1.73,0.94,114.3,67.7,0.12,1.8,107.2
41,40,0,350,2,2.54,1.04,128.8,60.6,0.39,2.5,72.4
26,40,1,350,2,1.92,0.7,99.1,63.2,0.11,2.6,112.2
23,40,6,350,0,0.77,0.86,57.8,64.3,0.5,1.0,148.9
27,40,5,350,1,2.46,0.59,101.5,64.9,0.43,2.3,133.7
40,40,5,350,1,1.08,1.48,137.9,67.7,0.44,2.9,96.0
29,40,2,350,2,0.9,1.28,119.2,61.7,0.44,0.2,129.7
21,40,3,350,1,2.67,0.6,79.2,62.1,0.27,0.5,108.1
36,40,0,350,2,2.74,0.82,122.4,70.8,0.49,1.0,147.0
41,40,1,350,0,1.25,1.01,102.3,59.2,0.29,1.1,74.3
37,40,3,350,2,1.57,1.1,136.2,65.4,0.2,1.2,133.0
21,40,6,350,1,1.86,0.44,66.1,69.6,0.19,1.6,97.8
42,40,6,350,0,0.65,1.03,125.8,67.7,0.32,1.0,86.9
35,40,4,350,0,1.58,0.35,89.4,64.6,1.82,1.9,146.4
25,40,1,350,0,3.3,0.79,78.6,59.7,1.99,0.1,238.8
34,40,2,350,2,1.73,0.32,112.4,76.5,0.43,0.2,124.2
36,40,6,350,2,1.86,1.35,208.6,74.9,1.09,1.8,157.4
35,40,4,350,0,2.23,0.26,117.1,69.7,0.48,0.8,91.4
45,40,5,350,1,2.81,0.26,134.7,75.5,0.5,1.7,121.6
21,40,5,350,0,3.1,1.15,81.4,54.7,0.23,9.6,179.0
27,40,4,350,1,1.43,0.76,108.2,62.0,0.31,1.7,244.0
41,40,4,350,2,0.86,0.86,142.0,68.5,0.48,2.4,115.0
26,40,6,350,2,3.35,0.36,233.4,70.8,0.31,2.8,118.2
23,40,1,350,1,2.18,0.76,99.4,59.3,0.29,0.7,158.0
25,40,4,350,2,1.2,0.64,103.8,70.9,0.24,2.5,95.9
27,40,3,350,0,1.54,0.51,151.2,62.1,0.17,1.9,215.0
22,40,5,350,1,2.89,0.69,83.6,55.6,0.34,1.2,124.6
37,40,6,350,0,0.66,1.22,205.8,74.5,0.11,2.4,113.4
41,40,4,350,1,1.62,1.29,115.3,65.9,0.39,2.1,111.6
26,40,1,350,1,2.12,1.28,103.3,65.8,0.1,2.7,78.2
31,40,1,350,0,0.92,0.93,98.4,64.3,0.32,2.9,127.4
20,40,3,350,1,2.55,0.6,67.3,66.8,0.13,7.7,141.8
33,40,6,350,0,3.47,1.15,112.5,54.4,1.45,0.5,96.7
44,40,0,350,0,2.27,1.03,112.9,60.9,0.1,1.6,107.6
25,40,4,350,0,3.28,1.11,73.2,61.3,0.33,0.3,126.6
27,40,0,350,2,2.32,0.49,100.5,65.4,2.82,0.5,250.0
37,40,2,350,1,3.27,0.42,120.6,72.2,0.26,1.3,99.8
42,40,0,350,0,2.22,0.77,210.9,64.5,0.39,2.9,95.0
34,40,0,350,1,0.57,0.4,91.3,60.1,1.35,1.0,164.2
26,40,6,350,0,0.64,0.69,79.0,63.2,0.28,0.1,120.2
37,40,3,350,2,0.71,0.55,140.4,74.4,0.48,1.2,217.6
27,40,4,350,2,1.67,1.42,115.6,61.2,0.17,0.4,135.0
23,40,6,350,0,3.16,1.14,206.2,56.8,0.25,7.6,121.4
41,40,2,350,1,3.25,1.01,131.0,77.6,0.2,3.0,130.9
22,40,1,350,0,2.6,1.27,91.0,52.8,0.33,2.0,131.2
25,40,2,350,2,2.85,0.36,117.4,69.8,0.49,1.9,127.4
42,40,4,350,0,1.86,1.01,119.2,82.1,0.25,1.4,248.8
29,40,6,350,1,1.58,0.72,113.4,61.3,2.79,0.3,116.1
40,40,4,350,1,2.88,1.22,240.2,71.6,0.16,1.9,116.6
27,40,2,350,0,3.43,1.1,73.2,57.9,0.18,2.8,133.3
41,40,4,350,1,2.06,0.75,107.6,65.3,0.39,2.6,115.7
36,40,3,350,0,1.78,1.45,120.8,67.6,0.43,9.3,161.4
25,40,5,350,0,0.82,1.37,100.8,63.1,0.26,1.0,117.2
23,40,6,350,2,1.23,1.48,122.4,69.8,0.11,0.1,128.3
40,40,1,350,0,2.96,0.99,109.8,67.7,0.34,1.3,96.0
43,40,6,350,1,1.85,1.14,126.3,75.2,2.46,2.4,100.9
32,40,2,350,0,2.37,0.9,86.4,61.2,0.23,0.7,129.4
23,40,0,350,0,3.36,1.39,55.6,54.5,0.16,0.8,106.4
36,40,1,350,1,2.62,0.35,123.5,63.2,2.59,0.9,240.8
34,40,2,350,0,1.32,0.77,101.2,58.6,0.44,1.3,189.4
40,40,0,350,1,1.99,1.35,198.8,66.6,0.18,0.9,129.0
34,40,4,350,0,2.46,0.59,178.2,56.4,0.5,0.1,127.6
33,40,3,350,0,0.51,1.48,123.2,54.8,0.29,2.5,98.7
43,40,1,350,1,3.26,1.32,119.7,71.9,0.44,0.3,124.2
25,40,2,350,2,3.28,1.29,85.6,63.1,0.23,2.2,185.0
34,40,1,350,1,0.6,1.44,116.6,57.7,0.5,1.6,134.5
32,40,6,350,0,2.65,0.27,173.9,67.7,0.26,1.2,47.1
45,40,0,350,0,3.1,0.58,121.4,68.6,0.41,2.4,126.0
20,40,0,350,0,0.55,1.22,39.0,57.7,0.5,2.5,187.0
39,40,0,350,0,1.45,0.48,111.5,67.2,0.18,0.4,105.3
38,40,6,350,2,1.6,1.05,170.8,74.0,0.36,1.1,124.0
28,40,5,350,1,0.84,0.64,101.2,64.3,0.43,1.0,136.0
22,40,4,350,2,2.07,1.04,114.8,64.6,0.46,0.6,121.0
40,40,6,350,0,1.74,1.22,126.0,58.0,0.29,0.3,207.8
22,40,4,350,2,1.44,1.28,112.0,58.6,0.17,0.2,101.8
29,40,0,350,0,0.99,0.96,202.4,63.2,0.23,2.9,118.2
29,40,0,350,0,2.81,0.59,98.6,58.0,0.25,0.6,123.2
37,40,3,350,0,1.31,1.21,104.6,59.5,0.28,1.2,218.4
39,40,5,350,0,1.12,0.78,117.3,62.1,0.43,8.3,179.0
27,40,5,350,2,0.5,0.81,210.0,79.6,0.47,0.9,170.7
44,40,4,350,2,2.06,1.48,143.5,72.9,0.24,7.5,160.2
23,40,1,350,0,1.6,1.41,160.5,66.2,0.45,2.4,229.6
39,40,1,350,0,2.7,1.45,130.4,71.4,0.37,2.9,141.4
32,40,0,350,2,1.83,0.37,214.5,70.1,0.15,2.1,77.4
40,40,3,350,0,0.96,0.56,125.7,66.3,0.43,2.8,130.0
22,40,2,350,0,2.47,1.18,67.8,59.4,0.47,0.7,199.7
38,40,3,350,0,2.2,0.97,113.8,63.1,0.47,2.9,138.6
24,40,2,350,0,3.34,1.46,190.2,55.7,0.27,8.1,170.2
35,40,2,350,2,0.58,0.29,121.4,69.6,0.44,1.3,199.6
42,40,6,350,2,1.75,0.62,137.8,69.1,0.24,1.5,109.6
40,40,0,350,0,1.27,1.13,188.5,64.9,0.44,0.4,111.0
34,40,4,350,1,0.75,1.09,100.7,70.0,0.25,2.1,144.7
30,40,2,350,0,0.99,1.12,103.0,62.3,0.25,0.6,115.2
38,40,6,350,1,2.11,0.47,133.6,63.8,0.22,0.9,86.2
41,40,1,350,1,3.07,1.01,109.3,75.7,0.14,0.7,182.7
31,40,3,350,0,1.03,1.05,79.8,58.3,0.38,2.3,106.4
29,40,2,350,1,3.0,1.27,178.2,64.9,0.28,0.9,118.8
38,40,5,350,0,3.46,1.37,92.7,61.5,0.24,0.0,97.6
36,40,1,350,1,3.27,1.34,111.4,61.7,0.27,2.7,107.7
25,40,0,350,2,2.43,0.77,94.0,58.8,0.41,1.0,192.8
33,40,5,350,0,0.91,1.5,94.2,67.2,0.25,0.2,115.2
45,40,5,350,0,1.32,0.32,183.2,65.5,0.31,1.0,233.8
30,40,3,350,2,0.78,0.36,110.8,63.5,0.19,1.3,154.4
34,40,5,350,1,0.54,0.47,225.6,63.0,0.27,2.0,148.9
35,40,0,350,2,1.73,0.26,147.0,66.1,1.38,2.0,98.3
39,40,3,350,1,3.45,0.46,137.8,69.4,0.39,1.6,157.0
30,40,2,350,0,1.03,1.12,70.6,60.2,0.19,0.0,83.8
42,40,3,350,2,3.43,1.4,145.5,71.3,0.44,2.9,139.0
22,40,4,350,1,1.36,0.67,81.0,67.1,0.16,2.2,200.1
43,40,5,350,1,0.82,1.37,122.2,68.6,0.3,2.7,231.8
37,40,4,350,1,1.39,1.0,190.0,72.1,1.73,1.9,91.9
31,40,6,350,2,1.58,0.66,217.8,68.2,0.17,1.4,118.4
25,40,4,350,0,2.78,0.81,59.3,60.9,0.43,8.8,169.4
24,40,4,350,2,1.43,1.23,110.9,71.2,0.43,1.1,110.5
33,40,2,350,1,2.29,0.26,132.1,69.7,0.39,0.2,97.4
40,40,0,350,1,3.44,0.77,100.2,75.9,0.32,0.4,168.2
41,40,4,350,0,1.42,0.91,90.9,65.9,0.37,1.5,101.2
44,40,4,350,2,3.35,0.67,162.0,69.4,0.24,1.1,146.8
30,40,6,350,0,3.41,0.41,90.4,66.2,0.2,1.2,129.5
44,40,0,350,0,1.13,1.01,139.3,73.7,0.26,1.7,115.4
37,40,3,350,0,1.66,0.5,122.3,70.1,0.49,1.4,111.0
31,40,1,350,1,2.74,0.79,105.5,64.0,0.21,2.5,250.0
25,40,0,350,2,0.73,0.36,98.8,62.9,0.21,0.2,114.0
41,40,6,350,1,0.69,1.42,241.9,60.0,0.49,1.0,167.2
36,40,0,350,2,0.54,0.41,110.2,77.0,0.38,0.9,129.8
45,40,0,350,1,2.39,1.5,156.4,60.0,0.16,2.0,173.2
32,40,5,350,1,1.78,1.08,121.0,61.7,0.25,2.4,199.6
44,40,3,350,2,0.96,1.36,163.8,76.7,1.77,1.4,134.2
31,40,2,350,0,0.91,1.45,187.4,57.7,0.45,1.4,210.8
37,40,1,350,0,1.85,1.08,102.8,60.1,0.15,2.4,128.0
42,40,1,350,1,1.22,1.22,199.1,62.6,0.43,2.0,134.4
35,40,6,350,0,3.16,1.15,117.4,63.9,0.5,2.5,128.0
38,40,3,350,1,1.94,0.82,121.0,65.8,0.48,0.2,98.9
44,40,6,350,0,3.22,0.98,111.8,66.0,0.27,1.5,101.6
20,40,1,350,1,1.26,1.15,91.0,60.2,0.42,1.6,99.3
27,40,0,350,0,2.13,1.42,92.3,62.4,0.13,1.3,211.7
26,40,0,350,1,0.95,1.31,87.4,59.1,0.3,1.9,139.6
34,40,6,350,0,0.99,1.19,205.2,71.6,0.12,0.1,103.7
35,40,6,350,1,2.61,1.09,128.4,63.0,0.12,2.3,130.2
28,40,0,350,1,1.4,1.38,101.6,67.9,0.23,0.2,203.3
41,40,4,350,2,0.62,0.61,120.3,83.8,0.18,2.6,103.0
28,40,5,350,1,1.65,1.49,199.2,62.9,0.25,9.7,185.5
20,40,2,350,2,0.53,0.75,91.2,62.4,0.22,2.6,135.3
41,40,6,350,1,3.07,1.2,147.8,63.9,0.28,2.0,183.2
41,40,2,350,2,3.45,0.94,122.9,74.8,0.19,1.8,97.9
26,40,6,350,0,1.15,1.45,172.0,55.2,0.12,1.0,79.2
37,40,0,350,0,3.21,1.28,88.8,67.1,0.38,1.1,131.4
21,40,2,350,1,0.59,0.8,73.9,58.9,0.25,1.1,120.0
37,40,2,350,1,1.8,0.67,121.8,59.7,0.48,1.2,135.5
26,40,4,350,1,2.89,1.28,112.4,71.1,0.44,0.1,122.7
29,40,2,350,2,1.06,1.43,124.1,64.4,2.53,0.1,250.0
39,40,6,350,1,2.84,0.9,115.8,63.1,0.35,1.9,126.0
44,40,5,350,2,1.86,1.48,226.0,71.3,0.24,2.4,95.9
34,40,5,350,1,1.11,0.6,114.1,62.0,0.17,2.1,76.2
28,40,1,350,0,2.54,0.83,83.9,55.3,0.18,0.5,137.5
29,40,2,350,0,1.15,0.71,66.3,60.9,0.11,1.3,138.4
36,40,5,350,1,3.19,0.79,133.1,73.4,0.25,2.4,117.6
44,40,4,350,2,2.29,0.34,132.2,72.3,0.44,1.4,145.1
33,40,2,350,1,3.15,1.34,105.4,63.3,0.17,1.1,80.4
36,40,4,350,2,0.79,0.69,133.6,70.1,0.29,0.7,161.5
25,40,4,350,0,1.52,0.95,74.0,53.3,0.1,1.5,189.0
43,40,2,350,1,0.6,0.8,154.7,65.8,0.49,1.4,138.8
24,40,3,350,1,0.57,0.28,182.3,60.2,0.5,0.4,143.5
43,40,3,350,2,3.43,0.86,126.6,69.9,1.03,0.1,125.6
41,40,5,350,0,0.59,0.68,134.6,68.4,1.04,1.4,152.3
34,40,4,350,1,1.99,0.85,109.8,58.7,0.5,1.5,126.4
36,40,6,350,2,2.26,1.17,131.8,72.9,0.26,2.0,124.8
29,40,4,350,1,1.61,1.19,113.6,53.7,0.42,1.9,117.2
27,40,3,350,2,0.83,1.08,113.9,73.8,0.42,1.1,210.6
43,40,5,350,1,2.52,0.94,104.2,73.4,0.22,1.2,68.5
33,40,0,350,2,1.28,0.67,200.4,77.6,0.11,0.9,140.9
22,40,2,350,1,1.87,1.1,61.0,67.3,0.4,1.6,113.2
40,40,2,350,0,1.28,1.22,136.1,67.0,0.32,0.7,127.2
38,40,4,350,0,2.3,0.83,101.6,64.7,0.36,8.4,131.0
36,40,2,350,1,3.23,1.06,119.9,73.0,0.23,1.0,117.0
34,40,0,350,1,1.03,1.35,96.2,72.2,0.49,1.1,113.1
20,40,5,350,1,1.85,1.34,110.0,66.0,0.19,1.2,123.2
33,40,6,350,1,2.76,1.16,101.9,68.5,0.35,0.5,79.9
39,40,2,350,0,3.3,0.7,116.1,67.3,0.13,0.1,218.7
29,40,6,350,0,1.32,1.32,72.9,54.6,0.41,2.2,99.3
40,40,3,350,0,1.96,0.58,216.4,62.4,0.26,1.9,105.6
35,40,2,350,0,3.42,0.7,85.4,55.2,0.49,0.6,159.4
27,40,5,350,1,1.36,0.84,95.0,67.0,0.45,0.1,204.5
45,40,2,350,2,1.35,0.26,150.0,75.0,0.19,9.9,156.5
30,40,5,350,1,0.99,0.58,197.4,67.8,0.37,0.2,134.0
38,40,5,350,1,0.99,1.14,119.0,66.4,2.31,1.8,165.6
35,40,1,350,1,1.08,0.62,127.8,62.8,0.21,0.5,159.0
32,40,4,350,1,2.63,1.27,124.7,61.7,1.78,0.3,124.6
45,40,5,350,2,2.14,0.27,154.1,77.3,0.34,0.7,203.1
35,40,1,350,0,3.36,1.45,96.9,56.0,0.19,2.2,76.0
39,40,4,350,1,0.9,1.35,195.6,65.8,0.26,0.3,97.4
24,40,0,350,0,1.0,1.22,65.4,60.2,0.22,0.4,96.9
29,40,0,350,0,0.98,0.54,92.4,68.0,0.27,0.6,93.9
21,40,4,350,1,3.26,0.65,92.2,61.4,1.29,1.2,141.8
22,40,6,350,0,1.0,0.67,87.8,56.9,0.42,3.0,239.2
34,40,1,350,1,2.83,0.52,118.3,62.1,0.47,0.5,72.8
32,40,2,350,0,2.09,0.34,222.4,64.8,1.25,1.5,164.0
25,40,1,350,0,0.74,0.6,64.0,59.5,1.05,1.7,136.4
45,40,5,350,1,0.74,1.18,140.0,63.6,0.42,1.8,139.4
45,40,0,350,1,0.61,0.84,114.7,66.4,0.23,1.7,201.8
38,40,0,350,2,2.04,0.43,126.8,68.4,2.72,1.3,144.0
24,40,4,350,2,2.13,1.25,192.4,62.9,0.44,2.6,75.7
20,40,3,350,2,0.88,1.12,98.6,57.0,0.28,1.0,141.1
25,40,2,350,0,1.69,1.45,60.0,61.3,0.49,1.3,193.2
43,40,1,350,0,1.06,1.48,133.4,63.2,0.42,1.3,152.6
20,40,3,350,2,2.25,0.4,181.3,66.4,0.45,0.5,98.2
39,40,2,350,2,3.08,1.42,141.7,72.2,0.21,0.7,127.5
21,40,2,350,1,0.86,1.16,89.7,58.4,0.28,2.8,99.8
39,40,2,350,1,1.73,0.35,121.9,69.5,0.19,7.5,228.1
27,40,4,350,0,2.99,0.45,85.8,64.8,0.28,1.5,106.0
36,40,5,350,1,1.09,1.17,199.0,68.5,0.12,0.6,88.3
34,40,4,350,1,3.17,1.33,96.5,70.9,0.47,1.2,130.8
32,40,6,350,0,3.18,0.27,84.4,63.3,0.18,3.0,80.8
43,40,1,350,0,0.93,1.32,119.5,67.6,0.31,2.7,132.4
21,40,1,350,1,3.07,1.06,67.6,66.6,0.26,2.2,90.5
29,40,0,350,2,2.51,0.5,118.3,68.6,0.26,2.5,111.0
20,40,2,350,0,1.37,1.49,78.9,57.4,0.33,1.4,73.8
23,40,0,350,0,1.2,0.32,98.3,54.3,0.21,2.0,109.4
23,40,1,350,1,1.37,0.35,63.9,58.0,0.28,0.9,250.0
26,40,3,350,2,1.24,0.44,99.2,67.1,0.2,2.9,132.8
44,40,5,350,1,3.25,0.4,250.0,75.8,1.68,3.0,119.9
42,40,5,350,0,0.95,1.36,119.6,68.7,0.34,8.7,146.5
21,40,2,350,2,3.36,0.42,84.2,65.9,0.44,0.4,122.9
34,40,0,350,1,2.02,0.89,111.0,67.6,0.28,2.4,101.4
39,40,3,350,1,2.72,0.67,114.9,69.0,0.31,1.5,153.1
27,40,4,350,0,3.4,0.81,88.8,59.1,0.49,2.4,120.6
42,40,4,350,1,3.1,1.21,143.2,83.3,0.29,2.5,104.8
26,40,4,350,1,2.0,1.25,104.8,66.4,0.16,9.6,174.6
21,40,2,350,1,3.43,1.04,91.7,60.6,0.5,1.9,121.6
39,40,4,350,2,2.56,0.78,138.6,68.7,0.47,1.5,167.5
33,40,4,350,2,2.32,1.36,107.5,65.3,0.35,1.8,123.8
38,40,2,350,2,0.85,1.33,155.2,75.3,0.42,2.4,125.8
37,40,4,350,1,3.07,1.02,112.2,65.8,0.12,0.3,92.6
25,40,6,350,0,0.69,0.9,111.1,63.4,0.39,0.3,87.3
22,40,2,350,1,1.77,1.21,89.7,63.0,0.14,2.3,146.0
21,40,5,350,1,2.77,0.83,80.4,57.8,0.47,1.9,119.8
37,40,0,350,2,3.33,1.17,135.8,78.1,0.43,2.1,128.5
40,40,3,350,0,0.73,1.27,106.1,64.2,0.3,2.4,115.4
35,40,6,350,1,1.91,1.33,114.7,60.3,0.19,2.1,62.7
41,40,3,350,0,2.16,0.77,102.5,65.8,0.2,1.5,86.4
20,40,4,350,0,2.71,0.45,52.5,49.6,2.06,0.3,155.2
21,40,0,350,1,3.24,0.64,78.1,51.9,0.18,1.1,158.0
30,40,5,350,1,3.13,1.05,123.2,61.2,1.15,2.6,184.2
40,40,3,350,2,1.91,0.52,151.4,78.7,0.31,1.1,100.3
21,40,5,350,0,0.62,0.96,157.8,60.4,0.44,0.1,103.4
26,40,6,350,0,1.66,0.29,91.8,68.4,0.47,1.0,89.4
30,40,6,350,1,0.89,0.7,96.5,55.6,2.0,2.9,185.6
23,40,0,350,1,1.45,1.06,78.9,56.8,0.36,1.5,158.8
45,40,0,350,2,1.91,0.51,145.5,70.1,0.41,0.1,185.3
40,40,3,350,2,3.5,1.01,148.1,68.3,0.4,1.7,121.2
41,40,2,350,1,2.52,0.56,178.8,71.5,0.11,2.7,92.9
33,40,1,350,0,1.42,0.99,109.2,66.7,0.4,0.4,117.4
20,40,0,350,0,2.13,0.36,81.8,56.4,0.14,2.0,94.5
32,40,3,350,2,1.64,1.43,110.0,62.3,0.4,1.1,185.4
29,40,1,350,2,1.43,0.61,85.4,66.2,0.19,1.5,105.8
33,40,5,350,0,1.52,0.63,175.6,62.9,0.43,1.4,132.0
41,40,3,350,0,1.69,0.68,97.7,70.8,0.29,1.7,187.9
45,40,4,350,0,2.89,1.28,120.6,55.9,0.23,0.7,129.8
38,40,3,350,1,3.15,0.87,177.6,57.9,0.39,0.9,121.3
33,40,6,350,0,3.27,0.28,123.9,67.6,0.27,0.5,116.4
31,40,2,350,1,1.37,1.11,112.3,58.9,0.45,1.7,167.3
36,40,2,350,0,3.28,1.03,110.6,61.9,0.39,1.7,115.3
45,40,2,350,2,1.36,1.19,154.6,71.0,0.3,7.3,156.2
35,40,6,350,0,1.58,0.6,103.5,66.0,0.39,1.5,97.3
43,40,0,350,1,2.16,0.46,126.2,70.7,0.11,2.4,162.9
20,40,4,350,1,0.9,0.89,86.2,60.0,0.41,9.8,179.5
23,40,1,350,0,2.2,0.69,152.8,63.8,0.39,1.0,133.4
35,40,6,350,1,1.55,1.39,139.0,60.2,0.22,2.1,194.2
36,40,3,350,1,0.8,1.04,124.1,73.0,0.28,1.8,88.9
42,40,0,350,1,2.18,0.47,183.6,65.0,0.17,2.5,91.3
34,40,1,350,0,1.81,1.42,78.4,73.9,0.43,1.8,79.2
20,40,1,350,2,1.52,1.25,80.0,62.8,0.4,0.6,101.4
24,40,1,350,1,1.62,0.7,66.4,56.1,0.28,0.6,73.2
26,40,4,350,0,2.78,0.38,93.3,66.4,0.11,2.0,100.9
28,40,3,350,0,2.92,0.54,66.9,64.7,0.16,0.0,129.5
30,40,6,350,0,0.59,0.97,92.2,56.0,0.27,0.7,200.2
30,40,6,350,0,3.3,1.5,127.1,64.4,0.26,1.4,123.7
27,40,1,350,2,1.43,1.27,193.7,72.8,0.34,2.7,173.8
39,40,0,350,0,2.61,1.48,114.9,60.7,0.26,0.0,85.6
43,40,4,350,2,1.11,1.25,159.3,65.2,2.34,1.5,250.0
26,40,4,350,0,1.84,1.2,81.7,63.3,0.22,7.7,112.0
42,40,1,350,1,0.61,0.96,210.3,61.7,0.26,1.7,148.0
31,40,2,350,0,1.14,1.29,81.7,69.3,2.73,0.4,182.8
34,40,5,350,1,1.54,1.21,138.1,59.4,0.41,1.7,122.5
43,40,6,350,1,2.12,0.84,140.4,73.8,0.22,2.4,129.2
37,40,5,350,1,2.34,0.4,110.4,67.2,0.31,0.1,250.0
23,40,4,350,2,1.34,0.77,117.5,64.2,0.35,1.3,106.0
36,40,5,350,1,1.79,1.22,250.0,68.3,0.27,0.7,154.6
28,40,3,350,1,0.5,0.57,96.2,75.2,0.11,1.3,84.8
44,40,6,350,2,1.62,1.5,148.1,73.8,0.3,0.2,157.5
23,40,0,350,0,2.46,0.61,78.6,62.6,0.4,1.1,67.4
42,40,2,350,1,1.02,1.05,152.3,64.7,0.3,1.8,110.0
24,40,1,350,0,3.44,0.68,57.6,66.0,0.39,2.4,183.0
32,40,0,350,0,2.23,0.73,99.2,65.4,0.46,2.1,124.4
30,40,5,350,1,2.77,0.27,168.8,66.2,0.34,0.4,101.0
38,40,0,350,1,1.98,0.44,110.1,70.1,0.41,1.9,200.4
34,40,0,350,0,1.74,0.48,94.5,70.6,0.22,2.9,123.2
45,40,1,350,0,0.9,0.26,187.6,59.1,0.39,1.8,159.6
37,40,4,350,0,0.59,0.66,109.8,69.3,0.32,0.1,107.6
42,40,1,350,1,3.0,1.28,147.4,67.3,0.22,0.3,73.0
34,40,3,350,0,1.2,1.38,102.4,64.2,0.17,9.8,128.6
20,40,4,350,2,2.77,1.17,68.7,60.0,0.24,1.0,160.9
39,40,0,350,1,2.81,0.83,91.8,70.5,0.25,1.7,124.1
45,40,4,350,1,2.99,1.43,153.8,65.4,0.32,1.2,250.0
27,40,4,350,2,1.01,1.21,114.4,71.3,0.46,1.1,148.8
43,40,2,350,2,3.03,0.83,243.8,71.2,0.39,1.7,88.4
40,40,6,350,2,2.1,0.94,138.0,77.1,0.12,2.1,117.4
23,40,2,350,1,0.94,0.41,76.6,61.9,0.18,2.1,250.0
28,40,3,350,1,0.8,0.26,108.2,56.7,0.25,1.4,219.6
37,40,3,350,2,0.82,0.99,250.0,72.8,2.69,1.0,156.4
34,40,0,350,2,1.4,1.27,210.9,67.7,0.44,2.3,132.6
28,40,5,350,2,1.13,0.55,112.6,56.7,0.39,1.7,95.9
38,40,2,350,2,2.36,0.68,117.9,73.4,0.36,0.9,112.8
26,40,1,350,1,1.2,1.23,84.1,67.7,0.49,2.2,125.6
30,40,0,350,1,1.54,0.66,104.3,64.9,0.19,0.7,99.1
22,40,2,350,2,2.0,0.38,110.6,71.6,0.48,2.7,115.4
22,40,5,350,2,2.9,0.28,93.8,59.3,0.4,1.5,96.0
36,40,3,350,0,2.71,1.18,98.8,75.4,0.11,1.3,119.0
24,40,5,350,0,1.5,1.04,84.8,59.4,0.42,8.3,133.9
28,40,2,350,2,0.89,1.32,112.8,63.0,2.76,2.5,250.0
37,40,3,350,0,1.55,1.14,98.5,67.3,0.44,9.3,228.8
39,40,3,350,2,1.55,1.12,217.1,72.1,0.23,1.6,117.8
39,40,6,350,0,1.56,0.63,189.6,72.6,0.37,0.2,222.4
23,40,6,350,0,2.75,1.38,108.8,55.2,0.48,0.9,111.4
27,40,5,350,2,1.07,1.31,216.1,62.1,0.23,0.0,102.6
42,40,1,350,0,1.68,0.33,101.0,61.5,0.37,8.7,104.1
40,40,0,350,1,3.46,0.62,99.1,68.1,0.17,2.9,149.2
23,40,4,350,1,3.15,0.27,68.1,58.2,0.31,0.4,89.0
29,40,4,350,2,3.48,0.81,136.5,54.5,0.19,1.1,96.7
30,40,5,350,1,3.02,0.69,82.9,65.7,2.26,1.4,144.4
33,40,1,350,1,2.0,1.01,90.0,67.6,0.37,7.6,137.2
32,40,1,350,1,2.13,1.12,105.6,68.9,0.25,0.3,91.1
38,40,6,350,0,2.58,0.74,105.1,75.6,0.37,1.4,107.0
38,40,2,350,0,3.49,0.71,86.3,60.8,0.39,2.4,63.4
36,40,3,350,1,1.65,0.92,96.6,71.8,0.1,1.7,198.0
24,40,5,350,0,1.31,0.7,49.1,57.4,0.17,1.7,250.0
37,40,2,350,2,1.78,0.55,190.6,76.2,0.35,1.8,129.6
43,40,4,350,2,1.69,0.79,250.0,63.7,0.22,0.7,120.4
40,40,0,350,1,2.88,0.97,118.0,74.5,0.42,1.6,137.5
36,40,6,350,0,0.76,1.26,114.6,65.4,0.49,1.4,106.8
29,40,2,350,2,1.89,1.18,125.6,63.0,1.29,2.7,226.8
24,40,1,350,2,2.83,0.5,94.6,62.4,0.15,2.4,137.6
44,40,0,350,0,0.93,0.7,198.0,66.5,0.38,2.2,115.4
34,40,3,350,2,2.08,1.21,126.9,70.9,1.23,2.9,122.6
39,40,1,350,0,3.07,0.51,102.0,62.2,0.3,0.2,117.9
24,40,4,350,0,2.72,1.07,94.0,60.4,0.18,0.8,236.9
35,40,0,350,1,2.03,0.28,112.7,73.9,1.27,1.6,145.6
38,40,3,350,1,2.65,1.29,231.4,58.2,0.31,1.4,221.8
41,40,4,350,0,1.5,1.3,121.0,70.5,0.24,1.2,107.8
38,40,3,350,0,3.19,0.3,212.3,68.0,0.38,1.5,111.4
35,40,1,350,1,0.73,0.97,100.0,71.9,0.29,0.7,154.7
33,40,2,350,1,2.69,1.48,100.4,65.3,0.15,1.5,86.3
20,40,6,350,0,2.86,0.93,147.9,64.3,0.43,3.0,139.1
31,40,3,350,0,3.37,0.49,78.8,60.2,0.19,2.5,98.0
37,40,1,350,2,2.71,0.96,122.2,67.6,0.41,0.3,132.9
30,40,2,350,1,1.14,0.83,86.4,67.7,0.43,2.0,113.8
39,40,4,350,1,1.73,0.63,125.7,67.7,2.6,9.5,190.4
36,40,3,350,2,0.67,0.7,100.3,69.4,0.29,7.1,114.3
29,40,1,350,1,2.22,0.52,118.1,67.7,0.43,2.0,123.8
24,40,0,350,1,2.35,0.89,85.1,57.3,0.3,2.5,134.8
31,40,4,350,0,3.27,0.79,110.4,65.9,0.24,1.1,87.4
36,40,1,350,1,3.26,0.53,121.6,64.1,2.17,2.0,115.2
24,40,6,350,1,1.21,0.38,80.0,67.4,1.41,0.7,133.2
25,40,5,350,1,2.29,0.4,75.6,59.3,0.28,8.8,164.6
40,40,2,350,0,2.92,0.62,109.6,71.4,1.99,1.0,211.0
34,40,4,350,1,3.43,1.08,129.6,71.5,0.32,2.5,126.4
29,40,6,350,0,2.69,1.21,177.6,53.0,0.39,1.7,130.9
35,40,2,350,2,3.38,0.49,112.8,67.7,0.3,2.9,226.2
45,40,2,350,1,2.53,0.26,119.1,63.3,1.97,0.9,198.2
25,40,6,350,1,1.43,0.3,211.5,55.2,0.28,0.8,118.0
31,40,1,350,0,2.79,0.65,165.5,60.5,0.47,1.1,129.4
41,40,6,350,0,1.29,0.87,111.0,63.1,0.49,0.8,112.7
43,40,5,350,0,0.84,1.17,118.5,63.2,0.24,9.7,172.4
31,40,4,350,0,0.85,1.04,102.6,67.9,0.23,2.3,183.9
35,40,5,350,1,2.16,0.36,134.8,65.1,0.19,1.2,199.4
32,40,2,350,0,0.69,1.48,172.4,69.4,0.17,1.5,113.8
42,40,0,350,1,0.69,0.48,192.4,78.1,0.22,0.6,187.4
41,40,6,350,1,2.94,1.37,106.0,74.2,0.28,1.0,114.0
29,40,1,350,2,2.92,0.89,182.0,75.4,0.21,1.5,70.1
33,40,4,350,0,2.57,1.29,106.3,66.6,0.42,1.3,102.8
21,40,3,350,0,2.87,1.49,61.7,59.0,0.18,1.9,106.6
21,40,4,350,1,2.62,1.25,92.0,59.9,0.33,3.0,146.2
35,40,2,350,0,1.11,0.63,97.3,64.7,0.34,1.1,125.4
38,40,3,350,1,1.9,0.75,130.8,64.9,0.11,1.7,138.0
33,40,4,350,0,2.81,0.72,116.5,66.9,0.28,1.8,170.9
30,40,0,350,2,3.35,1.02,130.4,63.8,2.2,1.3,145.8
38,40,4,350,2,1.76,1.33,160.4,82.9,0.5,2.5,147.4
43,40,6,350,0,3.49,1.42,108.2,64.8,0.29,1.3,94.2
29,40,3,350,2,0.92,0.93,131.2,61.1,0.32,8.0,116.8
23,40,5,350,0,1.33,1.32,85.3,52.8,0.19,0.9,118.1
29,40,1,350,1,2.91,0.68,84.0,67.8,0.29,0.2,121.8
21,40,4,350,1,0.66,1.1,112.1,52.2,0.23,1.8,97.8
27,40,2,350,2,1.31,0.31,116.7,67.9,1.19,9.2,180.1
31,40,2,350,0,3.42,0.67,88.1,57.0,1.66,2.0,165.0
40,40,1,350,1,2.7,0.67,130.1,70.0,0.18,2.8,146.9
23,40,3,350,2,2.65,1.29,133.1,64.7,0.3,9.8,127.5
41,40,2,350,2,2.79,0.43,134.4,64.0,0.39,1.9,78.7
25,40,6,350,0,1.39,0.95,88.7,61.5,0.21,1.4,197.2
23,40,1,350,0,1.34,1.12,66.2,58.6,0.31,0.1,90.2
27,40,3,350,0,1.74,0.26,189.2,57.1,0.3,7.1,136.2
26,40,6,350,1,3.04,1.41,85.2,54.6,0.18,1.8,130.8
21,40,6,350,2,1.94,1.4,106.9,62.4,0.4,2.0,109.6
33,40,3,350,2,1.49,1.05,121.8,70.1,0.42,2.6,104.2
27,40,3,350,0,1.13,1.27,96.6,61.9,0.41,1.8,98.2
36,40,0,350,0,2.55,0.56,88.8,70.6,0.36,0.1,132.2
25,40,2,350,0,1.66,1.06,85.7,60.8,0.3,7.9,132.8
42,40,2,350,0,2.6,1.1,126.5,71.1,0.42,0.3,86.8
45,40,2,350,0,0.66,0.58,100.6,67.0,0.43,1.3,180.4
22,40,0,350,2,2.19,1.03,79.5,56.6,0.49,2.1,197.4
28,40,6,350,0,1.82,0.27,169.4,63.7,0.16,0.5,156.6
40,40,4,350,0,2.92,1.42,182.7,64.2,0.32,8.2,156.3
22,40,4,350,1,0.65,0.46,152.4,71.6,0.12,1.4,93.7
38,40,6,350,1,2.61,0.38,122.8,59.6,0.32,2.3,83.0
24,40,5,350,0,1.88,0.78,87.0,60.2,0.27,2.6,244.0
29,40,4,350,0,2.92,0.44,70.2,65.4,0.5,7.5,250.0
37,40,6,350,2,3.5,0.8,230.8,72.2,2.13,0.1,109.6
29,40,2,350,1,0.53,0.74,225.7,65.7,0.22,1.6,250.0
36,40,1,350,0,0.58,1.36,77.3,55.7,0.16,2.1,113.2
26,40,5,350,0,3.06,1.36,250.0,60.4,0.15,2.5,111.7
32,40,2,350,2,2.34,1.32,103.5,63.7,0.38,1.2,115.8
35,40,2,350,1,1.93,0.59,100.7,64.6,0.17,2.4,98.9
33,40,6,350,0,3.2,0.66,105.9,63.6,0.45,8.4,113.4
20,40,3,350,2,1.5,0.4,87.9,65.0,0.24,1.2,138.1
26,40,1,350,1,0.54,1.49,77.2,51.9,0.24,2.6,192.2
42,40,3,350,0,2.88,0.35,130.3,54.0,0.45,1.2,131.4
36,40,4,350,0,3.08,0.96,179.5,65.7,0.4,1.5,93.8
35,40,3,350,2,0.57,1.21,120.5,64.9,0.44,0.4,108.9
32,40,2,350,0,2.97,0.91,82.5,56.7,0.3,2.3,104.8
31,40,3,350,2,0.5,0.87,100.9,65.2,0.12,1.4,77.9
25,40,3,350,1,3.3,1.29,92.2,60.2,2.93,1.6,202.4
20,40,3,350,1,2.56,1.34,71.2,63.6,0.48,1.1,118.6
43,40,6,350,0,2.95,1.33,152.8,63.0,0.4,2.2,190.0
36,40,1,350,1,1.13,1.49,107.6,61.2,0.43,0.2,148.0
37,40,6,350,0,1.77,0.54,176.3,62.8,0.48,1.6,139.8
31,40,6,350,1,1.18,1.31,140.8,60.8,0.35,0.7,130.0
41,40,5,350,1,2.93,1.04,127.0,71.9,0.49,1.0,135.8
38,40,0,350,2,1.84,0.88,122.3,65.8,0.43,1.2,109.8
42,40,5,350,0,1.1,0.36,124.9,66.9,0.31,2.8,121.2
28,40,1,350,0,2.73,1.26,99.1,63.2,1.69,0.3,162.0
41,40,4,350,0,1.61,0.68,106.8,68.3,0.44,1.4,134.0
30,40,6,350,2,1.67,0.5,135.6,65.7,0.24,1.4,124.4
36,40,4,350,2,1.79,0.36,122.5,62.9,1.07,0.1,117.6
37,40,2,350,0,1.23,0.6,115.9,70.4,0.16,7.2,153.2
41,40,2,350,0,0.65,1.2,101.2,64.7,0.42,2.5,137.8
40,40,4,350,2,2.72,0.57,125.6,77.7,3.0,1.3,168.4
39,40,6,350,1,2.44,0.97,122.7,74.0,0.26,7.2,120.9
26,40,6,350,2,1.07,0.94,118.8,60.0,0.19,1.0,210.6
26,40,4,350,0,1.62,0.42,91.8,49.9,0.17,2.4,122.8
38,40,0,350,1,2.12,0.36,204.3,70.7,0.3,0.9,139.6
35,40,6,350,1,3.3,0.27,111.8,67.6,0.35,1.4,111.6
34,40,2,350,2,2.74,0.98,132.0,74.7,1.04,7.1,170.5
42,40,6,350,0,1.49,0.9,101.5,65.5,0.15,2.7,94.6
39,40,6,350,1,2.06,0.8,130.1,55.6,0.48,3.0,128.0
21,40,0,350,1,0.89,1.25,82.9,56.6,0.47,1.4,108.8
43,40,2,350,1,1.39,0.5,110.3,70.7,0.36,0.2,107.1
23,40,5,350,1,1.37,0.3,96.9,54.3,0.37,1.4,125.6
29,40,6,350,0,1.19,1.22,101.0,58.0,0.14,0.5,200.0
41,40,5,350,0,3.42,0.71,115.2,69.2,0.4,2.7,136.0
21,40,5,350,2,3.17,1.43,196.2,65.8,0.38,0.5,75.4
36,40,2,350,2,2.3,0.59,120.5,74.4,0.12,1.1,143.4
25,40,1,350,0,3.08,0.53,67.9,66.8,0.39,0.7,159.7
26,40,4,350,2,3.38,0.86,137.7,68.2,0.23,1.1,100.4
35,40,6,350,2,2.12,0.52,151.4,75.0,0.49,2.6,81.2
22,40,5,350,2,1.86,1.38,93.1,67.2,0.19,1.5,134.3
21,40,1,350,0,1.76,1.08,64.8,57.4,0.37,2.0,124.6
44,40,6,350,0,2.24,0.3,126.2,71.8,0.47,2.0,123.6
34,40,3,350,1,2.71,0.84,112.0,61.7,2.35,2.5,118.6
29,40,6,350,1,2.77,0.42,109.5,66.1,0.35,0.9,139.3
21,40,1,350,0,1.06,1.02,74.6,50.3,0.44,1.7,111.4
45,40,2,350,2,3.05,0.74,130.9,75.4,0.2,7.5,137.4
22,40,5,350,1,2.76,1.49,98.8,68.4,0.15,2.0,115.8
44,40,0,350,0,1.09,0.91,108.1,65.0,0.38,2.8,99.4
35,40,1,350,2,3.35,0.65,106.6,75.0,0.12,1.2,135.1
20,40,6,350,1,3.4,1.37,83.9,59.9,0.23,1.8,146.6
43,40,5,350,2,1.62,1.31,129.1,76.8,0.1,0.3,185.8
40,40,6,350,0,3.04,0.95,136.8,57.0,0.34,1.9,137.2
34,40,4,350,2,1.61,0.69,183.2,61.2,0.39,2.9,142.0
38,40,5,350,2,3.36,0.78,125.4,73.2,0.39,1.9,103.5
40,40,3,350,2,1.69,0.32,126.0,66.9,0.37,1.2,54.0
22,40,0,350,1,3.2,1.49,91.0,62.4,0.19,0.8,77.2
22,40,1,350,0,1.84,1.35,44.2,58.0,1.63,2.3,159.9
28,40,3,350,0,1.27,0.42,71.6,62.2,0.13,2.3,211.8
36,40,1,350,2,0.99,1.38,127.4,60.3,0.35,0.7,169.1
39,40,0,350,1,2.33,1.47,201.8,63.9,0.39,3.0,208.6
45,40,6,350,2,2.94,0.43,161.4,72.8,0.37,1.7,163.4
33,40,5,350,0,0.54,1.39,192.2,59.5,0.35,1.4,144.2
45,40,5,350,2,1.32,1.34,151.9,72.8,0.45,7.2,206.4
42,40,2,350,2,3.1,0.85,134.1,69.4,0.19,1.2,150.7
23,40,0,350,0,1.02,0.87,174.4,49.7,0.19,0.2,47.1
40,40,3,350,1,2.3,1.26,143.7,64.9,1.96,2.1,137.0
24,40,0,350,0,3.49,0.87,43.5,63.2,0.46,1.6,85.7
21,40,0,350,2,2.19,1.05,100.3,56.4,0.5,3.0,129.2
25,40,5,350,0,1.01,1.29,73.2,58.2,0.49,1.5,93.1
39,40,5,350,0,3.31,0.31,111.2,59.2,2.69,1.1,179.4
28,40,3,350,1,1.48,1.35,80.5,62.0,0.21,1.3,93.5
37,40,4,350,2,3.4,0.37,135.2,75.0,0.12,0.2,101.7
21,40,5,350,0,1.15,0.29,85.8,57.1,0.38,2.7,224.2
32,40,0,350,1,0.78,0.29,99.2,68.4,1.61,2.9,126.4
26,40,4,350,1,1.25,0.87,209.1,62.7,0.15,2.8,110.2
22,40,3,350,2,1.67,0.89,92.1,56.4,0.49,2.7,136.9
37,40,0,350,1,1.4,0.77,98.2,67.8,2.52,0.6,153.3
40,40,5,350,0,2.38,0.59,120.1,65.3,0.31,2.8,166.0
33,40,3,350,0,2.64,0.92,113.4,67.7,2.43,7.2,177.2
40,40,5,350,1,3.16,1.23,151.6,59.6,0.5,0.3,226.6
41,40,3,350,0,2.77,1.33,115.6,73.2,2.29,9.0,148.0
38,40,4,350,2,2.32,1.42,218.1,68.9,0.23,1.6,215.2
23,40,3,350,2,0.63,1.38,82.2,58.5,0.26,1.2,96.7
43,40,1,350,1,3.19,1.45,206.2,71.2,0.23,9.8,112.3
29,40,3,350,1,3.4,1.02,88.6,62.4,0.26,1.3,126.4
32,40,5,350,0,0.8,1.34,74.5,56.7,0.37,1.5,98.9
35,40,6,350,1,1.3,0.55,117.9,65.5,0.39,2.6,136.2
24,40,4,350,0,2.67,0.67,88.1,52.0,0.43,1.9,120.9
34,40,6,350,1,0.75,0.38,121.2,73.0,0.29,3.0,107.2
38,40,0,350,0,0.87,1.3,107.8,64.4,1.6,0.6,156.2
31,40,3,350,0,2.04,0.51,92.4,70.2,0.24,2.6,112.3
39,40,0,350,2,2.7,0.63,130.1,65.2,0.25,1.0,116.6
33,40,5,350,0,1.43,1.04,99.6,62.6,0.29,2.0,62.2
28,40,4,350,1,1.26,1.21,109.4,63.5,0.3,2.0,107.9
25,40,4,350,0,1.21,1.44,50.9,56.7,0.33,2.4,129.0
32,40,0,350,1,3.19,1.05,96.4,58.7,0.44,3.0,135.2
20,40,4,350,2,3.26,0.79,115.6,61.6,0.21,2.8,100.0
38,40,4,350,1,2.66,0.95,118.1,59.1,0.34,0.2,191.2
40,40,2,350,0,1.46,1.31,87.0,76.1,0.5,1.5,129.2
22,40,1,350,1,1.5,0.98,185.4,77.7,0.44,1.3,250.0
34,40,4,350,1,2.77,1.04,116.4,72.1,0.49,2.8,100.0
44,40,2,350,0,1.13,0.64,250.0,72.3,0.29,1.4,245.0
22,40,1,350,2,0.8,0.8,82.9,65.3,0.45,2.2,156.8
44,40,0,350,2,0.91,1.11,235.8,77.0,0.45,2.4,250.0
36,40,3,350,2,1.97,1.4,142.4,75.3,0.2,2.8,204.2
25,40,1,350,0,2.27,1.23,250.0,64.8,0.45,3.0,109.2
33,40,6,350,0,0.86,0.46,191.4,68.3,0.47,8.3,150.7
27,40,4,350,2,1.74,0.62,92.0,77.2,0.4,0.2,103.6
32,40,2,350,2,0.56,0.92,114.6,69.5,0.2,2.0,121.2
35,40,5,350,1,0.61,0.5,96.9,66.5,0.34,1.0,250.0
26,40,1,350,1,2.41,0.41,111.2,75.8,0.12,0.6,109.5
29,40,4,350,0,2.16,1.41,250.0,57.5,0.13,0.2,87.6
32,40,2,350,0,1.61,0.39,105.6,59.3,0.18,0.5,214.6
24,40,1,350,1,1.85,1.22,84.9,63.2,0.39,0.2,196.1
35,40,1,350,0,1.02,1.18,210.2,60.0,0.26,1.7,137.0
25,40,5,350,2,2.37,0.56,189.6,68.6,0.34,0.6,87.3
39,40,5,350,1,2.99,0.53,127.1,61.3,0.1,2.6,149.4
27,40,5,350,0,1.78,1.19,80.1,54.6,0.22,1.2,112.6
43,40,6,350,2,3.06,1.05,138.8,75.7,0.3,0.9,89.9
43,40,0,350,0,2.72,1.07,105.1,63.4,0.3,2.7,109.8
21,40,4,350,1,3.46,1.4,82.2,62.8,0.13,2.2,141.2
37,40,1,350,0,1.07,1.31,95.9,64.0,0.4,2.3,109.4
37,40,5,350,0,1.49,1.46,131.6,73.1,0.32,1.9,112.4
29,40,2,350,1,1.03,0.25,95.3,66.8,0.31,2.9,91.9
39,40,0,350,2,2.36,1.26,101.0,78.6,0.38,1.5,144.0
29,40,0,350,0,2.79,1.04,77.1,65.3,0.26,2.7,207.6
42,40,1,350,1,1.51,0.75,133.1,72.5,0.28,0.6,179.7
34,40,1,350,2,0.56,0.91,194.2,73.4,0.23,0.5,111.2
32,40,6,350,0,2.13,0.64,173.4,59.3,0.45,0.1,94.4
34,40,5,350,1,2.04,1.45,106.0,71.6,0.14,0.2,114.4
40,40,4,350,0,1.63,0.31,87.3,67.3,0.35,2.4,121.2
36,40,2,350,0,1.17,1.08,111.6,70.9,0.19,1.0,119.6
41,40,1,350,2,3.4,0.54,107.5,68.0,0.45,0.8,91.6
30,40,6,350,1,2.2,0.42,113.2,59.2,2.32,0.7,116.0
32,40,6,350,0,0.95,1.35,82.1,61.5,1.86,9.0,167.2
20,40,1,350,1,3.14,0.53,78.7,58.2,0.18,1.7,223.4
34,40,2,350,0,2.74,0.95,107.8,63.3,0.12,1.1,154.2
41,40,5,350,0,1.98,0.37,214.8,61.1,1.17,2.9,140.8
45,40,3,350,0,3.06,0.73,148.6,74.3,0.13,1.3,138.8
44,40,2,350,0,1.3,0.35,113.1,67.8,0.26,2.8,239.0
37,40,6,350,1,0.5,0.35,132.3,66.9,0.46,2.7,93.0
41,40,0,350,1,1.0,1.15,225.3,68.6,2.81,0.5,130.6
22,40,5,350,2,3.37,0.82,76.6,63.8,0.47,1.4,106.6
27,40,4,350,0,1.44,0.65,86.7,59.0,0.29,0.2,128.0
27,40,3,350,0,2.15,1.41,94.7,60.8,0.17,1.0,225.4
35,40,2,350,2,0.65,0.56,123.0,78.4,0.21,0.4,213.0
25,40,3,350,0,2.05,0.94,219.4,51.2,0.47,8.1,139.8
31,40,2,350,1,1.91,0.8,208.5,65.9,0.24,8.8,144.1
22,40,3,350,2,3.34,0.94,104.4,62.5,0.44,1.3,107.8
27,40,5,350,2,0.95,0.77,109.7,62.7,0.28,2.9,124.3
20,40,4,350,1,3.01,0.33,96.7,70.4,0.11,0.6,250.0
24,40,2,350,1,1.84,1.26,109.9,64.9,0.36,0.9,109.0
44,40,2,350,2,1.09,1.34,250.0,68.1,1.32,1.6,146.3
36,40,4,350,1,2.3,1.29,100.4,69.5,0.42,1.3,94.1
41,40,4,350,0,0.66,0.94,120.9,58.7,0.35,2.1,106.6
31,40,2,350,0,3.24,0.28,83.3,66.7,0.32,1.1,134.2
34,40,6,350,0,3.22,0.4,94.0,70.5,0.26,1.7,206.6
36,40,5,350,2,2.98,0.55,125.5,69.6,0.15,7.8,179.2
26,40,4,350,1,3.4,1.42,196.8,58.8,0.24,1.3,191.0
44,40,5,350,1,2.87,1.25,149.6,66.0,2.31,0.7,145.7
26,40,4,350,1,1.18,0.85,182.8,55.5,0.2,8.2,100.8
39,40,1,350,0,1.34,1.17,108.6,62.8,0.23,8.0,159.4
27,40,5,350,0,3.14,0.25,69.1,60.8,0.41,1.9,123.9
45,40,2,350,2,0.84,1.28,128.0,74.4,0.23,2.9,127.2
24,40,2,350,1,0.67,1.29,111.1,63.0,0.18,2.0,246.5
37,40,1,350,2,1.02,0.51,113.6,75.7,0.41,2.7,132.0
41,40,3,350,2,1.14,1.43,236.8,71.5,0.39,2.6,69.0
33,40,0,350,2,1.59,1.24,116.4,67.8,0.26,2.1,113.8
22,40,4,350,0,0.69,1.4,54.0,49.9,0.17,2.7,137.8
27,40,3,350,2,1.16,1.34,102.5,71.2,0.38,2.3,146.6
25,40,4,350,2,1.54,0.92,125.8,73.0,0.29,1.5,100.0
42,40,5,350,0,2.86,1.46,132.8,65.7,0.27,2.7,95.4
30,40,3,350,2,0.78,0.51,90.4,70.7,0.2,0.7,193.8
26,40,1,350,1,0.89,1.41,81.9,63.4,0.24,0.1,164.0
39,40,3,350,0,1.64,0.54,188.3,62.1,0.17,9.8,101.4
43,40,5,350,2,1.18,1.03,160.1,79.6,0.23,2.3,99.8
22,40,5,350,0,1.7,1.14,64.5,52.6,0.46,1.5,141.6
21,40,3,350,2,1.99,1.4,88.3,60.2,0.45,2.2,96.2
35,40,2,350,1,1.66,0.89,129.5,61.6,0.29,0.2,217.4
30,40,2,350,1,1.39,0.93,81.8,66.3,0.24,2.9,92.0
28,40,2,350,0,2.26,1.01,212.4,64.2,0.45,2.7,176.1
26,40,0,350,1,1.3,0.84,78.2,53.6,0.42,1.1,107.2
22,40,1,350,1,3.22,0.91,159.9,65.4,0.24,2.1,98.6
32,40,2,350,0,2.31,1.38,97.1,58.1,0.1,8.8,118.3
29,40,0,350,1,2.61,0.58,87.7,64.3,0.11,0.6,90.0
30,40,1,350,0,3.1,0.83,86.0,60.3,1.98,7.7,173.4
21,40,2,350,2,3.38,0.41,86.2,60.6,0.11,0.4,95.6
38,40,4,350,1,0.67,0.83,116.8,73.0,0.45,1.6,142.8
22,40,5,350,2,2.14,1.18,92.5,69.7,0.5,0.7,117.0
42,40,2,350,1,1.41,0.82,130.4,66.3,0.37,2.2,130.2
31,40,6,350,0,1.85,0.79,107.1,67.0,2.02,0.7,173.4
25,40,2,350,2,2.36,1.38,117.0,68.4,0.38,1.8,143.1
44,40,2,350,1,3.33,1.02,140.6,66.0,0.49,1.2,154.8
28,40,4,350,2,3.07,1.47,131.1,63.6,0.14,2.3,109.6
45,40,2,350,0,2.48,1.46,143.3,67.7,0.47,0.1,168.3
31,40,0,350,2,2.02,0.53,99.5,63.5,0.38,2.1,137.4
38,40,5,350,2,3.27,0.7,160.9,74.5,1.65,2.6,168.8
42,40,5,350,1,1.01,1.45,124.3,66.9,0.27,2.6,154.2
44,40,6,350,0,1.04,1.35,135.0,65.2,0.3,2.3,103.4
35,40,5,350,2,1.83,1.48,141.0,63.8,2.31,1.9,227.7
27,40,6,350,2,1.04,0.83,90.9,57.7,0.21,2.2,143.2
43,40,4,350,0,1.83,1.18,186.4,59.3,0.41,1.5,51.2
43,40,0,350,0,1.56,0.79,132.4,71.0,0.32,1.5,250.0
21,40,0,350,0,3.3,0.43,39.8,65.9,0.43,7.6,237.2
30,40,4,350,1,3.48,1.31,242.3,78.0,0.38,0.4,66.6
36,40,6,350,0,2.24,0.84,204.2,57.3,0.44,2.7,132.0
30,40,2,350,0,2.81,0.45,59.5,57.2,0.18,0.9,131.5
29,40,5,350,2,1.29,1.23,116.0,53.7,0.29,0.1,111.2
20,40,6,350,2,0.52,1.24,125.7,65.1,0.2,0.8,177.5
36,40,5,350,2,0.92,0.77,106.5,69.9,0.33,0.4,223.6
32,40,1,350,0,1.97,1.24,171.7,66.7,2.45,7.1,152.9
33,40,6,350,2,1.94,0.9,217.2,69.2,0.44,0.1,219.6
36,40,5,350,1,1.34,0.43,91.3,63.2,0.45,3.0,101.2
43,40,4,350,1,1.61,1.19,212.6,73.8,0.18,2.1,132.5
33,40,2,350,1,1.3,1.35,83.9,67.2,0.31,1.0,105.8
35,40,2,350,1,3.43,1.07,122.5,69.1,2.12,0.4,147.4
40,40,4,350,0,1.17,1.15,97.6,84.2,2.14,1.8,149.5
23,40,6,350,2,3.22,1.39,114.2,62.6,0.45,0.2,121.6
26,40,6,350,2,2.37,1.17,111.1,60.8,0.4,2.2,67.7
23,40,3,350,2,0.73,0.89,114.1,66.2,0.25,9.8,123.6
24,40,6,350,0,2.83,0.9,54.0,60.6,0.36,2.5,123.6
33,40,5,350,0,1.18,0.94,85.6,66.0,0.47,0.5,86.6
22,40,5,350,2,2.71,1.28,109.5,66.2,0.15,1.3,145.4
36,40,3,350,0,3.14,1.47,77.8,64.7,0.37,1.2,210.2
41,40,3,350,0,2.64,0.75,138.6,62.4,0.14,2.7,67.6
37,40,6,350,1,2.84,0.35,200.5,65.0,0.37,2.6,112.8
25,40,0,350,0,0.84,1.23,56.0,68.6,0.49,7.7,222.7
29,40,5,350,1,1.13,0.79,98.2,66.0,0.47,1.5,110.2
22,40,4,350,1,2.55,1.37,188.4,61.3,1.32,1.4,140.9
22,40,2,350,2,0.89,1.02,97.9,54.7,0.19,0.6,151.4
40,40,2,350,2,2.7,0.53,116.2,72.0,0.35,9.5,104.0
45,40,2,350,2,3.12,0.53,146.5,73.8,0.41,2.6,196.6
22,40,4,350,0,1.93,1.06,65.5,63.3,0.24,1.9,220.0
34,40,2,350,0,0.73,0.25,181.4,62.0,0.21,2.3,132.8
34,40,5,350,1,0.8,1.44,209.8,58.8,0.34,2.8,101.1
36,40,5,350,1,3.22,0.56,121.6,73.9,0.21,1.1,103.7
21,40,5,350,0,3.19,0.39,86.2,59.8,0.36,0.3,114.6
32,40,0,350,0,1.02,1.28,96.7,74.8,0.2,1.4,64.7
23,40,3,350,2,2.41,0.9,108.2,63.5,0.32,8.2,138.7
21,40,6,350,0,2.4,0.49,56.8,56.8,0.28,2.9,147.4
40,40,1,350,1,0.94,0.54,105.2,60.8,0.15,2.8,128.0
33,40,4,350,2,2.61,0.32,133.1,72.3,0.4,2.4,156.4
30,40,4,350,1,0.63,1.24,116.0,59.3,0.12,8.7,100.4
38,40,6,350,2,3.37,0.65,142.0,69.5,0.48,1.3,173.0
29,40,4,350,0,1.91,0.9,68.2,60.2,0.5,0.8,85.5
20,40,4,350,0,3.3,1.49,161.2,56.0,0.27,1.0,195.2
26,40,0,350,0,2.61,1.18,75.2,61.9,0.14,0.5,138.6
34,40,6,350,1,2.35,0.93,187.6,65.2,0.12,9.1,173.6
37,40,0,350,2,0.72,1.49,134.8,75.5,0.15,0.5,113.4
45,40,1,350,2,3.13,0.52,140.0,76.6,0.48,2.2,127.9
42,40,1,350,0,3.06,0.41,109.4,68.8,0.44,2.2,122.9
34,40,2,350,1,1.55,0.97,113.0,65.9,0.31,1.4,106.3
41,40,3,350,1,2.44,0.76,108.6,68.0,0.13,2.8,185.0
21,40,2,350,2,1.05,1.38,96.7,70.3,0.28,0.6,130.4
22,40,0,350,1,3.39,1.33,173.3,55.1,0.39,2.8,124.6
39,40,6,350,0,1.07,1.43,124.1,67.5,0.44,0.0,112.4
27,40,6,350,1,1.7,0.57,109.0,62.4,0.27,0.4,67.0
35,40,0,350,2,2.71,0.71,105.8,69.4,0.49,1.8,149.8
25,40,2,350,0,1.77,0.95,61.5,52.0,1.61,2.5,177.8
35,40,2,350,2,2.13,1.05,136.1,70.5,0.23,0.6,130.1
31,40,5,350,2,3.42,0.99,144.9,65.8,0.22,0.8,108.7
40,40,3,350,1,2.07,0.52,124.6,69.4,0.16,1.5,110.6
28,40,3,350,2,2.66,1.1,102.6,66.2,0.23,1.4,110.8
34,40,0,350,2,2.55,0.65,102.9,67.5,0.22,9.1,150.8
25,40,3,350,2,1.72,1.43,102.5,70.5,0.27,1.1,119.6
31,40,1,350,1,0.93,1.01,115.6,74.1,0.4,0.6,239.5
45,40,0,350,0,3.01,1.48,111.7,65.9,0.39,0.6,102.1
31,40,4,350,2,1.62,1.24,231.4,58.8,0.29,2.3,107.6
23,40,0,350,2,0.97,0.42,94.2,70.1,0.19,0.4,101.4
35,40,1,350,0,2.99,1.0,95.2,62.5,0.18,2.4,136.2
39,40,4,350,0,1.1,0.91,97.1,65.9,2.09,0.7,224.8
45,40,0,350,1,3.33,1.0,125.1,72.1,1.07,0.9,223.7
22,40,3,350,1,3.06,1.47,191.0,62.1,0.19,1.3,201.3
41,40,0,350,0,2.76,0.88,204.5,63.2,0.27,9.1,162.2
31,40,2,350,2,0.58,0.94,193.9,66.5,0.44,2.3,209.6
38,40,5,350,1,2.47,1.12,126.3,73.8,0.47,1.6,108.0
20,40,4,350,0,2.38,1.01,194.9,52.7,0.33,1.3,143.2
30,40,2,350,0,1.33,1.2,95.4,63.1,2.22,9.6,173.1
41,40,6,350,2,0.64,0.88,133.7,69.1,0.31,0.1,77.5
43,40,2,350,0,0.98,1.42,106.2,74.7,0.41,1.0,174.5
21,40,0,350,0,0.62,1.08,72.5,58.3,0.24,0.3,81.7
44,40,6,350,2,0.58,0.54,164.8,68.9,0.33,7.4,216.6
21,40,1,350,2,1.91,0.29,77.1,64.6,0.36,2.6,250.0
30,40,0,350,1,1.62,1.46,185.7,67.2,0.31,0.5,77.4
41,40,0,350,0,2.72,1.37,250.0,62.6,2.54,2.3,141.4
28,40,3,350,1,2.8,0.89,71.0,68.1,0.39,1.5,113.6
39,40,4,350,0,2.26,0.89,95.3,70.2,0.4,0.2,90.2
32,40,4,350,0,2.02,0.66,102.5,63.6,0.21,1.2,117.4
20,40,2,350,2,3.12,0.29,83.5,59.3,0.21,1.9,123.1
45,40,5,350,1,1.29,0.39,110.0,62.5,1.32,2.5,141.8
35,40,2,350,1,0.85,1.29,113.3,65.2,0.32,1.3,148.6
32,40,1,350,1,2.0,1.05,113.2,61.2,0.49,0.9,111.9
39,40,4,350,2,3.19,0.9,139.2,65.3,1.64,0.2,108.4
34,40,4,350,0,2.21,1.49,101.4,55.3,0.37,1.0,133.9
27,40,2,350,0,2.68,1.48,83.1,49.0,0.43,1.7,125.9
33,40,3,350,2,1.77,0.84,124.8,69.2,0.12,0.3,112.4
42,40,1,350,2,0.67,0.88,113.5,68.4,0.35,2.2,112.4
26,40,6,350,1,0.69,1.18,109.6,70.6,0.44,0.3,122.0
38,40,1,350,0,2.73,0.69,99.4,63.1,1.61,0.1,139.0
33,40,0,350,1,1.43,1.31,114.3,64.2,0.31,0.1,170.7
25,40,6,350,2,3.03,0.83,114.5,55.3,0.17,2.4,137.5
31,40,2,350,0,1.92,1.43,165.7,57.8,0.11,1.1,134.1
37,40,4,350,1,2.46,0.94,126.5,75.4,0.13,2.6,132.4
40,40,6,350,1,2.04,0.54,128.6,63.9,2.11,2.7,180.2
40,40,5,350,1,3.39,1.42,121.4,73.2,0.42,0.4,97.6
35,40,4,350,1,0.6,1.31,139.1,67.8,0.14,2.9,120.6
25,40,3,350,2,1.92,1.39,89.9,69.7,0.15,2.7,108.7
26,40,5,350,1,0.96,1.38,108.4,53.2,0.28,1.4,105.1
25,40,1,350,2,1.01,0.86,97.0,69.9,0.12,0.2,91.4
21,40,3,350,1,2.85,1.49,96.0,67.0,0.19,0.4,87.8
23,40,5,350,1,2.24,0.45,88.9,54.0,0.45,2.4,202.0
23,40,5,350,2,1.61,0.52,83.5,65.4,0.46,1.2,104.8
30,40,1,350,0,2.0,1.34,186.9,59.0,0.34,1.0,66.3
40,40,0,350,1,3.49,1.2,93.7,73.1,0.3,1.0,126.1
20,40,6,350,0,2.9,0.78,57.7,65.1,0.34,2.2,116.5
32,40,2,350,2,0.62,1.11,118.1,62.0,0.13,2.0,81.4
44,40,1,350,1,1.14,1.22,103.7,75.0,0.31,1.7,131.2
28,40,3,350,0,1.55,1.23,72.5,66.0,0.12,1.6,152.0
42,40,0,350,0,2.96,0.6,120.6,66.2,0.19,0.9,245.7
41,40,5,350,1,2.25,0.86,144.6,72.9,0.26,1.5,96.4
36,40,4,350,1,1.49,1.39,239.7,67.7,0.27,0.2,168.2
29,40,1,350,0,3.37,0.97,87.3,66.1,0.25,0.2,84.9
31,40,4,350,0,3.34,0.87,163.4,64.3,0.44,7.2,161.4
30,40,4,350,0,1.8,0.46,80.4,62.0,0.4,2.1,193.4
44,40,6,350,0,0.55,1.12,129.6,79.8,0.5,2.1,132.0
21,40,3,350,0,1.91,0.71,180.0,60.3,0.46,0.8,95.7
29,40,3,350,2,2.04,0.42,117.1,53.1,0.31,0.5,103.9
23,40,6,350,1,2.73,1.4,86.0,56.6,1.37,0.2,157.0
27,40,1,350,2,0.8,0.69,97.5,73.2,2.2,0.6,184.5
42,40,6,350,0,1.76,0.32,135.7,67.4,1.25,1.1,114.2
42,40,3,350,2,2.71,0.83,149.4,69.4,2.9,2.5,147.0
31,40,0,350,0,0.66,0.33,91.6,50.6,0.12,1.7,156.6
27,40,1,350,0,3.07,1.01,94.7,59.0,0.22,0.5,53.2
39,40,6,350,2,0.92,0.84,148.9,69.0,0.24,2.9,147.8
21,40,0,350,0,0.86,1.33,48.1,64.6,1.42,0.7,127.8
27,40,1,350,0,3.29,1.08,134.0,60.7,0.29,1.7,95.2
32,40,4,350,1,2.13,0.63,104.1,70.8,0.19,1.8,91.4
34,40,4,350,0,1.19,1.01,84.9,59.2,0.15,0.7,250.0
22,40,1,350,0,3.31,0.94,82.3,58.9,1.81,0.9,122.7
40,40,6,350,2,2.09,0.7,250.0,70.9,0.22,0.6,133.5
31,40,6,350,0,0.87,0.64,92.4,57.6,0.45,1.1,121.9
34,40,4,350,2,0.57,1.26,128.1,72.7,0.26,1.1,118.8
34,40,4,350,0,2.63,1.42,111.3,63.9,0.42,1.4,120.4
34,40,2,350,1,0.62,1.26,111.0,67.7,0.43,2.7,155.1
29,40,3,350,2,1.04,1.04,109.2,66.6,0.13,2.3,133.1
27,40,5,350,2,0.71,1.15,139.2,60.6,0.48,1.9,140.1
37,40,3,350,2,2.97,1.0,123.1,62.1,0.2,1.1,192.0
30,40,1,350,2,0.56,0.92,126.3,72.8,0.4,1.6,82.2
34,40,5,350,0,3.29,0.75,185.2,63.5,0.39,0.6,160.4
24,40,4,350,0,2.51,1.16,70.6,54.5,0.21,1.9,86.8
45,40,0,350,1,3.38,0.8,152.5,79.6,0.3,1.6,164.3
34,40,4,350,0,3.3,1.02,77.0,55.8,0.39,0.7,114.0
44,40,6,350,2,1.94,0.76,154.2,65.7,0.15,2.3,114.1
42,40,2,350,0,3.0,1.38,105.7,66.2,0.44,0.5,190.6
26,40,5,350,2,3.22,1.32,103.8,62.0,0.21,1.6,131.4
24,40,4,350,2,0.5,0.32,182.3,69.0,2.98,1.1,206.4
37,40,5,350,2,2.87,1.17,122.6,72.3,0.24,1.2,147.3
36,40,6,350,0,3.08,0.58,157.9,64.0,0.13,2.4,143.8
32,40,4,350,1,1.84,1.21,139.5,66.1,0.15,0.8,199.6
43,40,2,350,0,0.85,0.58,133.4,71.9,0.39,7.2,137.0
22,40,4,350,2,0.67,1.21,194.6,55.1,0.14,1.0,68.6
22,40,5,350,2,1.72,1.15,106.0,67.1,0.27,1.0,191.2
24,40,2,350,0,2.32,1.3,63.0,61.0,0.29,2.1,111.7
34,40,0,350,0,1.56,0.59,183.7,69.2,0.41,2.9,101.8
32,40,3,350,2,1.89,1.21,100.0,67.2,0.38,1.7,117.4
29,40,3,350,1,1.53,1.37,85.5,57.1,0.41,0.6,127.8
37,40,6,350,1,1.12,0.6,105.8,73.2,0.36,1.7,124.4
37,40,0,350,1,0.98,0.43,119.6,63.1,0.36,2.6,83.9
41,40,6,350,0,1.85,0.97,113.0,77.5,0.42,2.6,159.4
23,40,6,350,1,0.84,0.75,69.4,59.8,0.35,1.9,145.4
43,40,6,350,2,2.8,0.47,144.0,62.1,0.44,1.2,121.4
44,40,3,350,1,2.47,0.62,133.5,74.0,0.26,0.5,102.1
34,40,2,350,0,2.01,0.41,110.6,60.9,0.35,1.5,152.4
28,40,2,350,2,3.28,0.69,96.4,68.3,0.4,1.7,120.4
45,40,2,350,1,2.13,0.71,141.9,69.7,0.2,1.2,131.0
34,40,5,350,0,3.29,1.41,108.5,62.9,0.24,0.2,88.4
44,40,5,350,1,0.61,1.42,123.8,70.8,0.2,2.1,89.1
21,40,3,350,1,0.92,0.59,84.1,56.2,2.17,1.0,156.2
23,40,5,350,0,2.86,0.77,78.8,60.8,0.41,1.7,134.0
36,40,4,350,2,2.37,1.14,120.2,68.7,0.21,2.0,96.4
35,40,4,350,0,2.95,1.15,121.9,64.7,0.11,8.3,175.5
39,40,1,350,0,1.86,0.85,86.3,58.0,0.26,0.1,80.0
44,40,2,350,2,1.84,1.4,144.8,70.6,0.2,8.7,127.8
35,40,2,350,0,1.22,0.88,75.7,63.6,0.26,1.3,116.8
33,40,4,350,1,3.4,0.8,94.3,54.7,0.24,1.4,130.8
36,40,2,350,0,2.68,1.09,108.3,67.1,0.25,9.2,170.6
28,40,4,350,2,2.13,0.29,122.3,69.5,0.31,0.8,111.6
43,40,6,350,1,0.66,0.97,134.7,71.3,0.39,9.3,133.4
38,40,3,350,0,3.03,1.37,104.2,61.5,0.34,0.6,139.5
30,40,0,350,1,1.55,1.41,95.0,63.4,0.24,0.4,123.4
43,40,0,350,0,3.15,1.24,132.3,60.2,0.2,1.3,114.0
42,40,5,350,1,2.47,1.08,118.4,67.9,2.14,2.1,217.4
30,40,4,350,1,2.33,0.69,106.4,54.7,0.2,0.4,119.2
24,40,6,350,1,2.93,1.01,177.9,66.1,0.26,1.5,206.4
33,40,6,350,1,3.24,0.66,114.8,63.8,0.26,1.5,100.1
37,40,2,350,0,1.89,0.49,197.2,63.1,1.14,2.8,143.4
35,40,4,350,1,1.37,1.05,90.9,70.5,2.98,8.8,153.5
40,40,3,350,0,2.88,0.47,116.5,63.7,0.2,2.1,127.6
22,40,2,350,0,3.12,0.43,78.0,66.7,0.46,1.4,103.5
36,40,1,350,2,3.27,1.43,117.2,76.1,0.22,7.6,158.9
21,40,6,350,1,1.78,1.32,91.7,61.9,0.29,2.8,122.0
36,40,3,350,2,1.9,0.79,129.0,68.1,0.42,0.5,108.2
25,40,6,350,1,2.43,1.32,107.8,60.5,0.26,2.0,117.0
31,40,6,350,1,1.81,0.48,100.1,63.6,0.37,1.5,125.3
21,40,5,350,2,3.44,1.42,106.1,65.7,0.38,0.2,78.5
32,40,2,350,0,1.7,1.16,114.5,61.9,0.14,1.3,111.8
29,40,2,350,0,0.55,0.67,72.1,62.9,0.49,0.8,107.2
30,40,2,350,1,2.81,1.12,105.2,61.6,0.32,2.3,225.7
44,40,1,350,0,1.66,0.74,97.1,64.4,1.0,2.8,88.9
31,40,2,350,1,3.18,0.61,212.8,67.2,0.28,1.1,114.6
21,40,6,350,0,2.51,1.33,64.1,57.0,0.47,2.7,149.6
37,40,1,350,0,0.88,0.26,106.6,65.9,0.39,0.1,88.2
41,40,5,350,1,1.9,1.18,133.1,68.5,0.44,1.5,131.2
28,40,2,350,1,3.2,1.0,82.0,61.7,0.49,0.0,133.4
39,40,6,350,2,2.17,0.38,119.3,77.7,0.26,0.2,148.6
43,40,3,350,0,1.99,1.0,126.0,66.6,1.06,2.4,145.5
40,40,2,350,2,2.42,1.25,144.0,79.3,0.32,1.2,223.1
33,40,0,350,2,2.49,0.94,121.2,68.8,0.33,2.8,146.4
28,40,2,350,1,1.17,0.98,214.1,75.0,0.17,2.8,134.3
34,40,0,350,2,1.89,0.43,131.6,79.9,0.34,2.6,126.1
22,40,4,350,1,2.17,1.36,121.9,57.8,0.29,0.9,219.6
34,40,2,350,2,0.88,1.38,111.9,70.7,0.4,0.1,103.8
36,40,0,350,1,0.7,0.29,212.1,67.2,0.2,2.8,121.6
35,40,0,350,1,2.55,0.61,97.4,65.6,0.42,0.6,69.3
36,40,4,350,2,1.28,1.43,108.8,65.2,0.26,2.9,107.6
22,40,2,350,1,1.08,0.42,60.9,65.0,0.31,2.6,133.8
26,40,4,350,0,2.12,0.44,93.6,59.0,0.22,2.5,92.6
36,40,2,350,2,1.94,1.41,120.0,64.4,0.37,0.2,106.4
22,40,4,350,2,0.68,1.4,80.5,58.8,0.34,0.8,141.4
34,40,2,350,1,3.48,0.67,100.2,66.4,0.25,0.4,98.4
36,40,1,350,2,0.59,1.29,133.5,72.1,0.37,0.1,182.3
35,40,6,350,0,0.83,1.04,93.3,64.0,0.31,0.8,104.4
30,40,2,350,1,2.16,0.81,176.4,70.9,0.41,2.3,107.3
25,40,6,350,2,0.75,0.39,97.0,66.6,1.85,1.5,138.8
23,40,3,350,2,0.76,1.42,93.1,67.2,0.13,2.2,132.5
22,40,1,350,1,0.65,0.88,105.8,63.2,0.34,9.4,177.8
45,40,6,350,0,0.89,0.3,122.9,62.2,0.14,1.3,160.8
42,40,5,350,1,0.71,1.28,139.8,71.6,2.02,0.2,146.5
36,40,2,350,0,1.08,0.51,154.2,71.5,0.34,1.2,160.2
36,40,6,350,0,0.95,0.53,115.5,57.5,0.43,2.8,104.8
43,40,5,350,2,0.77,1.43,150.9,78.6,0.13,2.2,145.7
33,40,2,350,0,3.5,0.61,88.5,67.1,1.75,0.1,134.2
43,40,6,350,0,2.58,0.77,136.1,66.1,0.18,2.8,157.6
41,40,5,350,1,3.29,1.48,107.6,64.9,2.32,0.8,170.5
37,40,0,350,1,1.25,1.39,145.1,74.7,0.36,7.2,154.0
44,40,3,350,1,2.05,0.95,132.9,64.6,0.29,0.5,138.5
26,40,4,350,2,2.7,0.72,123.4,72.1,0.49,1.5,174.5
34,40,0,350,1,2.73,0.57,132.4,63.4,0.19,2.5,88.6
20,40,3,350,1,1.67,0.33,161.9,61.3,0.24,2.8,208.8
31,40,3,350,0,2.56,1.26,77.0,58.7,0.16,1.5,89.1
29,40,2,350,0,2.53,1.5,195.4,64.2,0.13,2.2,168.0
23,40,0,350,0,3.21,0.57,81.4,65.1,2.03,0.7,149.1
38,40,4,350,2,2.72,1.41,158.4,67.8,0.21,1.9,132.8
37,40,3,350,1,3.17,1.43,116.2,70.5,0.38,2.0,91.4
44,40,5,350,2,1.36,0.63,123.0,73.4,0.11,2.7,134.4
33,40,5,350,0,0.91,0.83,78.7,59.6,0.27,1.3,149.0
35,40,5,350,2,0.57,0.31,123.3,68.2,0.43,0.5,118.9
43,40,1,350,2,2.18,0.29,140.4,71.9,0.29,1.6,112.8
23,40,5,350,2,2.49,0.99,110.7,66.3,0.48,2.0,207.6
29,40,0,350,2,1.88,1.12,102.9,55.8,0.23,1.9,186.4
21,40,0,350,2,1.19,0.55,193.4,70.4,0.37,0.6,139.2
20,40,1,350,2,1.44,0.26,176.3,69.0,0.34,1.9,246.4
39,40,6,350,1,3.21,1.15,131.6,66.2,0.18,0.8,79.3
41,40,3,350,0,2.58,0.62,234.7,68.3,0.15,0.9,103.8
34,40,0,350,0,1.07,0.87,73.8,65.8,0.42,0.4,119.3
29,40,5,350,0,2.77,1.01,98.4,56.3,0.37,3.0,212.6
30,40,1,350,1,0.69,0.36,111.6,54.7,0.29,1.0,129.0
44,40,6,350,0,0.87,1.2,196.6,73.2,0.29,2.3,92.6
43,40,0,350,0,0.82,0.39,121.1,63.6,0.27,0.9,147.0
24,40,0,350,0,2.8,1.11,80.2,57.3,0.33,1.0,113.8
37,40,4,350,1,2.66,1.14,139.8,58.4,0.14,1.2,115.4
42,40,1,350,0,3.32,0.56,105.4,60.7,0.48,1.3,121.8
38,40,4,350,1,3.28,0.74,109.1,71.7,0.15,1.4,97.4
25,40,5,350,2,2.74,0.76,110.0,63.6,0.23,0.3,105.8
33,40,3,350,1,0.62,0.56,90.2,65.4,0.33,0.2,113.6
24,40,6,350,2,0.7,0.37,101.3,66.0,0.37,2.6,138.6
30,40,4,350,2,2.71,1.24,107.9,72.7,0.35,7.2,138.2
44,40,5,350,0,1.1,0.43,123.9,76.9,0.18,1.2,128.5
35,40,6,350,2,1.02,0.4,107.7,75.7,0.16,2.5,128.8
36,40,0,350,1,1.63,0.26,121.6,69.0,0.15,1.4,108.0
42,40,2,350,0,2.67,0.46,117.6,68.4,0.48,0.2,208.4
42,40,0,350,0,0.52,1.21,100.8,78.7,0.49,1.4,109.8
42,40,1,350,0,2.32,1.0,200.5,69.2,1.86,2.6,142.5
30,40,1,350,1,3.01,0.36,97.6,60.0,0.11,2.1,250.0
40,40,0,350,0,0.98,0.97,105.5,63.8,0.38,1.6,90.7
20,40,2,350,2,3.16,1.44,250.0,63.0,0.32,2.7,204.4
36,40,4,350,0,1.33,0.26,79.4,66.8,0.37,2.4,139.0
45,40,2,350,0,0.62,1.15,190.2,68.1,0.41,2.2,96.8
43,40,0,350,2,2.75,0.34,125.1,67.9,0.28,1.0,67.2
21,40,3,350,2,1.0,1.07,82.9,60.8,0.28,7.0,158.1
21,40,6,350,0,2.38,0.86,59.5,60.8,0.15,8.9,136.9
45,40,3,350,2,2.06,0.5,129.4,64.1,0.46,2.5,72.2
44,40,6,350,0,2.14,0.38,103.5,64.9,2.05,1.8,136.4
21,40,6,350,0,2.79,0.49,56.6,63.1,0.42,2.7,121.4
32,40,5,350,0,2.11,1.1,99.3,59.5,0.34,1.8,222.5
38,40,1,350,0,3.26,1.03,105.7,73.9,0.13,1.9,131.6
26,40,6,350,2,2.75,0.44,211.1,57.6,0.25,0.2,134.8
36,40,6,350,0,0.96,1.44,123.0,60.9,0.24,0.1,102.7
44,40,6,350,2,3.43,1.45,130.3,74.9,0.44,0.3,96.4
38,40,0,350,2,1.85,0.55,98.8,72.6,0.28,2.5,103.8
35,40,3,350,1,2.44,0.85,88.8,59.3,0.19,2.8,217.6
20,40,4,350,1,1.33,0.74,90.9,57.0,0.46,1.1,133.8
42,40,1,350,2,1.95,1.4,204.9,76.5,0.35,0.7,145.4
42,40,3,350,2,1.53,1.12,123.0,70.7,2.43,0.8,169.8
44,40,0,350,2,3.1,1.12,137.7,68.7,0.33,1.6,223.4
40,40,4,350,1,2.7,0.68,130.5,76.5,1.44,0.1,108.8
42,40,5,350,1,2.66,0.93,212.9,72.0,0.3,0.4,112.9
23,40,6,350,1,2.82,1.24,86.9,58.8,0.44,0.7,162.0
44,40,3,350,0,2.47,0.52,107.0,68.8,0.45,1.9,137.5
42,40,5,350,2,2.12,0.74,153.0,69.8,0.38,0.7,82.4
44,40,2,350,2,1.88,0.27,124.1,73.3,0.33,0.1,126.5
24,40,6,350,2,1.21,0.6,74.3,64.9,1.81,1.4,147.5
31,40,3,350,2,1.19,0.53,121.2,62.6,0.37,0.2,131.2
43,40,6,350,1,0.8,1.04,115.4,64.2,0.21,1.1,130.2
25,40,2,350,2,2.63,0.51,125.0,68.1,0.13,1.8,74.0
39,40,6,350,1,3.13,0.62,123.2,63.8,0.19,0.7,126.0
27,40,0,350,1,3.12,1.09,65.8,60.4,0.3,2.6,103.4
37,40,5,350,1,1.52,0.83,120.7,69.3,0.49,1.8,118.2
38,40,1,350,1,1.98,0.74,89.8,59.6,0.32,1.1,85.2
28,40,3,350,2,1.65,0.61,104.6,74.4,0.24,1.3,133.4
20,40,1,350,2,0.74,1.31,76.6,64.8,0.48,2.5,121.4
29,40,2,350,1,1.12,0.77,125.3,63.1,0.19,1.7,92.9
20,40,0,350,2,2.08,0.94,105.5,61.9,0.3,2.5,144.2
32,40,2,350,0,2.21,0.53,84.1,68.0,0.29,0.5,95.5
30,40,0,350,2,0.7,0.93,131.0,66.9,0.39,2.7,140.3
37,40,4,350,0,1.2,1.1,89.4,67.0,0.15,2.9,150.2
43,40,2,350,0,2.99,0.27,125.0,71.3,0.48,9.0,144.1
43,40,4,350,0,0.89,1.32,137.8,67.6,0.27,2.7,151.1
34,40,3,350,1,2.57,1.18,105.4,71.6,0.38,0.2,79.8
42,40,6,350,2,1.46,0.73,137.6,84.8,0.11,0.6,135.0
30,40,3,350,1,2.44,1.24,73.4,65.1,0.1,1.4,100.3
40,40,5,350,0,1.27,1.14,131.2,64.0,1.45,9.1,247.5
36,40,0,350,0,3.15,0.51,93.9,57.0,0.48,2.8,120.9
23,40,4,350,2,2.1,0.9,193.9,58.9,0.27,1.3,118.0
35,40,2,350,0,1.98,1.12,103.9,62.6,0.24,1.4,156.5
34,40,5,350,2,2.33,0.81,109.4,64.4,0.11,7.0,144.2
45,40,4,350,0,3.24,0.86,148.0,73.3,0.16,1.9,142.8
23,40,2,350,2,1.51,1.41,118.1,63.1,0.32,1.9,148.2
33,40,3,350,2,3.06,1.19,133.7,72.1,1.35,1.7,147.2
45,40,1,350,1,1.49,0.51,136.7,62.2,0.27,0.7,106.6
38,40,5,350,2,3.1,0.53,121.0,73.4,0.39,1.7,131.1
23,40,1,350,2,2.11,0.39,100.1,69.4,0.27,1.6,128.4
26,40,5,350,1,2.8,1.14,119.3,52.1,0.12,1.0,121.4
41,40,6,350,0,1.78,0.79,118.8,72.3,1.31,1.0,131.0
34,40,0,350,1,2.71,0.3,116.1,64.9,0.18,2.5,250.0
35,40,3,350,2,3.34,0.26,107.8,73.0,0.34,2.3,163.8
45,40,4,350,1,2.52,1.22,250.0,66.5,0.39,2.4,104.4
38,40,1,350,2,2.02,1.33,150.7,64.0,0.36,7.4,104.7
35,40,2,350,0,2.4,1.38,90.1,59.7,0.46,0.9,65.4
31,40,2,350,0,1.79,0.88,73.4,64.9,0.47,1.9,116.4
20,40,4,350,1,2.71,1.49,55.3,56.5,0.39,2.1,113.4
36,40,4,350,2,0.52,1.38,102.7,69.7,0.16,8.3,113.0
27,40,2,350,2,0.83,0.54,100.2,66.3,0.19,1.9,108.8
26,40,2,350,0,1.22,0.51,81.6,66.1,0.21,1.3,112.7
37,40,2,350,0,1.67,1.25,99.3,62.8,1.44,2.4,151.3
32,40,0,350,0,0.95,0.64,105.0,61.4,0.12,1.9,92.9
37,40,5,350,1,2.65,0.79,121.3,71.3,0.19,9.5,130.8
39,40,2,350,0,0.88,1.27,84.4,59.1,0.44,0.3,112.0
20,40,1,350,2,1.16,1.47,94.7,68.0,0.48,1.8,155.9
34,40,4,350,2,1.93,0.97,104.4,64.7,0.21,0.9,186.7
38,40,2,350,1,1.37,0.54,142.4,70.2,0.28,0.9,236.8
28,40,6,350,0,3.43,0.32,180.4,55.6,0.34,1.2,92.4
23,40,3,350,1,1.3,0.71,229.5,48.9,0.2,2.1,227.0
36,40,6,350,0,2.14,0.6,83.1,67.2,0.46,1.7,71.6
45,40,2,350,2,1.7,0.74,216.6,72.2,0.28,2.7,131.6
25,40,0,350,1,1.49,0.5,58.7,67.5,0.16,0.5,74.6
32,40,0,350,2,1.23,0.69,118.0,71.1,0.43,8.3,167.2
28,40,5,350,0,1.16,1.39,70.4,55.1,0.13,1.2,113.2
41,40,5,350,0,0.88,0.54,131.7,62.4,0.19,0.2,238.6
32,40,5,350,1,1.29,0.4,107.1,56.5,0.21,7.2,120.0
42,40,3,350,2,3.43,1.49,235.1,73.7,0.4,1.1,128.4
34,40,2,350,0,1.94,0.84,91.7,63.1,0.32,0.3,121.4
24,40,3,350,2,0.96,0.47,118.6,69.3,0.13,0.5,141.1
36,40,0,350,2,3.13,0.76,115.5,66.3,0.18,9.2,138.3
33,40,1,350,2,1.4,0.87,137.4,68.2,0.12,1.7,94.0
30,40,5,350,1,3.31,1.18,103.4,55.2,0.44,0.5,121.2
32,40,2,350,1,1.35,1.39,86.3,64.8,0.2,2.3,128.2
35,40,2,350,2,3.49,0.85,112.8,73.1,0.13,1.0,118.4
26,40,5,350,1,2.87,0.81,117.2,67.4,0.12,0.0,116.4
34,40,0,350,1,0.96,1.21,113.0,61.4,0.12,2.9,88.9
37,40,2,350,0,1.49,0.69,114.6,57.6,2.03,1.9,124.1
29,40,5,350,0,3.1,1.19,76.9,61.7,0.14,9.6,250.0
21,40,3,350,1,1.07,0.93,87.0,67.8,0.12,0.0,111.0
41,40,0,350,0,2.25,1.12,214.6,68.4,0.14,0.5,118.0
29,40,4,350,1,3.07,0.66,109.2,63.2,0.31,1.4,114.2
35,40,4,350,1,1.03,1.43,114.1,55.7,2.57,0.1,138.0
41,40,1,350,1,3.29,0.57,104.6,66.2,0.18,1.6,130.5
37,40,1,350,1,1.61,1.28,99.1,65.3,0.28,0.5,141.1
40,40,0,350,1,3.26,0.65,122.2,70.6,0.46,1.8,102.8
35,40,5,350,2,1.54,1.03,135.2,75.1,0.12,0.9,107.4
29,40,3,350,2,1.13,1.33,89.6,62.4,0.28,2.2,140.6
32,40,0,350,0,0.73,0.26,102.4,60.8,0.42,0.7,153.4
42,40,5,350,1,1.46,0.51,128.7,68.3,0.38,2.7,221.4
22,40,5,350,0,2.75,0.56,144.7,52.0,0.3,0.6,94.0
37,40,0,350,0,0.53,0.7,206.3,63.1,0.12,1.5,88.6
25,40,3,350,0,1.92,0.7,87.4,59.0,0.33,2.2,88.9
25,40,6,350,0,2.3,0.96,81.5,68.1,0.23,1.6,103.2
25,40,6,350,0,3.38,1.01,76.2,55.8,0.32,1.4,139.0
26,40,6,350,1,0.77,1.25,94.2,60.7,0.2,2.3,125.0
38,40,2,350,2,2.66,0.95,129.3,74.8,0.48,0.3,143.4
40,40,2,350,1,1.73,0.53,113.9,69.2,0.2,0.0,104.8
28,40,6,350,2,1.61,0.67,135.2,63.9,0.32,1.6,136.5
35,40,3,350,2,0.83,0.94,101.8,64.9,0.41,2.2,82.6
39,40,1,350,1,1.32,0.46,126.1,77.0,0.17,1.4,126.4
22,40,6,350,0,1.72,0.48,68.8,66.6,0.35,1.0,92.8
39,40,3,350,0,0.6,0.34,119.0,64.8,0.13,1.8,111.2
27,40,0,350,0,1.54,1.33,84.1,58.3,0.15,1.5,117.7
34,40,4,350,0,2.08,0.52,103.0,60.7,0.37,9.2,162.8
40,40,3,350,1,3.05,0.58,110.2,65.3,0.25,1.7,154.9
32,40,1,350,2,1.72,1.25,125.1,70.1,0.16,1.4,175.4
41,40,6,350,1,3.32,1.13,145.2,65.2,2.48,0.9,151.2
42,40,6,350,2,3.12,1.41,168.1,80.7,0.39,0.4,92.0
38,40,2,350,0,3.36,1.25,110.8,60.3,0.13,2.7,187.6
40,40,2,350,0,2.43,0.59,84.7,67.0,2.54,7.2,250.0
25,40,2,350,0,1.14,0.97,176.2,64.2,0.31,9.0,146.2
39,40,5,350,2,0.95,0.3,216.2,74.9,0.42,2.1,203.8
30,40,1,350,2,1.87,1.16,110.0,55.9,2.07,7.3,162.8
37,40,5,350,2,3.32,0.52,190.2,69.2,0.19,0.5,116.1
29,40,1,350,2,0.55,0.78,106.2,65.4,1.82,0.3,151.6
40,40,3,350,0,0.93,0.71,111.5,60.3,0.49,1.6,137.4
32,40,0,350,1,2.2,1.17,123.2,67.3,0.31,0.5,76.0
37,40,2,350,2,1.85,1.19,124.4,66.8,0.37,1.6,127.2
22,40,3,350,1,2.64,0.56,69.6,59.4,0.25,8.9,120.0
32,40,3,350,2,2.99,0.52,116.0,74.0,0.18,1.5,146.0
21,40,1,350,1,1.7,0.46,85.1,66.6,0.26,0.0,85.7
33,40,4,350,2,2.53,0.72,138.0,59.2,0.29,0.5,129.0
20,40,5,350,0,2.86,0.27,81.8,55.8,0.29,2.8,179.2
45,40,1,350,1,0.67,1.44,122.9,65.1,0.11,1.8,153.9
37,40,4,350,1,2.06,0.66,165.1,67.7,0.27,0.5,135.3
40,40,3,350,2,1.42,0.27,145.9,77.8,0.42,2.0,121.9
37,40,2,350,1,3.01,0.82,129.5,67.3,0.31,0.1,178.3
26,40,2,350,2,1.26,1.33,108.6,71.3,0.4,0.8,250.0
27,40,3,350,0,2.64,1.22,173.3,54.6,0.32,2.1,113.0
23,40,1,350,2,3.48,0.75,250.0,65.5,0.39,0.8,88.7
27,40,2,350,1,1.25,1.48,100.8,65.0,0.37,3.0,108.6
33,40,0,350,1,2.12,1.3,80.1,66.5,0.21,1.1,98.4
22,40,4,350,1,0.77,0.62,92.5,61.8,0.37,2.4,168.6
25,40,5,350,0,2.53,1.23,91.4,63.8,0.26,2.2,169.8
43,40,3,350,2,0.82,0.68,154.7,72.8,0.26,0.8,100.1
23,40,2,350,1,1.9,1.04,158.2,54.6,0.2,2.8,163.6
28,40,5,350,1,1.67,0.72,93.4,68.3,0.11,1.6,189.8
20,40,2,350,1,0.78,0.57,150.8,61.7,0.18,1.5,107.0
29,40,0,350,1,1.33,0.43,182.6,64.9,0.3,2.4,172.1
28,40,5,350,1,2.11,0.89,99.0,69.1,0.11,1.4,72.5
41,40,1,350,2,3.31,1.05,159.2,69.3,0.42,1.3,108.8
26,40,2,350,0,2.89,1.01,65.9,59.3,0.28,2.4,127.2
45,40,1,350,0,1.96,1.05,98.0,68.2,0.15,1.5,155.5
27,40,5,350,2,1.49,0.7,114.6,64.7,0.28,1.4,197.1
40,40,4,350,2,3.21,1.01,148.0,69.3,0.18,7.5,141.0
44,40,5,350,1,3.34,0.48,188.0,76.7,0.49,3.0,102.8
43,40,4,350,0,3.03,0.57,112.1,65.1,0.36,1.9,127.5
32,40,0,350,1,1.13,0.73,84.9,73.9,0.3,2.3,106.6
39,40,3,350,2,2.82,1.3,115.4,81.7,0.36,1.1,111.0
32,40,0,350,0,3.19,0.89,94.1,68.6,0.45,1.7,125.3
23,40,6,350,0,1.67,1.48,101.7,68.3,0.25,1.7,138.7
20,40,0,350,2,2.09,1.49,112.6,66.7,0.37,0.8,208.2
42,40,1,350,1,1.18,0.29,129.0,66.7,1.05,2.5,146.7
38,40,3,350,1,1.31,1.44,199.8,60.7,0.39,2.8,134.0
40,40,5,350,2,2.56,0.8,122.2,70.6,0.27,0.2,145.4
39,40,1,350,0,2.39,0.6,118.4,74.5,0.31,0.7,97.4
36,40,5,350,2,2.92,0.96,140.6,67.8,0.39,2.4,148.0
33,40,2,350,0,0.62,0.82,90.3,51.6,0.17,0.2,94.6
29,40,5,350,2,1.3,0.9,133.7,69.1,0.15,1.9,95.7
34,40,2,350,0,0.76,0.39,91.4,65.0,0.44,1.5,130.0
22,40,2,350,2,1.81,0.29,86.8,58.9,0.4,2.6,155.2
30,40,2,350,1,1.88,0.9,118.1,67.0,0.27,8.1,129.4
35,40,3,350,1,0.62,0.94,140.1,69.7,0.39,1.6,73.9
29,40,1,350,1,1.91,0.5,97.0,69.6,0.41,0.3,105.1
29,40,1,350,1,0.61,0.34,62.5,58.4,0.1,2.6,133.6
28,40,6,350,1,2.75,0.34,97.9,64.9,0.15,1.6,98.6
31,40,4,350,2,2.21,0.32,123.0,70.8,0.32,1.3,109.0
21,40,1,350,1,2.8,0.69,90.8,58.2,0.45,0.3,87.4
35,40,1,350,1,2.1,1.25,99.6,66.9,2.21,0.6,169.4
31,40,0,350,1,1.71,1.14,79.6,71.4,0.24,0.1,132.8
40,40,1,350,2,2.2,1.49,134.2,71.5,0.24,2.4,118.8
26,40,0,350,2,2.93,0.68,128.8,64.0,0.14,7.4,96.9
35,40,2,350,1,1.01,0.44,106.8,65.5,0.28,2.9,120.8
27,40,1,350,0,3.44,1.11,68.9,61.5,0.16,1.2,187.9
23,40,6,350,1,0.94,0.44,106.5,66.3,0.41,0.2,194.0
25,40,5,350,2,1.42,0.8,181.3,66.1,0.49,0.5,148.1
44,40,5,350,0,2.03,0.73,187.1,64.5,0.19,0.4,136.2
45,40,6,350,0,2.16,0.38,139.0,71.3,1.27,0.4,208.8
44,40,1,350,0,2.86,1.41,132.0,63.3,0.3,1.5,131.4
41,40,4,350,1,0.75,1.0,188.4,68.7,2.37,2.9,156.3
21,40,3,350,2,1.79,1.0,121.6,66.5,0.23,0.7,178.9
42,40,2,350,0,2.25,0.3,110.6,74.0,0.39,2.4,122.4
22,40,1,350,0,1.28,1.18,173.0,52.3,0.22,2.4,115.8
27,40,0,350,1,3.13,1.41,108.1,59.5,0.11,2.0,101.6
28,40,3,350,2,1.98,0.89,104.1,80.5,0.44,0.2,117.2
28,40,5,350,2,1.96,1.08,92.9,63.3,0.22,0.4,178.0
22,40,1,350,2,1.56,1.06,109.9,68.0,0.33,2.2,117.2
33,40,0,350,1,0.86,1.12,173.3,75.5,1.34,2.2,134.6
31,40,2,350,1,1.91,0.3,104.6,67.9,0.19,1.5,115.2
31,40,1,350,1,1.54,0.95,106.8,61.9,0.5,8.7,144.6
34,40,4,350,1,2.83,1.4,107.1,60.2,0.29,2.9,81.9
41,40,4,350,0,3.06,0.73,106.7,67.4,0.1,9.3,114.2
21,40,0,350,0,1.15,1.26,67.4,61.1,0.41,1.0,116.4
25,40,6,350,0,1.11,0.56,80.2,59.9,0.28,0.9,132.4
34,40,3,350,0,3.3,0.7,106.8,61.4,0.46,1.1,97.6
38,40,5,350,1,1.01,0.28,125.0,73.3,0.5,1.2,90.0
20,40,6,350,2,2.86,0.69,86.9,67.1,0.47,1.6,144.5
23,40,2,350,2,2.37,0.59,78.3,48.4,0.31,9.9,154.7
41,40,6,350,1,2.52,0.96,131.8,67.8,0.41,0.4,120.0
31,40,3,350,2,1.12,0.47,115.4,62.2,0.2,1.7,98.9
41,40,3,350,0,3.48,1.31,112.5,66.5,0.28,9.4,128.3
29,40,0,350,1,2.06,0.79,89.9,59.5,0.24,1.9,224.6
26,40,0,350,1,1.54,0.55,91.2,58.3,0.17,0.3,201.0
36,40,5,350,1,0.97,0.36,214.4,71.7,0.28,2.8,130.7
29,40,3,350,2,3.04,1.4,197.4,67.4,0.17,1.8,103.2
37,40,4,350,1,1.75,0.48,116.7,75.2,2.64,9.5,206.8
28,40,3,350,1,0.68,1.27,94.3,66.0,0.32,2.3,137.3
45,40,3,350,0,0.64,1.45,133.9,64.3,0.47,2.4,126.8
43,40,5,350,2,1.83,1.39,124.4,70.0,0.44,0.9,130.6
30,40,4,350,2,1.75,0.79,111.4,63.7,0.21,0.9,131.8
37,40,4,350,1,2.38,0.81,120.9,75.0,0.48,0.9,136.8
31,40,2,350,1,2.71,1.0,125.5,62.0,0.35,0.3,166.3
40,40,4,350,1,2.83,1.06,126.5,68.7,0.49,1.4,132.0
20,40,4,350,2,1.88,1.32,160.0,68.4,0.12,2.3,102.8
30,40,1,350,1,2.11,0.35,119.8,66.3,0.21,8.2,156.2
24,40,2,350,0,3.02,1.23,92.9,54.2,0.22,0.1,127.4
42,40,4,350,1,2.06,0.8,124.4,66.4,1.35,2.9,143.7
45,40,3,350,1,1.68,0.45,123.8,61.4,0.29,1.6,137.2
34,40,1,350,2,1.06,0.63,113.3,72.1,1.8,2.3,161.6
37,40,2,350,2,2.96,0.49,127.2,72.8,0.39,0.0,122.6
30,40,2,350,2,1.82,0.95,126.6,64.6,0.27,1.0,127.6
33,40,5,350,1,2.91,0.37,116.8,70.8,0.25,2.6,83.8
36,40,3,350,0,1.86,1.45,120.0,65.7,1.24,1.6,159.9
27,40,1,350,0,2.36,1.11,70.9,60.1,0.44,0.9,139.8
37,40,3,350,2,1.39,0.3,135.7,77.8,0.18,7.6,182.5
39,40,3,350,2,0.97,0.9,130.1,59.1,0.23,0.8,101.6
44,40,6,350,2,0.55,1.46,153.2,82.0,0.38,0.7,105.4
29,40,6,350,1,1.94,0.59,95.3,57.4,0.38,1.7,107.8
28,40,4,350,0,3.0,0.45,97.2,59.8,0.47,2.9,87.7
45,40,5,350,0,2.28,0.51,96.1,73.3,0.28,1.9,174.8
26,40,0,350,1,2.4,1.2,70.5,67.6,0.25,0.7,112.3
31,40,4,350,0,0.94,1.15,163.9,54.5,1.15,2.3,124.6
35,40,4,350,0,3.08,1.32,106.1,70.0,0.49,2.4,107.8
24,40,0,350,2,2.05,0.93,99.3,62.5,0.12,0.8,99.9
23,40,3,350,2,1.1,1.08,92.1,65.8,0.27,2.3,111.0
30,40,2,350,0,1.35,0.38,95.3,62.8,0.16,0.8,114.8
29,40,3,350,2,0.78,0.91,98.9,69.4,0.23,2.4,148.4
34,40,6,350,1,1.87,1.24,109.6,70.6,0.2,0.4,96.0
44,40,5,350,1,2.6,1.07,136.6,69.7,2.11,1.6,104.0
28,40,1,350,0,1.78,0.45,91.6,62.6,0.35,1.8,84.4
26,40,4,350,1,1.09,0.66,66.8,57.4,0.34,0.6,138.9
22,40,0,350,0,2.83,1.3,72.8,50.1,1.91,1.1,150.8
36,40,0,350,2,2.98,0.47,131.7,74.4,2.52,1.1,178.8
37,40,1,350,1,2.82,1.5,118.3,66.0,0.21,2.4,99.6
39,40,1,350,2,2.17,1.17,137.1,68.5,0.42,0.2,123.1
27,40,2,350,0,2.64,0.67,88.1,64.4,0.47,2.8,113.8
41,40,3,350,1,3.47,0.69,116.1,70.4,0.25,1.9,132.8
27,40,3,350,1,0.74,1.37,97.0,73.8,0.35,1.4,129.4
37,40,5,350,2,1.42,0.62,122.4,73.0,0.27,0.6,250.0
42,40,3,350,0,0.83,0.85,119.2,70.1,0.34,1.6,132.7
42,40,5,350,1,0.93,1.29,250.0,70.4,0.17,1.2,222.8
39,40,2,350,1,0.67,0.93,122.0,82.3,0.22,2.6,155.4
22,40,1,350,2,2.75,0.78,216.0,57.3,0.3,2.7,102.8
28,40,3,350,2,1.07,1.4,143.0,64.6,0.32,0.1,196.0
21,40,4,350,0,0.94,1.31,88.8,54.5,0.31,0.3,129.9
33,40,2,350,0,1.0,1.36,190.9,62.4,0.28,1.7,97.0
33,40,6,350,2,0.5,0.98,124.2,79.7,0.37,0.3,168.9
29,40,5,350,0,2.89,0.53,86.8,59.5,0.35,0.7,93.6
28,40,5,350,0,3.0,0.41,162.3,53.1,0.4,0.5,231.6
24,40,1,350,0,1.88,0.31,85.9,56.4,0.29,2.9,206.3
41,40,4,350,1,2.56,0.55,223.9,70.7,0.24,0.9,125.6
27,40,2,350,0,2.27,1.08,191.8,62.0,0.38,0.0,107.9
27,40,5,350,2,0.79,1.04,118.9,57.0,0.28,1.8,176.0
22,40,5,350,1,0.6,1.07,102.2,59.6,0.21,1.7,129.5
21,40,3,350,1,3.41,0.37,165.5,52.8,0.25,8.8,173.5
40,40,4,350,2,3.34,0.34,120.4,72.4,0.17,0.2,190.2
45,40,5,350,1,0.84,1.12,138.9,73.8,0.17,0.3,78.2
26,40,2,350,2,2.97,0.78,186.9,63.5,0.45,1.7,161.4
23,40,3,350,1,2.33,0.63,74.6,64.9,0.19,0.7,211.0
31,40,5,350,2,2.08,0.55,148.7,67.0,0.3,0.5,137.4
40,40,5,350,1,1.16,1.09,205.7,65.0,0.23,1.1,135.3
42,40,5,350,1,2.47,1.15,131.1,70.9,0.22,0.4,147.2
36,40,6,350,0,0.72,0.34,128.0,62.7,0.16,8.6,163.7
36,40,5,350,1,1.99,1.38,142.5,65.6,0.29,1.7,232.6
40,40,0,350,0,1.43,1.25,131.2,63.6,0.34,2.1,220.4
35,40,6,350,1,1.24,0.62,222.3,65.3,0.26,0.2,129.8
29,40,0,350,2,0.73,0.36,207.9,73.6,0.33,0.1,121.7
45,40,3,350,0,1.66,0.58,125.2,78.2,0.44,7.0,105.9
34,40,6,350,0,1.4,1.38,116.4,65.4,0.24,0.7,119.6
33,40,5,350,0,0.68,0.44,74.8,64.0,0.41,1.7,82.8
35,40,2,350,1,1.63,0.88,113.5,76.4,0.3,2.8,139.5
22,40,2,350,0,1.73,1.35,70.7,49.6,0.3,0.2,109.3
35,40,6,350,1,2.6,1.11,125.2,62.2,0.12,2.3,119.2
27,40,0,350,2,1.18,0.89,104.1,67.2,0.1,7.3,126.4
34,40,4,350,1,0.58,0.4,109.3,63.7,0.2,1.5,99.8
31,40,0,350,2,2.97,0.47,99.4,69.4,0.22,0.9,108.8
37,40,4,350,0,1.14,1.26,91.5,61.1,0.11,2.2,147.8
30,40,1,350,0,2.94,0.63,102.4,67.9,2.86,8.4,163.9
35,40,5,350,1,1.13,1.06,138.4,67.9,0.46,0.9,219.6
36,40,6,350,1,1.03,0.99,91.6,59.5,0.12,2.5,225.0
23,40,2,350,1,0.6,0.31,209.6,62.7,0.23,2.5,92.6
36,40,1,350,1,2.03,0.54,214.4,64.0,0.32,8.8,185.0
36,40,5,350,0,0.65,1.25,80.4,63.5,0.13,0.9,118.2
30,40,3,350,0,1.05,0.3,149.4,63.4,1.71,2.0,173.2
32,40,2,350,2,2.66,0.84,113.1,66.8,0.21,1.9,147.3
28,40,5,350,2,1.94,1.28,140.6,64.9,0.19,1.9,100.2
31,40,6,350,2,1.4,0.77,137.5,70.2,0.23,0.3,96.0
28,40,0,350,1,1.42,0.78,90.7,60.8,2.65,1.6,231.6
33,40,6,350,0,2.95,0.65,91.5,61.2,0.1,9.2,161.0
38,40,0,350,0,2.59,0.9,186.3,62.1,0.32,2.5,133.2
33,40,3,350,2,2.98,0.77,127.3,64.9,0.4,7.8,130.5
40,40,4,350,1,3.43,0.43,119.6,77.7,0.4,0.2,66.4
28,40,4,350,0,3.37,1.4,97.2,54.4,0.45,1.8,118.4
27,40,0,350,0,1.51,1.12,59.7,58.6,0.28,0.1,128.4
44,40,1,350,1,1.18,1.3,105.4,70.4,0.38,2.2,118.8
43,40,3,350,0,2.9,0.81,123.9,59.0,0.2,8.8,163.9
25,40,1,350,2,1.28,1.44,105.4,58.2,0.43,1.2,197.0
44,40,4,350,1,3.0,1.22,130.1,59.9,0.36,1.4,103.9
24,40,2,350,1,2.31,1.5,186.4,70.3,0.48,0.8,165.8
23,40,2,350,1,1.01,1.06,93.6,57.1,0.22,2.0,123.7
43,40,2,350,2,1.34,0.29,155.8,65.0,0.5,1.3,127.2
31,40,6,350,1,0.8,0.82,113.4,65.1,0.24,2.8,243.2
31,40,6,350,2,0.92,0.83,115.2,68.3,0.4,0.8,110.4
29,40,5,350,2,2.71,0.75,229.8,70.5,0.34,0.0,137.1
29,40,4,350,1,3.02,0.38,101.6,69.0,0.28,2.9,102.2
35,40,5,350,1,1.41,1.47,132.0,58.6,0.31,2.3,216.7
31,40,2,350,1,1.03,0.45,87.8,67.3,0.33,1.7,128.9
40,40,2,350,1,2.31,1.46,204.0,70.5,0.1,8.8,153.5
44,40,0,350,2,0.69,0.36,118.0,79.0,0.17,1.9,102.7
44,40,4,350,1,1.8,1.44,121.2,78.3,0.23,1.3,128.0
33,40,1,350,0,1.45,0.44,93.5,65.5,0.4,2.9,229.4
39,40,5,350,1,1.49,0.85,120.0,72.4,0.17,0.4,146.0
39,40,6,350,2,2.94,1.11,213.2,65.3,2.16,1.8,150.1
39,40,3,350,1,2.61,0.94,142.1,61.3,0.37,9.0,250.0
24,40,2,350,2,2.19,0.73,111.4,53.4,0.42,2.9,102.8
37,40,6,350,2,2.0,1.33,248.6,74.9,0.48,2.4,115.0
20,40,6,350,2,0.59,1.35,86.4,66.0,1.99,9.1,205.5
26,40,2,350,2,3.47,1.36,99.4,70.7,0.41,0.6,103.6
39,40,3,350,2,2.78,0.75,143.8,73.8,0.38,7.1,197.8
43,40,1,350,1,3.01,0.45,95.4,58.8,0.34,1.8,223.7
45,40,3,350,2,2.89,0.32,167.3,73.5,0.21,1.2,250.0
45,40,1,350,1,2.85,0.77,212.3,70.9,0.17,0.6,196.8
26,40,2,350,2,3.01,1.37,250.0,74.3,0.15,1.9,175.9
25,40,6,350,2,0.51,0.93,192.2,65.0,0.12,0.5,95.0
44,40,6,350,2,2.75,0.51,167.0,74.4,0.22,0.2,239.7
24,40,5,350,2,0.58,1.45,91.5,59.0,0.19,2.4,124.0
44,40,4,350,1,2.62,1.44,235.7,63.8,0.23,1.8,168.0
34,40,4,350,1,3.49,1.17,112.7,58.3,0.4,0.8,119.1
41,40,4,350,2,0.8,0.55,158.2,77.6,0.43,2.4,103.3
31,40,0,350,0,2.96,1.31,110.3,60.8,0.48,1.5,78.9
21,40,5,350,1,2.84,1.33,88.4,66.0,0.48,0.7,147.7
20,40,4,350,0,1.34,1.23,66.4,54.0,0.32,1.4,89.9
41,40,4,350,0,1.74,0.72,138.1,59.3,0.38,2.8,143.2
20,40,3,350,1,2.15,1.25,80.2,62.5,0.39,1.8,184.4
40,40,1,350,0,0.87,1.49,127.7,54.1,0.34,1.7,149.1
44,40,3,350,0,2.34,0.83,172.2,64.3,0.3,1.9,179.2
43,40,6,350,1,2.14,0.8,138.1,66.9,0.42,9.5,246.2
44,40,4,350,2,2.07,1.2,168.0,67.0,2.05,0.7,128.0
27,40,0,350,1,1.29,0.3,206.6,69.6,0.41,2.3,128.4
36,40,4,350,1,0.64,1.42,94.8,73.8,0.24,0.9,70.6
22,40,3,350,2,0.67,1.04,114.2,59.4,0.27,0.7,186.3
25,40,0,350,0,1.6,0.53,63.9,65.7,0.29,0.6,104.0
32,40,6,350,1,3.45,1.14,179.8,60.9,0.27,2.1,118.4
23,40,6,350,1,2.9,1.41,97.6,61.2,0.31,1.4,136.2
35,40,1,350,0,2.22,1.04,107.0,68.3,0.11,0.7,96.7
38,40,3,350,2,0.58,0.99,126.6,61.6,0.17,1.0,115.2
31,40,4,350,1,1.53,0.4,92.6,60.1,0.33,0.9,137.0
45,40,6,350,0,1.21,0.74,109.2,75.0,0.11,0.9,84.5
34,40,6,350,2,3.08,0.64,128.9,67.6,0.36,2.1,124.8
21,40,5,350,1,3.06,1.09,79.7,62.3,0.46,1.0,75.6
29,40,3,350,2,1.22,1.47,112.1,72.4,0.27,2.3,128.7
27,40,0,350,0,3.21,0.47,65.2,59.0,0.11,0.9,88.0
23,40,1,350,2,0.6,1.49,116.6,67.4,0.43,0.2,95.4
22,40,3,350,2,1.05,0.53,83.2,65.0,0.16,1.3,87.9
24,40,2,350,2,3.49,0.37,88.3,61.7,0.13,1.8,209.6
28,40,2,350,1,2.64,0.95,80.9,58.9,2.88,2.5,116.8
29,40,3,350,2,3.22,0.28,201.4,57.2,0.45,2.8,149.6
24,40,4,350,0,2.32,1.44,64.8,65.0,0.38,1.2,96.9
41,40,1,350,2,2.43,0.67,133.1,65.6,0.36,8.2,138.3
26,40,2,350,0,3.03,1.49,87.0,57.8,0.16,1.1,103.0
37,40,1,350,0,2.77,0.97,104.2,53.6,0.18,0.7,120.0
35,40,2,350,0,2.4,0.8,96.8,70.2,0.49,1.3,121.4
26,40,4,350,1,3.02,1.31,114.8,65.2,1.22,1.3,116.8
34,40,2,350,2,2.36,0.93,109.5,68.3,0.35,7.7,195.9
27,40,5,350,0,1.67,0.55,94.0,56.2,0.26,2.9,228.8
21,40,5,350,0,1.45,1.13,163.7,54.4,0.44,0.9,84.0
29,40,5,350,2,0.68,0.53,214.7,60.3,0.37,1.4,131.9
26,40,5,350,0,2.8,0.79,74.2,62.4,0.24,2.9,187.8
22,40,4,350,2,2.3,1.48,121.4,66.3,0.43,1.8,223.0
26,40,3,350,2,1.3,1.15,174.1,63.2,0.18,0.3,90.0
43,40,3,350,0,3.26,0.58,210.3,73.5,0.3,1.7,227.6
39,40,1,350,0,3.19,0.29,86.2,66.8,2.47,2.1,182.2
36,40,1,350,2,2.87,0.98,217.2,72.4,1.63,0.5,234.8
45,40,0,350,1,0.75,0.59,137.8,68.2,0.37,0.5,129.0
29,40,1,350,1,1.04,0.69,208.6,66.2,0.48,1.1,207.7
39,40,3,350,2,2.17,1.02,121.7,68.2,0.19,1.2,144.7
33,40,0,350,2,0.79,0.4,196.7,64.6,1.44,2.3,145.4
37,40,4,350,2,2.94,0.42,137.7,72.9,0.21,0.2,206.0
37,40,3,350,1,2.55,1.25,115.8,69.8,0.49,1.1,242.7
36,40,4,350,2,0.51,1.25,202.2,72.6,0.31,0.5,126.0
43,40,1,350,0,1.37,0.52,231.5,66.1,0.17,2.7,96.3
34,40,0,350,2,3.24,1.06,119.6,64.0,0.41,2.6,123.8
29,40,1,350,1,1.99,1.42,84.3,59.4,0.38,0.3,91.4
34,40,1,350,0,0.79,0.75,108.5,64.1,2.69,2.7,167.4
23,40,4,350,0,3.12,0.67,84.6,61.2,0.33,2.7,250.0
30,40,6,350,1,1.19,0.46,117.6,63.1,0.22,1.0,82.4
42,40,2,350,1,2.3,0.47,250.0,73.2,0.25,2.6,134.6
22,40,0,350,0,2.73,0.89,75.6,61.9,0.23,2.7,116.9
32,40,5,350,0,0.54,1.19,121.7,64.2,0.29,2.6,117.4
23,40,1,350,2,2.39,0.56,104.0,61.5,0.18,2.8,89.8
30,40,1,350,1,0.94,1.47,104.0,64.0,0.23,2.9,172.3
22,40,4,350,2,2.95,1.31,77.3,66.1,0.12,2.7,107.8
20,40,1,350,2,3.12,1.16,158.7,63.8,0.47,7.7,172.8
34,40,5,350,1,2.51,0.55,96.5,59.2,0.21,7.3,105.4
29,40,2,350,0,1.97,1.3,138.8,61.0,0.29,1.7,132.0
22,40,5,350,2,0.7,0.95,76.7,62.0,0.23,2.8,133.4
24,40,1,350,2,2.81,0.96,121.7,61.6,0.4,0.2,125.3
35,40,2,350,2,0.79,0.82,120.1,77.8,1.89,2.3,160.8
31,40,4,350,2,0.75,0.84,118.6,78.0,0.36,2.8,118.0
36,40,3,350,0,1.97,0.52,124.4,62.6,0.32,1.1,122.7
43,40,4,350,0,2.43,0.35,102.8,74.6,0.11,0.5,108.0
34,40,2,350,2,3.29,0.48,114.1,72.6,0.42,2.0,129.5
30,40,3,350,2,0.87,0.99,104.6,74.6,0.12,2.3,140.9
33,40,2,350,2,3.13,1.14,116.2,72.3,0.38,0.6,113.7
39,40,2,350,2,1.51,0.86,131.0,73.9,0.22,0.7,122.2
33,40,4,350,2,1.36,1.02,105.9,68.9,1.07,1.7,133.4
29,40,4,350,1,2.46,1.45,116.4,68.0,0.38,2.6,134.0
30,40,5,350,0,3.45,1.13,111.4,58.3,0.35,0.3,88.1
32,40,5,350,1,0.58,1.49,119.2,56.9,0.13,0.2,105.0
28,40,6,350,0,1.39,0.29,81.8,61.6,0.47,2.1,93.6
25,40,6,350,1,1.6,0.28,102.4,66.2,0.11,1.0,107.0
24,40,5,350,0,2.39,0.81,79.2,63.1,0.17,8.3,153.6
24,40,1,350,2,1.05,0.86,101.8,59.3,0.22,2.0,115.9
27,40,5,350,2,2.41,0.43,122.0,76.2,0.32,2.9,96.6
39,40,2,350,0,0.7,0.43,105.6,63.3,0.11,2.9,107.4
32,40,3,350,0,0.9,0.71,81.7,60.5,0.33,0.8,85.0
33,40,5,350,0,0.77,1.4,95.6,68.0,0.34,7.3,127.2
22,40,4,350,1,2.35,0.89,77.2,62.8,0.22,2.1,125.6
33,40,3,350,1,3.06,0.4,96.6,64.0,1.49,2.9,247.6
34,40,1,350,0,0.88,1.34,114.9,68.3,0.2,0.9,80.8
37,40,1,350,2,1.82,0.98,215.1,70.9,0.16,7.2,203.1
25,40,1,350,0,1.58,1.43,74.6,64.7,0.23,0.9,130.8
25,40,0,350,1,0.85,0.3,175.5,60.4,0.34,1.3,104.7
42,40,4,350,0,1.81,0.69,124.2,63.3,0.15,2.5,105.6
37,40,0,350,0,2.52,1.13,95.1,57.4,0.27,2.4,166.5
24,40,6,350,1,2.52,1.31,94.6,59.9,0.43,2.8,234.6
27,40,1,350,0,2.78,1.25,154.0,55.2,0.32,1.8,201.5
30,40,3,350,2,3.32,1.17,218.3,74.8,2.88,1.1,158.8
32,40,3,350,1,0.68,1.3,190.4,70.3,0.45,9.2,159.2
45,40,4,350,1,0.56,0.53,111.7,74.3,0.2,9.4,149.7
38,40,0,350,1,1.28,1.38,120.2,62.6,0.42,3.0,194.5
32,40,6,350,1,1.73,0.89,113.8,61.3,0.47,1.2,89.6
34,40,0,350,0,2.91,1.33,177.7,58.6,0.14,2.3,144.2
28,40,0,350,0,0.88,1.16,78.3,57.7,0.42,2.9,104.0
34,40,6,350,2,2.64,1.16,134.1,57.2,2.3,0.9,89.6
27,40,1,350,0,2.58,0.96,87.6,56.5,0.26,2.2,181.6
21,40,0,350,0,1.27,0.99,51.9,65.2,0.27,1.0,99.0
23,40,0,350,1,1.57,1.19,170.0,69.0,0.27,1.9,122.7
23,40,4,350,1,1.7,0.7,91.4,65.2,0.15,2.7,145.5
20,40,5,350,2,1.45,0.52,112.0,66.2,0.21,0.2,167.6
33,40,4,350,2,1.33,0.44,133.8,71.6,0.2,1.4,179.0
33,40,1,350,0,2.94,0.57,163.8,65.5,0.45,0.8,130.4
28,40,4,350,0,1.25,1.23,171.1,65.8,0.17,0.8,98.4
27,40,3,350,2,2.63,1.27,120.9,66.4,0.18,7.3,125.8
28,40,1,350,0,0.56,0.81,93.1,65.6,0.24,2.3,144.2
40,40,6,350,0,3.22,0.95,97.6,64.6,0.23,0.4,70.4
43,40,2,350,0,0.96,0.67,132.5,78.9,0.4,1.6,161.5
21,40,4,350,0,2.26,0.33,65.6,57.2,0.25,1.6,101.4
45,40,6,350,1,1.31,0.88,149.9,74.6,0.43,2.3,115.2
26,40,1,350,2,2.77,1.21,92.0,57.8,0.13,1.3,250.0
29,40,5,350,0,1.8,0.63,100.7,60.2,0.28,0.1,109.8
37,40,5,350,0,2.82,0.91,250.0,69.4,0.45,1.8,138.6
42,40,0,350,1,0.84,0.32,105.3,78.5,0.37,1.7,179.5
45,40,3,350,1,2.51,0.62,125.5,73.0,0.42,0.7,146.0
43,40,6,350,2,3.31,1.46,168.0,71.7,0.23,7.4,165.2
44,40,2,350,2,2.87,0.53,137.3,71.5,0.23,0.5,107.3
37,40,5,350,2,1.7,0.94,135.8,65.4,0.15,0.7,144.9
27,40,4,350,1,3.49,1.36,102.1,66.1,0.27,1.1,127.3
41,40,6,350,0,3.12,0.79,140.2,66.6,0.18,3.0,130.0
25,40,0,350,2,1.3,1.47,119.4,54.0,0.47,1.9,250.0
35,40,2,350,1,0.6,0.69,116.8,71.3,0.22,2.0,116.9
44,40,5,350,0,1.57,0.29,250.0,63.3,0.14,7.4,73.7
20,40,4,350,2,2.53,0.48,106.6,60.1,0.23,8.7,118.6
20,40,0,350,0,1.78,1.25,45.7,62.0,0.33,2.4,94.0
31,40,4,350,0,1.59,0.41,84.7,62.3,0.23,0.1,122.7
29,40,4,350,0,0.64,1.07,80.6,59.5,0.16,0.7,164.0
21,40,3,350,2,2.67,0.64,118.9,59.1,0.41,2.5,131.6
29,40,0,350,1,3.07,0.29,159.1,69.8,0.17,2.9,104.7
37,40,0,350,1,0.85,0.25,116.7,64.8,0.16,2.8,94.2
23,40,6,350,1,0.66,0.84,92.0,63.7,0.12,0.1,89.4
27,40,4,350,0,2.2,0.28,82.0,60.5,0.24,0.8,132.1
33,40,0,350,1,2.91,1.43,87.3,56.8,0.27,1.1,136.3
34,40,3,350,2,1.05,0.52,125.7,70.4,0.22,2.1,105.8
43,40,5,350,2,1.77,1.1,128.4,70.4,0.31,2.3,131.5
22,40,0,350,2,2.19,1.25,95.2,58.0,0.13,1.6,170.1
29,40,4,350,2,2.73,0.84,118.8,60.8,2.27,2.2,167.0
25,40,4,350,1,1.94,0.93,162.6,57.1,0.34,1.8,116.3
31,40,6,350,2,2.62,1.2,125.2,70.7,2.28,2.1,235.2
37,40,3,350,2,2.09,0.58,104.9,60.4,0.13,0.8,125.4
28,40,3,350,0,3.13,0.64,193.6,59.3,0.39,1.6,109.2
32,40,5,350,2,2.26,0.6,120.7,64.3,2.5,1.1,183.0
24,40,5,350,0,2.58,1.03,97.8,55.7,0.16,0.7,150.2
36,40,3,350,2,3.42,1.04,141.7,71.6,0.3,8.0,121.9
36,40,6,350,2,0.98,1.29,145.4,72.7,0.24,0.5,142.0
22,40,0,350,1,3.04,0.29,89.4,66.1,0.41,1.0,119.2
43,40,6,350,1,3.0,0.6,136.6,80.8,0.31,1.0,98.2
34,40,3,350,1,2.47,0.85,109.5,66.1,0.39,0.0,226.6
31,40,0,350,0,2.88,1.09,90.1,53.1,0.3,1.9,101.0
43,40,4,350,1,2.21,0.84,220.8,71.7,0.42,2.7,147.4
23,40,3,350,1,1.8,1.45,89.8,65.9,0.34,7.6,165.7
45,40,5,350,0,3.06,1.43,131.7,67.0,0.25,0.7,85.3
42,40,0,350,2,1.99,1.25,134.0,69.2,0.21,2.2,128.8
20,40,4,350,1,0.77,1.25,79.1,61.3,0.27,3.0,83.1
40,40,5,350,1,1.07,0.54,117.9,69.8,0.14,1.3,85.1
27,40,0,350,0,0.7,0.75,68.6,64.1,0.41,8.6,166.8
30,40,2,350,0,1.07,1.01,78.5,71.6,0.25,1.7,117.1
42,40,0,350,1,3.16,0.53,130.5,77.7,0.31,2.1,93.8
41,40,4,350,1,3.22,1.12,107.4,67.8,0.33,1.4,155.8
21,40,3,350,0,1.1,0.88,81.8,55.6,0.33,2.8,133.8
41,40,4,350,2,0.96,0.84,145.9,70.1,0.22,0.9,102.2
45,40,2,350,0,1.37,0.44,119.1,64.2,0.46,2.6,130.1
32,40,1,350,0,3.16,0.84,95.8,67.6,0.16,2.7,93.6
27,40,5,350,1,2.7,1.46,114.1,57.0,0.2,1.0,108.4
27,40,0,350,1,1.58,1.42,81.8,63.0,0.33,1.2,118.6
33,40,2,350,1,1.72,0.9,101.9,61.5,0.2,8.0,130.4
25,40,0,350,1,3.12,0.35,109.5,63.6,0.17,1.2,91.2
22,40,1,350,1,0.93,1.4,99.4,60.3,0.24,2.7,105.8
21,40,5,350,0,1.87,0.83,84.4,49.0,0.35,0.0,124.8
32,40,4,350,0,2.61,0.59,92.8,63.7,0.44,0.6,125.5
28,40,0,350,1,1.35,1.27,119.5,65.8,0.33,2.1,97.6
42,40,3,350,0,0.83,0.79,116.8,67.6,0.47,1.7,140.4
22,40,4,350,1,1.44,1.37,85.3,58.8,0.31,2.9,119.3
44,40,0,350,2,1.15,0.26,127.4,75.8,0.22,0.6,113.4
24,40,2,350,2,2.22,0.84,104.5,58.6,1.61,0.6,179.2
23,40,6,350,1,0.56,1.41,108.0,68.4,0.31,1.3,94.3
43,40,6,350,2,2.09,0.57,152.9,69.5,1.04,2.1,241.6
39,40,3,350,0,2.71,1.38,85.1,71.2,2.13,1.0,146.0
23,40,4,350,2,3.03,0.94,218.7,62.4,0.35,0.4,226.2
42,40,1,350,0,1.38,0.79,110.5,57.1,1.31,1.2,119.0
28,40,6,350,2,0.96,0.45,219.5,59.6,0.31,0.3,152.4
35,40,0,350,1,1.48,0.44,95.1,69.4,0.14,0.8,127.3
25,40,1,350,0,1.61,1.4,146.7,69.9,0.46,0.2,122.8
41,40,0,350,1,2.69,1.41,122.4,72.3,0.3,1.7,127.0
25,40,0,350,2,1.08,0.82,115.2,69.3,0.12,0.3,150.8
36,40,2,350,2,1.76,1.48,116.6,62.5,0.21,1.3,116.9
42,40,0,350,1,2.63,0.66,147.9,75.2,0.15,7.8,104.2
27,40,0,350,0,0.84,1.01,109.2,64.6,0.38,0.7,250.0
20,40,1,350,1,0.68,0.8,74.7,56.2,0.48,9.4,124.3
32,40,5,350,2,2.81,0.92,250.0,74.1,2.21,0.7,248.8
23,40,0,350,1,1.07,0.52,84.2,65.9,0.4,1.6,90.8
41,40,2,350,0,3.25,1.26,213.2,69.5,2.61,0.2,145.8
31,40,5,350,1,0.83,0.7,79.2,64.3,0.36,2.9,107.0
23,40,1,350,2,0.9,1.19,105.9,71.7,0.15,2.2,152.6
23,40,5,350,2,3.06,0.69,91.5,71.7,0.27,1.1,118.8
40,40,1,350,2,3.4,0.68,142.7,67.5,0.3,1.1,129.1
42,40,2,350,0,1.29,0.88,110.9,63.9,0.36,3.0,117.6
36,40,4,350,2,2.96,1.2,120.8,62.3,0.37,1.6,97.6
25,40,1,350,1,2.73,1.44,101.7,59.6,0.46,1.9,250.0
35,40,1,350,1,0.71,1.08,86.5,55.9,0.4,2.7,110.8
43,40,2,350,2,0.81,1.41,246.8,78.0,1.13,0.3,84.9
28,40,2,350,1,0.68,0.68,95.3,64.8,0.37,0.4,91.0
23,40,6,350,0,2.49,1.45,66.9,60.1,0.12,1.6,139.4
20,40,5,350,1,1.94,0.47,84.1,56.0,1.82,9.7,204.2
43,40,6,350,0,1.02,0.9,132.0,56.2,0.14,2.5,155.8
42,40,4,350,2,2.28,0.88,142.9,71.3,0.33,8.6,109.4
38,40,3,350,2,1.93,0.74,145.0,74.8,0.13,8.1,120.6
20,40,3,350,0,2.6,0.88,74.4,59.7,0.31,0.6,68.2
24,40,5,350,2,0.86,0.29,90.3,64.6,0.39,1.6,113.4
21,40,5,350,0,2.83,0.7,61.5,58.1,0.24,1.8,143.1
33,40,6,350,1,0.72,0.83,102.0,64.2,0.23,2.5,107.3
38,40,4,350,2,1.62,0.58,133.2,58.9,0.49,0.9,103.3
42,40,2,350,0,1.13,0.82,95.1,63.6,0.17,2.7,121.4
30,40,2,350,0,1.96,1.28,92.8,55.3,0.31,1.1,82.1
37,40,5,350,2,3.49,0.75,109.4,74.6,0.33,1.0,136.0
22,40,2,350,1,0.73,0.76,73.6,62.2,0.33,1.9,100.1
28,40,6,350,2,3.42,1.31,127.6,59.4,0.36,0.9,122.3
25,40,6,350,1,3.19,0.8,88.5,62.3,0.49,1.2,128.8
27,40,6,350,2,1.37,1.1,113.7,61.6,0.42,2.6,113.3
43,40,1,350,2,1.01,0.67,117.2,65.1,0.23,0.1,114.5
30,40,2,350,2,2.1,0.44,97.9,57.5,0.39,0.7,96.1
33,40,0,350,1,1.12,0.62,110.7,74.5,0.28,7.9,124.8
35,40,0,350,0,3.25,0.96,87.8,65.4,0.33,1.9,63.5
40,40,2,350,0,3.16,1.04,93.0,65.1,0.15,1.1,98.0
20,40,6,350,0,2.52,0.3,51.9,57.1,0.2,0.5,71.6
24,40,2,350,2,0.98,1.15,91.9,68.1,0.12,0.6,163.7
28,40,0,350,0,1.88,0.57,66.9,65.5,0.19,2.0,171.4
43,40,6,350,2,2.56,1.35,159.8,76.2,0.28,2.9,100.4
43,40,5,350,2,0.58,1.08,161.6,66.3,0.29,2.0,154.8
24,40,2,350,0,3.01,1.13,86.1,60.6,0.3,9.6,250.0
38,40,2,350,2,0.87,1.37,143.5,72.6,0.37,0.7,111.5
34,40,1,350,2,1.5,0.55,225.7,70.4,0.15,0.7,112.8
36,40,6,350,0,0.51,0.39,103.5,61.5,0.44,2.7,192.1
35,40,6,350,1,2.53,0.26,108.1,75.1,0.48,0.1,102.0
32,40,2,350,1,1.24,0.91,176.1,52.9,0.34,0.7,128.0
28,40,0,350,2,1.77,0.3,94.5,60.0,0.32,1.8,92.3
32,40,6,350,1,1.31,0.93,120.5,65.4,0.49,1.4,141.4
36,40,5,350,0,1.23,1.42,81.2,65.9,0.3,2.7,130.9
41,40,6,350,0,1.62,1.32,129.2,65.7,0.27,2.7,203.1
37,40,2,350,1,3.39,0.75,116.9,69.2,0.32,2.4,129.0
30,40,0,350,0,2.58,1.44,189.6,61.8,0.48,2.7,211.8
23,40,5,350,2,1.94,1.14,115.8,64.7,1.09,2.4,243.0
44,40,6,350,0,1.09,1.23,195.2,64.6,0.35,9.1,110.3
38,40,1,350,2,2.74,0.7,218.3,72.6,0.17,1.5,129.6
22,40,4,350,1,1.12,0.72,73.2,66.7,0.25,1.1,209.3
33,40,1,350,2,3.16,0.37,121.8,71.8,0.21,1.6,213.8
34,40,4,350,1,2.45,0.89,201.7,65.5,0.14,1.5,67.6
42,40,6,350,1,0.53,0.49,205.0,70.4,1.56,2.1,250.0
29,40,0,350,0,0.76,0.74,60.3,64.0,0.26,0.6,128.6
43,40,6,350,1,3.09,1.4,250.0,70.0,0.18,1.3,250.0
28,40,5,350,1,2.71,1.4,122.6,65.6,0.35,9.1,148.8
24,40,3,350,0,2.91,1.03,250.0,53.2,0.49,1.0,233.4
38,40,0,350,0,1.91,1.09,111.7,56.8,0.24,1.3,117.6
42,40,0,350,2,0.83,1.17,222.5,74.8,0.13,2.2,97.6
30,40,4,350,1,0.89,1.1,109.4,62.8,0.46,9.1,109.2
35,40,6,350,0,3.31,0.47,87.9,65.0,0.19,0.1,205.0
20,40,6,350,0,2.23,1.3,70.5,53.3,0.2,0.6,119.9
22,40,2,350,2,0.78,1.32,201.8,62.3,0.45,0.8,128.4
41,40,4,350,1,0.87,0.74,114.8,71.8,0.33,2.5,146.4
22,40,5,350,2,1.17,0.96,118.9,62.3,0.48,1.5,140.0
40,40,3,350,1,2.03,0.26,132.7,70.5,0.11,2.9,139.0
42,40,3,350,1,2.12,1.25,127.6,70.7,0.11,2.7,186.1
38,40,4,350,1,3.2,1.09,127.2,59.8,0.4,0.4,159.5
24,40,0,350,1,1.84,0.9,175.0,65.4,0.17,1.1,94.1
24,40,4,350,0,0.56,0.82,152.1,60.7,0.48,1.5,127.2
30,40,2,350,0,1.05,0.25,87.7,59.2,0.12,2.3,164.9
39,40,0,350,0,2.16,0.94,114.8,58.7,0.22,0.3,60.4
45,40,0,350,2,2.94,0.38,155.0,71.2,0.47,1.8,127.0
22,40,2,350,0,2.26,0.96,56.1,63.2,1.97,0.4,224.3
39,40,5,350,0,2.71,0.98,113.6,71.8,0.22,0.3,88.8
39,40,0,350,1,1.2,0.89,193.3,73.9,0.48,1.9,142.5
25,40,0,350,1,2.1,0.97,84.4,60.0,0.46,0.7,159.4
42,40,1,350,2,2.41,1.48,128.7,69.7,0.46,0.6,147.2
43,40,5,350,1,2.22,0.81,150.0,67.9,0.5,1.7,141.0
41,40,6,350,2,2.48,1.06,138.2,59.8,0.19,2.1,141.1
34,40,2,350,2,1.65,1.32,127.5,67.0,0.13,8.4,125.0
39,40,0,350,2,0.63,1.0,130.9,69.9,0.32,1.3,135.8
36,40,0,350,0,0.64,1.41,93.7,63.0,0.11,0.5,158.4
37,40,3,350,2,2.88,0.27,126.4,74.9,0.41,0.1,131.8
34,40,1,350,2,0.88,1.47,155.0,58.3,0.31,0.0,107.6
41,40,2,350,1,0.93,0.7,125.3,75.1,0.26,0.5,69.6
21,40,0,350,1,0.92,1.41,103.0,59.7,0.25,0.3,245.6
26,40,2,350,1,2.81,0.54,64.0,58.0,0.46,0.1,128.6
40,40,4,350,2,2.13,0.4,240.8,68.6,0.19,2.2,122.2
30,40,5,350,2,2.86,0.8,121.4,71.5,0.35,0.8,128.6
27,40,6,350,0,3.36,1.23,111.7,56.2,0.41,7.5,174.4
35,40,3,350,2,2.27,0.89,120.6,74.1,0.36,0.4,138.9
21,40,6,350,0,3.17,0.74,142.0,63.0,0.41,1.8,145.4
33,40,6,350,1,2.67,0.89,132.1,69.5,0.46,1.4,120.7
39,40,4,350,2,1.17,0.26,132.9,62.3,0.41,2.8,123.4
25,40,4,350,2,0.79,0.39,108.9,75.7,0.24,8.3,149.2
43,40,6,350,0,1.4,1.1,107.4,70.6,0.42,2.1,85.6
22,40,0,350,2,1.98,1.4,116.5,65.6,2.6,2.3,140.6
20,40,5,350,1,3.47,0.5,71.9,54.7,0.45,0.3,147.1
30,40,4,350,0,1.52,0.99,93.6,71.4,0.22,1.0,112.0
35,40,6,350,1,3.24,0.46,139.3,65.7,0.34,2.3,90.8
31,40,2,350,2,2.78,0.92,105.2,69.0,0.29,1.8,176.2
24,40,2,350,1,1.52,0.33,77.7,63.4,0.23,0.4,127.6
45,40,2,350,2,2.25,0.64,165.6,78.1,0.21,0.2,137.4
36,40,0,350,1,2.98,0.63,122.8,65.5,0.19,1.8,180.8
36,40,6,350,1,2.49,1.26,133.5,74.0,0.26,2.0,74.2
21,40,5,350,1,3.16,0.9,171.7,70.3,0.44,2.7,226.4
23,40,0,350,1,0.56,1.11,63.3,61.1,0.25,0.4,198.6
44,40,4,350,1,3.2,1.37,210.3,70.1,0.3,0.6,193.2
40,40,3,350,0,3.06,0.38,193.5,62.9,0.2,1.5,181.8
30,40,5,350,0,3.44,0.84,186.6,65.6,0.47,9.1,168.8
45,40,2,350,2,0.86,1.44,173.6,67.3,1.75,2.2,147.9
37,40,4,350,1,0.94,1.05,129.9,71.0,0.46,0.6,105.7
36,40,2,350,0,2.49,0.78,113.9,55.9,0.32,2.3,133.5
24,40,6,350,1,2.52,0.62,96.7,60.3,1.67,1.1,142.7
20,40,5,350,2,2.74,0.38,120.6,63.1,0.3,2.6,140.9
35,40,6,350,0,0.97,0.93,113.8,64.9,0.21,1.0,113.6
36,40,1,350,0,3.36,1.41,127.3,65.5,0.45,0.1,138.9
31,40,2,350,1,1.65,0.46,107.0,70.5,0.29,0.2,114.0
40,40,1,350,2,0.86,1.39,131.8,64.0,0.15,9.9,186.5
27,40,2,350,1,2.59,0.34,108.9,61.3,0.49,0.7,170.4
44,40,2,350,2,2.75,1.04,149.6,75.7,1.1,0.0,154.6
21,40,2,350,0,3.05,0.58,160.6,58.4,0.12,2.4,117.4
35,40,2,350,1,2.32,1.36,138.1,65.5,0.39,1.7,142.4
26,40,6,350,0,2.26,0.85,107.2,60.0,0.21,7.7,103.9
40,40,5,350,2,1.17,0.88,130.6,66.1,0.12,2.3,143.2
22,40,3,350,1,2.94,1.25,73.8,67.9,0.14,1.3,141.2
42,40,2,350,0,2.9,1.39,133.3,72.7,0.43,2.8,161.0
33,40,5,350,2,0.58,1.41,134.6,64.0,2.01,0.9,165.3
38,40,5,350,1,3.04,0.95,144.8,70.4,0.25,8.4,250.0
45,40,2,350,1,2.51,0.53,132.0,76.4,0.2,0.2,146.6
21,40,5,350,1,0.55,1.34,236.3,71.0,0.18,1.1,203.0
42,40,1,350,2,3.23,1.26,142.9,66.0,0.18,1.3,132.6
38,40,6,350,1,1.87,0.65,196.5,64.2,0.3,2.3,115.8
40,40,1,350,1,1.63,1.4,125.4,79.3,0.26,0.5,99.2
40,40,0,350,1,2.66,0.8,103.3,62.8,0.39,1.6,150.5
33,40,1,350,0,1.38,1.1,93.6,63.8,0.33,0.7,132.6
34,40,0,350,2,3.16,1.23,139.1,70.6,0.11,1.2,175.4
42,40,3,350,1,3.18,1.07,125.2,67.4,0.27,0.2,106.8
27,40,0,350,2,2.62,0.55,169.6,70.5,0.22,1.7,130.8
24,40,1,350,1,2.29,0.4,102.0,62.9,0.1,0.3,116.2
27,40,1,350,2,3.0,1.02,121.5,64.0,0.25,0.6,233.4
36,40,2,350,2,3.09,1.36,113.6,64.9,0.46,0.1,94.2
43,40,1,350,2,3.17,0.51,227.5,72.2,0.32,1.1,184.0
22,40,3,350,0,2.37,1.36,86.9,55.6,0.13,0.6,157.4
31,40,1,350,0,1.97,1.26,175.4,58.3,0.26,2.6,87.5
22,40,2,350,0,2.36,1.38,153.4,59.2,2.77,1.0,193.4
25,40,0,350,2,2.08,1.14,74.5,64.5,0.25,0.2,75.0
40,40,3,350,2,1.3,1.17,148.4,63.0,0.26,0.3,159.9
24,40,4,350,2,0.83,0.61,70.6,62.0,0.42,1.9,129.9
27,40,0,350,1,2.86,0.45,154.9,66.0,1.6,0.8,250.0
32,40,2,350,1,2.02,0.86,116.9,63.3,0.5,2.5,170.6
40,40,5,350,1,2.38,0.79,224.6,67.3,0.31,1.0,95.8
21,40,2,350,0,3.1,1.44,154.4,55.0,0.25,1.8,108.2
30,40,1,350,1,0.75,1.31,87.6,66.7,0.26,0.0,98.7
29,40,4,350,0,2.43,0.86,98.2,64.7,0.4,1.1,133.8
31,40,2,350,1,1.17,0.33,94.8,68.2,0.22,9.2,152.6
40,40,4,350,0,3.42,1.08,123.9,65.5,0.25,2.2,134.4
33,40,1,350,2,0.96,0.7,117.1,80.5,0.5,2.7,125.2
45,40,4,350,0,2.18,1.01,122.9,66.3,0.19,1.8,103.4
33,40,6,350,1,1.04,1.26,108.3,73.8,0.13,2.1,135.8
25,40,6,350,0,0.5,1.44,94.2,52.5,0.48,2.6,156.0
34,40,4,350,2,0.67,0.27,126.5,73.2,0.42,7.7,136.4
45,40,5,350,1,2.17,1.37,139.7,68.5,1.68,0.9,116.2
24,40,0,350,2,2.05,0.32,103.1,63.8,0.16,0.4,92.5
25,40,0,350,2,2.36,1.06,87.8,65.4,0.23,2.5,132.6
20,40,5,350,1,1.21,1.29,88.7,66.2,0.19,0.0,156.6
38,40,3,350,0,0.8,0.56,120.4,63.8,0.39,2.0,115.8
43,40,5,350,0,2.27,1.07,153.8,69.3,0.15,9.2,141.6
35,40,5,350,0,0.88,1.35,103.0,62.8,0.21,3.0,135.2
25,40,4,350,1,1.42,0.38,107.2,56.6,0.17,2.9,127.3
34,40,5,350,2,0.67,0.46,121.5,73.3,0.25,2.8,163.8
33,40,5,350,2,1.57,0.74,114.6,69.9,0.46,0.3,151.0
38,40,6,350,2,1.09,0.73,150.2,76.5,0.46,0.7,153.2
43,40,4,350,2,3.01,1.15,143.1,72.8,0.48,2.4,148.9
44,40,3,350,2,1.45,0.45,143.8,69.7,0.38,1.6,118.5
39,40,4,350,2,0.98,0.95,133.3,71.4,0.12,8.3,161.8
28,40,2,350,2,2.16,0.93,107.2,72.0,0.2,1.8,136.9
40,40,3,350,2,2.3,1.25,130.9,68.7,0.18,0.8,238.8
36,40,0,350,2,1.87,0.92,127.6,73.3,2.5,0.0,250.0
41,40,6,350,1,1.12,0.58,233.3,70.9,2.1,1.9,135.8
41,40,2,350,2,0.57,0.42,250.0,74.6,0.35,3.0,218.6
25,40,5,350,0,2.09,0.96,97.6,65.3,0.37,1.9,82.5
27,40,4,350,2,0.83,1.0,202.8,69.3,0.2,7.8,171.4
21,40,5,350,1,2.13,1.12,70.3,55.4,0.14,0.5,74.4
42,40,4,350,2,3.14,0.95,141.1,67.1,0.14,2.5,247.4
27,40,3,350,0,1.9,0.63,70.6,54.3,0.28,2.8,203.5
37,40,2,350,2,2.48,1.18,236.6,74.8,0.34,1.8,87.0
29,40,4,350,0,1.07,0.52,189.5,65.9,0.21,1.7,108.3
24,40,4,350,1,3.49,0.57,75.6,74.5,0.11,2.6,151.4
21,40,4,350,0,2.47,1.37,99.2,60.8,0.27,0.5,106.4
34,40,5,350,1,3.34,1.48,140.6,72.7,0.11,1.3,74.6
34,40,5,350,0,1.61,1.45,100.6,62.8,0.13,1.6,250.0
24,40,2,350,0,2.36,0.29,68.4,55.0,0.34,0.4,114.2
32,40,6,350,0,2.62,0.54,250.0,66.6,0.3,2.8,112.2
32,40,4,350,2,3.03,0.39,107.7,63.7,0.11,0.8,114.0
35,40,3,350,0,0.83,0.54,97.9,58.2,0.32,2.9,109.0
32,40,5,350,0,3.2,1.31,109.6,50.4,0.44,9.6,143.3
23,40,5,350,2,2.73,0.54,94.0,66.7,0.22,1.1,85.7
21,40,5,350,2,3.19,0.4,103.1,60.3,0.44,2.5,85.0
28,40,0,350,1,2.3,0.67,78.6,64.6,0.29,2.6,161.8
24,40,0,350,0,0.93,0.51,69.7,55.8,0.32,2.1,116.4
34,40,3,350,2,1.39,0.83,148.4,63.0,1.28,1.8,124.4
28,40,5,350,1,2.52,0.53,104.3,71.5,2.05,1.1,120.7
35,40,4,350,0,0.59,0.34,98.9,64.5,0.35,2.9,95.3
20,40,3,350,1,1.09,1.03,86.1,61.3,0.21,1.5,250.0
20,40,1,350,2,3.37,1.15,79.9,61.2,2.26,7.6,191.9
42,40,1,350,0,1.82,0.25,250.0,66.8,0.44,1.1,118.7
45,40,2,350,1,2.55,1.37,131.4,71.4,1.61,1.2,105.0
34,40,2,350,1,2.55,1.1,108.3,70.5,0.32,1.4,132.8
39,40,1,350,0,0.62,0.55,76.6,62.3,0.25,1.3,110.9
29,40,0,350,2,3.33,0.75,123.1,65.3,0.36,2.6,147.5
32,40,4,350,0,2.64,1.26,102.6,61.7,0.16,8.1,202.8
39,40,2,350,1,3.24,1.33,133.0,61.6,0.44,2.8,105.8
25,40,5,350,1,1.21,0.4,172.1,65.1,0.43,0.3,129.3
36,40,0,350,0,1.52,0.62,89.4,61.7,1.51,1.9,92.2
43,40,3,350,0,2.1,1.2,121.8,63.1,0.23,2.1,121.7
28,40,3,350,0,3.12,1.08,62.9,54.6,0.28,0.7,135.3
42,40,1,350,1,1.98,0.77,110.9,69.7,0.33,1.5,86.2
40,40,6,350,2,1.08,1.16,128.7,84.0,0.25,1.7,106.5
21,40,3,350,1,0.62,0.33,76.0,55.5,0.13,2.8,140.2
37,40,3,350,0,0.58,0.26,96.8,67.3,0.27,0.1,181.8
44,40,3,350,0,1.21,0.97,128.4,77.7,0.25,2.8,149.8
21,40,0,350,1,1.14,0.62,177.4,59.0,0.33,0.5,125.1
43,40,3,350,1,3.25,0.86,136.2,63.4,0.29,1.3,115.3
30,40,3,350,1,2.04,0.72,118.4,64.0,0.26,2.2,124.8
44,40,4,350,0,0.99,0.36,106.4,66.5,1.59,7.2,201.7
39,40,3,350,0,2.68,1.42,113.2,67.0,0.26,0.1,149.2
43,40,1,350,2,1.04,0.85,152.7,71.9,0.35,1.5,158.5
44,40,1,350,1,1.87,1.07,145.0,66.0,2.8,2.6,120.2
43,40,6,350,0,3.1,1.48,148.0,65.7,0.3,0.3,67.9
21,40,4,350,0,0.66,0.52,69.1,55.6,0.43,7.3,115.5
22,40,5,350,1,1.84,0.28,62.4,66.9,0.4,2.3,84.2
21,40,0,350,1,0.73,1.48,83.5,67.9,0.44,0.5,119.0
22,40,2,350,0,3.17,0.96,70.2,58.5,0.28,2.7,214.7
33,40,0,350,2,1.05,0.9,110.6,76.7,0.22,0.2,143.4
37,40,3,350,0,3.31,0.43,201.1,80.1,0.25,1.8,135.4
41,40,4,350,1,3.19,1.37,139.4,58.1,0.29,2.9,151.7
32,40,4,350,2,2.12,0.58,125.3,75.7,0.38,2.8,115.3
38,40,2,350,2,2.98,0.7,137.2,72.8,0.3,1.9,197.8
20,40,4,350,2,2.91,0.38,99.8,62.6,0.14,2.8,122.1
28,40,1,350,1,2.31,1.19,186.7,63.7,0.47,0.8,221.8
29,40,4,350,0,2.27,0.57,110.2,67.9,0.49,0.4,108.4
34,40,4,350,0,1.89,0.35,212.0,65.6,0.42,1.8,222.8
38,40,2,350,0,2.39,0.61,99.7,58.4,0.48,0.7,115.2
32,40,5,350,2,2.46,0.86,210.2,65.3,2.41,0.8,170.6
24,40,5,350,1,1.41,0.48,105.5,63.5,0.25,0.7,77.9
39,40,2,350,2,0.99,0.69,131.7,65.8,0.26,9.2,155.6
29,40,5,350,0,0.92,0.74,71.7,72.4,0.46,2.8,120.5
40,40,0,350,1,0.93,1.08,119.5,70.9,0.13,0.9,226.9
34,40,2,350,0,2.22,0.7,103.8,66.3,0.17,2.9,76.5
42,40,6,350,1,2.35,0.61,221.8,64.8,0.2,1.6,147.2
26,40,2,350,0,2.41,0.98,63.8,57.0,0.17,2.1,230.1
42,40,1,350,2,0.89,0.34,138.6,62.4,0.18,1.5,131.0
41,40,3,350,0,2.88,1.24,220.2,70.0,0.38,2.9,180.2
44,40,5,350,0,3.23,0.63,123.1,63.9,0.17,2.4,127.2
45,40,0,350,2,1.57,1.43,164.4,67.5,0.46,1.1,143.4
41,40,2,350,0,0.88,1.17,116.3,68.4,0.11,0.5,101.0
40,40,0,350,0,2.42,0.77,132.7,58.5,0.45,1.2,74.2
26,40,3,350,1,1.37,1.33,97.6,57.2,0.11,0.0,77.8
22,40,3,350,0,2.87,0.69,63.2,60.3,0.12,1.1,250.0
38,40,4,350,0,0.83,0.71,76.1,55.9,0.29,0.4,144.2
44,40,4,350,1,3.03,0.33,250.0,76.3,0.35,0.9,66.9
45,40,6,350,1,0.98,1.02,138.4,76.3,1.86,1.1,128.4
28,40,1,350,0,1.54,0.85,58.5,60.1,2.74,1.7,110.2
36,40,1,350,0,1.1,1.07,96.6,69.2,0.4,1.5,71.4
29,40,3,350,0,3.47,0.69,63.2,60.1,0.43,0.1,153.1
27,40,3,350,0,2.4,1.32,60.2,64.1,0.27,2.9,96.6
44,40,1,350,2,1.58,0.79,146.3,68.6,0.14,1.4,119.2
33,40,1,350,1,1.04,0.73,82.4,69.1,0.43,0.5,104.9
39,40,0,350,1,1.35,1.06,112.2,68.1,0.18,9.8,159.7
23,40,3,350,1,2.9,1.0,96.7,63.0,0.23,0.9,64.2
30,40,5,350,1,1.92,0.53,122.7,64.8,0.45,7.4,159.8
20,40,1,350,0,1.25,0.59,57.6,61.1,0.36,1.4,240.3
38,40,3,350,1,1.45,0.72,127.2,67.8,1.76,8.4,166.8
26,40,6,350,0,0.56,0.34,230.0,59.3,0.12,2.7,110.4
27,40,6,350,2,1.54,1.29,111.0,62.9,0.13,1.5,132.6
27,40,5,350,0,0.93,0.42,99.2,61.1,0.44,1.2,118.0
32,40,6,350,2,1.41,1.32,125.4,71.1,0.24,1.2,159.3
32,40,1,350,2,3.36,0.52,107.2,68.5,0.34,0.5,106.2
40,40,0,350,2,0.54,1.0,151.5,72.0,0.26,8.8,163.0
40,40,3,350,0,1.89,0.64,99.4,55.9,0.42,2.1,126.6
38,40,5,350,1,0.93,0.98,128.3,67.5,0.45,1.6,228.8
36,40,4,350,1,1.54,0.94,113.0,67.8,0.3,2.5,133.0
33,40,6,350,0,3.28,1.26,216.4,65.1,0.49,1.5,117.5
31,40,4,350,1,1.67,1.16,119.8,63.2,1.04,0.4,99.9
29,40,0,350,2,2.5,0.58,104.9,69.4,0.5,1.1,126.8
31,40,5,350,0,0.61,0.48,82.9,58.3,0.37,1.4,219.8
29,40,0,350,2,2.16,1.4,115.5,74.8,0.28,2.7,66.4
43,40,0,350,0,0.75,1.14,209.3,51.0,2.72,2.7,152.5
21,40,0,350,1,2.33,0.35,52.8,57.4,0.2,1.0,108.5
25,40,5,350,1,1.63,0.98,102.2,61.6,0.13,2.4,221.8
32,40,6,350,1,1.83,0.7,102.0,68.5,0.37,1.2,128.2
42,40,5,350,0,1.41,0.39,211.5,69.0,0.37,2.5,104.2
32,40,6,350,0,1.11,1.07,118.5,62.3,0.44,2.2,199.8
28,40,0,350,2,0.77,0.92,89.9,73.4,2.71,2.3,157.7
20,40,2,350,0,0.65,1.42,185.5,57.3,0.41,1.1,131.6
40,40,3,350,2,1.41,0.44,109.0,70.8,0.21,1.5,90.1
41,40,1,350,2,3.4,0.33,121.6,83.0,0.47,2.3,128.3
23,40,3,350,0,0.57,1.04,81.7,60.6,0.28,2.4,100.2
40,40,1,350,0,1.65,1.28,113.2,83.0,2.63,2.2,163.0
38,40,2,350,0,1.38,1.18,87.6,69.6,0.25,9.0,139.6
43,40,6,350,0,1.69,0.31,115.8,76.0,0.18,1.9,109.3
27,40,5,350,1,1.65,1.34,104.4,71.7,0.12,1.4,214.1
39,40,3,350,1,1.82,0.77,99.9,62.5,0.22,1.6,94.6
24,40,1,350,2,0.85,0.84,207.4,64.6,0.45,9.7,250.0
32,40,2,350,1,0.92,0.89,85.7,64.1,0.23,0.5,111.8
44,40,6,350,2,3.13,0.66,250.0,68.8,2.06,0.0,250.0
33,40,5,350,1,2.13,0.96,106.6,59.6,1.9,2.8,151.8
43,40,1,350,1,2.15,1.28,250.0,70.5,0.36,0.4,95.8
29,40,3,350,2,2.39,0.78,113.5,70.5,0.48,0.6,81.4
32,40,1,350,0,1.51,1.02,89.0,63.7,0.34,1.7,118.2
28,40,4,350,0,2.31,0.62,72.1,54.7,0.43,7.6,172.5
33,40,5,350,1,0.71,0.88,107.2,59.0,0.16,1.7,209.0
30,40,4,350,2,3.03,1.46,139.5,62.8,0.26,0.2,203.1
40,40,1,350,0,0.81,1.22,200.6,72.0,2.96,1.1,146.4
37,40,6,350,0,0.51,0.68,198.5,59.9,0.28,1.2,108.2
42,40,2,350,0,1.31,0.49,98.2,65.9,0.36,0.5,94.4
26,40,5,350,2,1.01,1.46,99.8,59.5,0.44,8.2,182.3
37,40,2,350,0,2.7,1.08,87.3,60.2,0.15,0.0,210.0
35,40,2,350,2,0.87,1.39,147.0,68.5,0.38,9.4,148.0
44,40,4,350,2,3.25,0.56,207.8,63.3,0.42,2.2,142.8
32,40,4,350,0,3.39,1.44,109.4,72.7,0.38,1.5,133.0
36,40,5,350,2,2.51,0.47,128.8,67.8,0.1,2.3,250.0
31,40,4,350,1,3.49,0.99,122.1,62.3,0.12,2.6,136.5
34,40,0,350,1,2.27,0.55,250.0,66.8,0.45,0.1,80.5
42,40,4,350,2,1.61,0.73,125.6,80.6,1.57,1.4,139.6
21,40,2,350,0,0.99,0.73,73.4,61.8,0.44,0.6,108.8
42,40,6,350,0,0.64,1.47,111.2,67.1,0.31,2.6,101.6
43,40,5,350,0,0.71,0.33,100.1,72.1,0.26,0.3,201.6
22,40,5,350,0,3.19,0.73,87.8,58.2,2.34,9.7,168.8
34,40,1,350,1,1.34,0.76,196.6,78.0,0.16,2.2,144.4
22,40,3,350,0,2.1,1.33,99.7,59.5,0.36,0.6,123.7
44,40,2,350,2,1.21,0.44,134.3,77.6,0.24,0.9,85.0
37,40,3,350,0,3.37,1.33,116.2,62.8,0.41,1.2,144.2
25,40,6,350,1,1.58,0.64,78.3,58.0,0.16,0.7,159.2
40,40,4,350,1,0.68,0.74,133.8,65.7,0.46,2.9,180.6
39,40,1,350,2,2.44,0.77,154.3,71.0,0.2,8.2,150.3
45,40,3,350,2,3.21,0.89,163.6,57.2,0.17,7.0,122.6
43,40,1,350,1,2.61,0.65,118.6,72.6,1.43,0.3,107.8
45,40,2,350,0,3.02,0.63,95.6,69.7,0.38,0.8,129.3
28,40,2,350,0,2.86,1.36,85.3,68.5,0.41,0.2,150.4
35,40,2,350,2,1.93,0.61,120.8,74.1,0.43,1.5,172.1
41,40,5,350,1,2.34,0.45,143.5,67.4,0.31,8.3,129.8
31,40,0,350,0,2.79,0.38,160.4,66.0,0.1,0.6,71.4
38,40,2,350,0,1.89,0.7,96.1,60.2,0.36,7.3,160.4
30,40,0,350,0,3.26,0.64,67.8,67.6,0.13,0.1,206.7
29,40,5,350,2,1.21,0.26,129.4,66.7,0.11,0.3,111.4
44,40,1,350,2,2.43,1.32,204.4,76.8,0.38,2.4,125.3
37,40,4,350,0,1.52,1.43,108.7,68.6,1.82,1.4,133.2
31,40,0,350,1,0.78,0.46,111.2,65.9,0.14,0.7,98.8
42,40,2,350,0,2.11,0.81,101.0,68.0,0.15,0.7,211.9
22,40,0,350,2,2.49,1.15,94.3,64.5,0.44,0.9,95.0
22,40,4,350,0,1.42,0.37,207.2,64.9,0.28,0.7,107.0
27,40,3,350,0,1.81,1.43,85.2,65.5,1.52,2.8,197.8
32,40,2,350,0,1.17,0.54,100.3,75.4,1.29,0.7,90.1
29,40,2,350,1,3.11,0.81,165.2,64.2,0.47,2.6,91.0
27,40,0,350,0,1.37,1.23,68.3,61.3,0.36,1.1,83.6
20,40,4,350,1,2.98,0.51,74.9,63.5,0.37,0.7,114.4
22,40,5,350,0,2.99,0.67,74.4,63.6,0.34,1.3,119.4
34,40,1,350,0,1.26,0.94,106.4,68.7,0.34,1.1,110.2
45,40,5,350,0,1.81,1.36,109.8,62.4,0.49,1.8,101.2
31,40,2,350,0,2.61,1.23,101.3,64.7,0.44,1.8,94.8
26,40,6,350,2,0.51,1.15,87.6,64.2,0.42,2.5,129.6
22,40,6,350,0,1.66,1.48,81.9,67.7,0.49,0.8,127.7
31,40,4,350,2,0.69,0.72,114.6,62.2,0.31,2.3,69.2
35,40,6,350,2,2.16,0.97,117.6,67.3,0.23,0.1,129.2
24,40,0,350,0,1.26,0.29,56.5,48.9,0.3,1.3,95.6
41,40,3,350,2,0.93,1.24,125.4,70.7,0.27,1.3,112.6
20,40,2,350,2,0.95,1.08,86.5,70.0,0.46,0.3,83.0
22,40,4,350,1,2.56,1.47,104.0,59.2,0.19,1.4,112.4
20,40,3,350,2,3.16,0.61,75.0,56.0,0.41,1.4,86.8
27,40,0,350,2,1.15,1.05,104.7,73.7,0.1,0.7,69.4
25,40,3,350,1,1.68,1.07,75.7,65.4,2.63,2.2,198.7
24,40,0,350,2,2.14,0.38,65.4,63.4,0.11,1.1,100.2
42,40,6,350,1,3.21,1.1,151.6,69.2,1.7,1.6,171.8
32,40,2,350,0,0.93,0.81,94.7,64.3,0.48,0.7,66.6
45,40,6,350,2,1.98,0.75,140.7,72.3,0.49,0.3,206.0
23,40,0,350,0,1.89,0.56,57.0,57.9,0.22,1.5,75.6
39,40,1,350,1,1.56,1.24,197.6,67.4,0.38,0.8,136.3
25,40,1,350,1,1.22,0.72,67.1,52.8,0.44,0.3,148.5
30,40,0,350,1,0.9,0.83,127.8,62.7,0.41,1.8,88.0
40,40,3,350,2,0.83,1.39,140.8,70.7,2.74,8.0,164.5
31,40,2,350,0,2.45,1.36,75.5,58.1,0.43,8.3,250.0
29,40,6,350,2,3.41,0.91,95.4,64.4,0.28,0.3,144.6
42,40,2,350,1,0.77,1.01,250.0,74.9,0.46,1.4,92.1
40,40,1,350,2,2.18,0.83,139.4,65.5,0.22,2.1,131.0
26,40,3,350,1,3.42,1.23,80.3,68.5,0.29,8.7,113.8
37,40,2,350,1,3.18,0.91,120.3,66.8,0.45,0.5,125.3
21,40,3,350,1,3.3,1.16,79.0,60.1,0.31,0.1,114.9
26,40,0,350,2,1.71,0.5,116.8,69.4,0.32,0.9,202.2
37,40,2,350,0,1.91,0.64,109.9,71.1,2.51,9.2,179.8
44,40,0,350,1,2.71,1.35,194.2,67.4,0.47,0.1,186.4
40,40,1,350,0,1.56,0.62,110.0,68.5,0.27,2.0,110.8
30,40,3,350,1,1.27,1.17,179.0,72.4,0.37,1.3,117.6
20,40,0,350,2,2.08,0.73,99.8,74.3,0.27,2.0,141.6
22,40,0,350,2,0.58,1.42,107.5,59.6,0.49,0.1,125.3
43,40,2,350,1,0.89,0.29,130.5,71.3,0.37,1.4,135.9
36,40,3,350,1,1.88,0.57,117.6,75.8,0.24,0.7,117.4
33,40,3,350,1,3.02,1.25,125.4,58.5,0.18,2.0,89.3
30,40,5,350,1,0.64,0.63,111.3,58.5,0.22,1.5,105.4
25,40,5,350,1,2.37,1.36,79.6,70.2,0.14,0.3,70.4
32,40,0,350,0,1.89,0.73,96.8,60.8,0.18,1.5,119.4
20,40,3,350,2,2.99,0.32,67.2,54.0,0.4,2.5,153.6
34,40,6,350,0,2.45,1.35,111.5,62.1,0.23,2.0,109.8
32,40,5,350,2,1.78,0.8,138.8,61.4,0.11,0.5,93.5
27,40,5,350,0,1.07,1.39,99.4,56.0,0.39,0.2,119.8
23,40,6,350,1,1.39,1.19,90.1,64.5,0.2,2.4,126.8
34,40,0,350,1,2.69,1.0,113.2,64.8,0.2,0.9,79.6
24,40,1,350,1,3.34,1.44,115.4,62.1,0.31,0.3,134.4
24,40,6,350,0,1.83,0.58,73.4,60.7,0.33,1.9,106.8
36,40,6,350,1,0.72,1.17,128.7,72.9,0.45,1.5,101.4
39,40,0,350,0,2.63,1.27,95.2,57.2,0.47,0.5,144.9
21,40,0,350,0,3.43,0.85,89.4,57.8,0.44,0.5,91.8
42,40,2,350,2,2.32,0.91,136.1,65.3,0.35,8.8,150.6
25,40,6,350,0,1.6,1.12,83.5,64.7,0.18,8.6,127.0
43,40,6,350,0,1.48,0.97,114.6,66.3,2.94,1.4,157.6
27,40,3,350,0,3.22,1.09,94.2,59.4,0.49,0.4,131.6
35,40,6,350,1,2.67,0.43,108.6,63.1,0.39,2.3,109.9
42,40,2,350,1,3.2,0.83,122.8,73.1,0.23,2.0,145.4
22,40,0,350,1,1.8,0.54,96.0,64.7,0.31,2.0,87.1
38,40,4,350,0,2.67,0.55,134.9,61.6,0.31,0.5,95.4
21,40,6,350,0,3.16,1.48,75.4,68.8,0.36,0.9,147.9
30,40,2,350,0,0.82,1.21,89.0,62.8,0.24,3.0,146.5
40,40,5,350,2,2.99,0.41,139.3,72.2,0.23,1.9,128.1
41,40,1,350,2,1.5,1.18,132.4,73.0,0.25,0.6,168.8
41,40,4,350,0,2.55,1.22,118.0,70.1,0.25,0.5,125.8
20,40,1,350,1,2.24,1.32,163.0,68.8,0.1,1.0,95.1
29,40,4,350,2,2.92,0.8,120.3,63.5,0.15,1.6,81.9
25,40,1,350,0,3.3,0.29,90.1,63.9,0.34,7.4,134.1
23,40,4,350,0,1.75,1.49,74.1,53.0,0.34,1.6,233.3
27,40,3,350,2,3.28,1.37,103.1,68.6,0.38,7.5,122.4
38,40,1,350,1,1.73,1.39,222.6,73.2,2.55,1.6,250.0
21,40,1,350,2,1.83,1.28,90.4,63.5,2.73,0.0,250.0
38,40,1,350,1,2.02,1.23,217.1,68.7,0.21,1.0,112.2
41,40,4,350,1,0.68,0.58,250.0,65.3,0.3,1.1,118.8
24,40,3,350,2,2.62,1.18,105.5,68.4,0.39,0.0,153.2
40,40,5,350,0,3.47,0.57,110.5,60.8,0.18,1.1,127.6
43,40,6,350,1,2.06,1.39,147.4,63.6,1.43,2.2,142.0
45,40,1,350,2,2.65,0.91,121.0,74.4,0.5,2.3,109.2
35,40,6,350,0,2.23,0.44,112.8,70.5,0.26,1.3,215.8
29,40,4,350,2,0.6,0.38,93.6,68.3,0.37,2.5,64.3
42,40,1,350,2,3.18,0.67,207.3,75.0,0.33,1.4,202.2
24,40,5,350,0,1.66,1.22,50.0,63.7,0.27,1.3,130.2
42,40,2,350,0,1.96,0.74,192.3,61.9,0.1,0.6,117.4
25,40,6,350,1,1.81,1.42,121.6,56.4,0.27,8.0,166.9
28,40,5,350,2,1.2,1.23,113.8,68.0,0.47,2.7,160.9
23,40,6,350,0,1.9,1.34,134.8,54.8,0.32,9.7,152.8
40,40,0,350,2,1.82,0.43,144.4,61.2,0.17,2.6,89.1
38,40,3,350,2,1.34,1.42,114.1,73.3,0.29,1.5,217.6
20,40,4,350,2,2.07,0.71,77.5,70.2,0.37,1.2,204.2
28,40,6,350,0,1.23,0.47,208.0,48.6,0.13,0.9,76.7
32,40,6,350,2,3.43,1.36,194.4,71.0,0.17,0.1,103.5
27,40,0,350,0,1.98,0.48,71.6,64.3,0.35,0.3,124.0
34,40,0,350,1,1.9,1.03,100.6,66.5,0.47,0.8,117.2
39,40,1,350,1,1.81,0.81,117.7,63.1,0.34,0.8,74.3
27,40,2,350,1,0.97,1.4,107.3,60.8,0.25,2.5,152.5
25,40,2,350,0,0.74,1.46,66.4,60.4,0.18,1.2,102.3
43,40,2,350,1,1.73,0.39,140.0,60.5,0.31,0.6,116.0
26,40,6,350,0,3.12,0.68,95.4,55.7,0.35,0.0,131.8
23,40,4,350,1,3.22,0.43,109.3,65.0,0.29,0.2,104.2
41,40,5,350,1,2.63,1.21,126.5,67.1,0.24,2.3,97.4
28,40,0,350,1,0.64,0.45,99.2,63.2,0.16,1.1,135.2
27,40,3,350,1,2.44,0.34,85.8,56.6,0.42,2.2,103.3
39,40,6,350,1,0.7,0.41,129.0,62.4,0.34,1.2,120.7
23,40,4,350,1,3.37,1.38,89.3,53.5,0.17,1.3,96.0
35,40,1,350,0,1.36,0.37,111.4,67.0,0.5,0.0,125.2
26,40,0,350,0,2.07,1.36,88.9,57.1,0.4,0.6,242.3
39,40,5,350,0,3.16,1.43,117.7,69.7,0.26,1.8,118.3
33,40,6,350,2,2.24,1.0,234.2,57.3,0.21,2.7,144.9
25,40,6,350,0,1.34,0.73,108.1,61.7,0.38,0.3,92.6
42,40,6,350,2,2.04,1.14,132.3,65.5,0.36,9.9,240.4
33,40,2,350,0,0.52,0.53,85.9,63.0,0.2,8.0,110.9
38,40,5,350,0,2.42,0.69,200.4,62.3,0.33,1.0,134.5
23,40,5,350,1,1.69,0.49,79.9,60.3,0.29,1.5,101.8
35,40,5,350,1,2.11,0.8,126.1,58.5,0.29,0.3,227.4
24,40,2,350,1,2.82,1.14,92.2,53.3,0.32,8.3,250.0
29,40,3,350,2,1.26,1.12,222.0,71.4,0.46,0.4,126.7
42,40,3,350,2,1.56,0.28,235.9,74.7,0.32,8.8,159.5
25,40,2,350,2,2.84,1.12,118.4,61.0,0.2,0.5,250.0
36,40,1,350,2,2.66,1.07,123.9,70.7,0.47,2.6,125.6
43,40,2,350,1,3.44,1.05,250.0,71.3,0.24,2.3,69.2
38,40,5,350,0,1.77,0.47,109.5,67.2,0.34,2.8,165.9
21,40,5,350,0,2.05,0.3,57.6,60.6,0.5,0.3,108.2
43,40,0,350,2,3.04,0.68,151.0,66.2,0.14,1.7,250.0
34,40,2,350,0,0.98,0.92,99.7,73.3,0.36,1.4,133.9
35,40,6,350,1,1.03,0.89,250.0,68.0,0.23,2.6,171.7
38,40,6,350,0,1.16,0.91,123.6,71.0,0.35,2.7,91.9
36,40,2,350,0,3.08,1.28,159.2,61.9,0.48,2.4,132.7
22,40,0,350,1,0.6,0.76,77.2,55.2,0.26,1.7,151.4
30,40,4,350,2,1.61,1.5,117.1,63.7,0.23,2.4,177.4
42,40,0,350,2,0.98,0.89,141.5,67.4,0.24,2.9,122.6
24,40,5,350,1,3.43,1.48,165.5,53.2,0.15,0.9,86.9
33,40,5,350,0,2.46,0.44,108.8,74.0,0.29,2.4,138.0
22,40,0,350,1,1.28,0.61,81.5,53.6,0.5,2.2,126.0
39,40,6,350,1,2.19,1.03,125.2,65.6,0.37,2.9,99.0
35,40,4,350,1,1.93,1.03,110.8,67.9,0.34,1.7,147.1
23,40,0,350,2,0.65,0.35,83.3,70.3,0.22,10.0,155.6
36,40,5,350,1,2.91,0.94,136.1,69.5,0.16,2.7,135.2
45,40,6,350,1,2.23,1.06,117.3,68.3,0.18,2.7,129.2
28,40,0,350,2,2.66,0.43,123.4,58.5,0.29,1.2,226.0
37,40,0,350,2,3.3,0.82,117.0,67.4,0.27,2.8,117.6
40,40,2,350,1,0.53,0.73,217.4,66.2,0.14,0.6,136.0
21,40,4,350,1,2.28,0.83,103.7,56.6,0.2,0.8,193.9
39,40,0,350,2,2.95,1.47,131.8,73.6,0.21,7.1,118.6
38,40,0,350,2,2.64,1.24,188.1,71.7,0.16,9.9,131.0
37,40,3,350,0,1.2,0.5,90.6,66.5,2.7,1.3,161.8
22,40,3,350,2,2.64,0.26,93.9,59.5,0.34,2.4,192.0
36,40,0,350,1,2.78,0.53,116.7,67.5,0.16,0.9,213.4
20,40,3,350,2,2.18,0.92,178.5,70.2,0.18,2.4,138.3
26,40,5,350,2,3.17,1.16,207.8,71.6,0.34,2.4,144.5
39,40,2,350,2,2.19,1.46,127.2,76.8,0.2,1.8,84.5
39,40,2,350,1,2.15,1.31,131.0,67.7,0.22,1.7,125.6
29,40,0,350,0,0.73,1.0,75.2,68.8,0.3,1.8,162.4
40,40,2,350,0,3.14,0.3,116.4,69.0,0.17,0.6,121.4
44,40,3,350,2,2.43,1.19,151.6,72.1,0.25,1.2,90.8
34,40,6,350,0,2.69,0.82,116.8,51.6,0.28,7.7,162.1
23,40,3,350,0,1.45,0.72,82.8,50.8,0.47,1.6,108.0
44,40,1,350,1,3.46,0.84,131.0,58.6,0.24,1.7,108.4
25,40,4,350,2,1.83,1.1,95.3,68.3,0.19,1.4,122.2
22,40,0,350,2,2.16,1.49,98.9,60.2,0.23,0.6,68.6
29,40,4,350,0,2.65,1.17,114.5,71.6,0.13,2.4,109.6
25,40,1,350,0,3.03,1.01,63.0,56.0,0.28,1.6,228.0
28,40,3,350,2,3.29,1.15,99.2,66.1,0.48,1.9,91.9
34,40,3,350,2,2.56,1.2,218.2,62.8,0.2,2.1,151.4
23,40,5,350,0,0.82,0.81,78.0,59.1,0.22,0.7,63.0
40,40,6,350,2,3.47,1.39,141.0,73.9,0.44,1.0,91.4
21,40,6,350,0,2.32,1.17,57.3,51.9,0.24,0.4,213.7
29,40,2,350,0,1.83,0.44,81.3,54.7,0.27,2.3,230.8
28,40,4,350,1,3.0,1.29,208.7,63.8,0.26,0.3,108.0
43,40,2,350,0,2.45,0.96,218.7,68.5,0.43,8.4,228.6
28,40,6,350,0,2.73,1.29,103.1,64.9,0.5,2.1,226.2
44,40,5,350,0,3.1,0.72,192.8,71.7,0.32,0.5,154.2
34,40,4,350,1,1.02,1.42,211.4,68.7,0.27,0.1,101.2
39,40,4,350,2,2.7,0.35,147.7,76.6,0.39,0.8,122.4
32,40,2,350,1,1.95,0.49,96.8,73.0,0.5,0.8,213.6
39,40,6,350,0,1.25,0.51,113.7,65.0,0.24,1.1,122.0
33,40,6,350,1,3.05,1.28,203.3,61.0,0.21,1.2,128.8
42,40,3,350,0,2.5,1.17,114.5,72.3,0.48,1.4,250.0
28,40,0,350,2,1.78,1.09,121.5,64.7,0.25,2.9,109.1
45,40,1,350,0,3.01,1.23,250.0,67.7,0.26,3.0,223.0
26,40,6,350,2,1.52,0.3,95.2,60.2,0.43,2.2,130.2
34,40,6,350,1,3.31,1.48,208.6,70.1,0.35,9.9,127.0
36,40,1,350,1,1.98,1.0,116.1,67.5,0.24,1.5,115.0
29,40,4,350,0,1.96,0.3,87.1,61.6,0.36,0.7,131.8
27,40,4,350,2,2.69,0.27,106.2,75.5,0.12,0.9,112.8
21,40,6,350,2,3.33,1.04,123.9,66.7,0.38,2.1,126.0
27,40,6,350,2,2.81,0.45,107.8,58.0,0.18,2.7,151.8
33,40,3,350,1,2.33,0.64,112.9,69.8,0.38,0.7,200.6
30,40,2,350,2,1.47,0.77,139.7,76.1,0.2,1.3,104.8
42,40,5,350,0,2.06,0.33,192.5,62.1,0.45,0.6,114.8
21,40,2,350,2,2.66,0.94,97.2,70.6,0.19,1.6,185.8
31,40,4,350,1,1.48,0.7,106.0,68.8,0.48,0.8,215.1
25,40,2,350,1,3.07,1.18,177.3,67.1,0.33,1.7,163.1
39,40,2,350,1,1.99,1.24,205.1,62.9,0.11,0.1,210.2
39,40,1,350,2,0.85,1.04,152.2,66.4,0.16,2.4,96.4
45,40,2,350,0,2.64,0.77,208.2,63.2,0.13,1.2,117.0
25,40,6,350,2,1.33,0.83,85.6,62.3,0.26,2.3,84.2
43,40,1,350,1,3.27,0.32,110.8,69.8,0.38,2.8,133.2
31,40,4,350,0,2.14,1.14,72.3,59.7,2.92,1.8,160.2
45,40,1,350,0,2.7,0.92,117.7,69.3,0.46,0.2,131.1
38,40,3,350,2,1.67,0.28,110.1,67.9,0.2,0.1,118.2
29,40,4,350,2,0.89,1.39,123.5,69.0,0.28,1.1,122.8
42,40,3,350,0,0.91,1.08,114.9,78.4,0.4,2.1,95.8
32,40,3,350,2,2.34,0.95,114.8,67.6,0.33,2.6,120.2
32,40,3,350,0,2.58,0.67,82.5,58.6,0.41,2.6,129.8
30,40,5,350,2,2.83,0.78,106.2,67.8,0.49,2.4,119.2
41,40,2,350,0,2.77,0.56,114.6,73.1,0.34,1.7,113.4
42,40,2,350,0,1.74,0.92,103.4,75.9,0.23,0.1,115.4
36,40,4,350,0,2.19,0.74,102.4,68.6,0.45,2.7,99.0
32,40,3,350,2,1.46,1.11,111.6,65.0,0.39,8.4,167.6
21,40,2,350,1,3.07,0.79,82.8,56.4,0.1,1.2,192.9
44,40,6,350,1,2.48,0.89,132.4,81.6,0.14,1.0,129.3
21,40,5,350,2,3.36,0.75,187.2,60.4,0.48,3.0,165.1
38,40,2,350,2,3.15,0.94,123.7,71.9,0.25,0.5,116.4
36,40,6,350,2,2.49,0.66,147.4,62.2,0.2,2.4,250.0
26,40,6,350,2,0.85,1.28,110.9,65.3,0.44,7.4,118.1
45,40,1,350,1,3.29,0.25,250.0,69.5,0.27,0.3,123.1
26,40,0,350,1,1.7,1.18,85.6,64.5,0.49,0.7,128.4
38,40,1,350,2,0.9,1.09,118.0,68.8,0.3,2.1,139.0
45,40,2,350,1,3.28,0.54,118.6,72.5,1.11,1.1,110.7
43,40,4,350,1,1.08,0.93,127.2,68.1,0.47,0.4,87.2
30,40,0,350,1,0.63,0.59,90.2,73.7,0.24,1.0,100.8
26,40,6,350,0,1.97,1.22,78.8,69.2,0.27,1.6,125.7
25,40,3,350,2,3.29,0.83,93.7,65.0,0.5,1.1,145.4
38,40,2,350,1,2.72,1.19,116.1,72.7,0.29,10.0,120.2
44,40,5,350,0,2.69,0.3,134.0,77.3,0.14,8.1,146.2
27,40,6,350,1,2.34,0.83,80.8,66.3,0.25,1.1,113.1
37,40,3,350,1,3.0,1.23,115.8,71.2,0.26,0.9,104.6
26,40,5,350,0,0.74,1.31,105.5,55.7,0.32,2.1,110.6
20,40,6,350,2,0.77,1.05,97.5,59.5,0.35,2.5,134.9
39,40,1,350,1,1.31,0.44,98.4,68.3,0.24,0.9,103.6
21,40,6,350,2,2.25,1.33,120.9,61.8,1.8,1.9,138.6
31,40,0,350,0,0.73,1.11,96.9,59.8,0.22,0.2,172.1
36,40,2,350,2,1.94,0.5,105.0,64.2,0.21,2.9,121.1
25,40,2,350,1,3.12,1.19,168.1,53.6,0.3,2.7,206.8
29,40,2,350,2,2.82,0.7,107.8,56.1,0.48,10.0,112.5
35,40,0,350,2,2.93,0.91,192.9,70.3,0.43,1.5,115.7
22,40,4,350,1,3.33,1.43,70.3,54.8,0.5,8.7,250.0
37,40,1,350,0,1.9,1.29,104.0,66.5,0.4,2.0,117.6
38,40,2,350,2,2.24,1.2,236.2,72.8,0.27,2.6,135.2
44,40,3,350,0,1.26,1.16,104.6,64.8,0.12,2.7,111.0
42,40,1,350,0,3.31,1.14,122.1,60.6,1.72,2.6,123.2
37,40,0,350,0,1.66,1.14,99.7,68.3,0.35,0.2,86.2
23,40,2,350,1,2.56,0.51,88.3,66.2,0.16,0.9,134.9
23,40,2,350,1,0.58,1.36,80.2,64.4,0.23,2.4,117.8
39,40,4,350,1,1.97,0.65,129.3,61.7,0.42,2.0,123.3
32,40,3,350,2,2.32,0.78,106.0,66.8,0.4,1.1,178.5
42,40,3,350,0,2.47,1.28,110.0,58.4,0.22,0.5,115.0
41,40,1,350,2,3.39,0.54,168.7,70.1,0.18,2.3,135.8
43,40,1,350,1,2.99,0.49,110.0,70.2,0.11,2.8,250.0
39,40,0,350,2,2.89,1.34,125.0,76.5,0.39,0.1,75.8
27,40,3,350,0,0.93,1.11,240.1,54.7,0.35,7.5,117.9
28,40,1,350,1,1.19,0.81,69.6,60.3,0.36,1.8,173.8
36,40,4,350,0,1.16,0.52,86.4,65.4,1.55,3.0,147.0
26,40,1,350,1,2.88,1.27,162.1,57.7,0.24,2.6,210.8
32,40,5,350,2,2.15,1.37,113.2,69.2,0.22,2.9,169.3
42,40,2,350,0,2.96,0.7,198.1,54.4,0.3,2.3,126.4
24,40,5,350,0,0.57,0.8,155.8,65.6,0.23,3.0,100.6
33,40,3,350,1,2.06,0.57,113.8,67.5,0.46,9.1,143.6
31,40,5,350,1,2.17,1.39,86.7,65.2,0.42,9.4,130.6
22,40,3,350,2,3.26,0.67,104.9,64.0,0.29,0.3,164.6
39,40,3,350,0,0.65,0.29,91.4,68.5,0.14,2.8,82.2
23,40,2,350,0,2.07,1.06,159.2,66.7,0.17,2.0,86.4
29,40,6,350,0,1.58,0.34,70.3,61.0,0.12,1.9,87.4
21,40,3,350,1,1.43,0.67,76.9,57.9,0.41,0.7,90.5
27,40,4,350,0,2.18,0.7,79.0,65.0,1.1,1.5,240.0
29,40,3,350,2,2.85,0.26,81.9,56.8,0.24,1.4,97.8
28,40,4,350,2,2.39,1.04,218.3,76.4,0.35,1.0,166.6
29,40,6,350,0,2.56,1.37,89.3,55.1,0.26,0.9,100.6
26,40,5,350,0,2.64,0.95,157.8,58.6,0.36,1.3,83.6
22,40,1,350,2,2.98,0.43,93.6,70.0,0.14,2.6,122.5
24,40,1,350,2,3.16,0.52,73.7,66.1,0.45,2.9,189.9
39,40,0,350,2,1.77,1.22,111.3,64.8,0.33,2.6,110.8
36,40,0,350,1,2.12,0.3,173.0,65.8,2.75,0.7,250.0
25,40,0,350,1,1.46,1.33,96.7,66.0,0.38,1.8,87.7
21,40,3,350,2,3.35,1.41,250.0,65.2,0.17,1.8,99.0
23,40,0,350,0,2.81,1.0,75.7,54.9,0.42,2.0,180.8
32,40,2,350,0,1.98,1.07,90.2,66.2,0.28,0.3,128.0
21,40,6,350,1,2.22,1.06,167.5,53.4,0.46,1.4,141.2
32,40,2,350,1,2.12,0.83,122.8,61.6,1.94,8.5,174.8
35,40,0,350,2,3.13,1.0,129.4,69.8,0.35,2.7,126.5
21,40,2,350,2,2.46,0.46,116.0,60.4,0.12,1.7,101.8
43,40,4,350,0,0.64,0.38,111.8,65.1,0.15,1.6,137.6
30,40,0,350,2,1.32,1.13,94.0,74.7,0.33,2.2,216.0
35,40,4,350,2,1.14,1.09,129.8,69.9,0.35,1.0,144.8
35,40,2,350,1,1.63,0.96,203.3,67.4,0.37,0.9,195.0
42,40,4,350,1,2.68,1.39,136.1,59.4,0.17,9.7,91.6
22,40,6,350,1,1.87,1.05,186.3,62.3,0.41,2.1,89.3
21,40,1,350,0,2.77,0.68,55.1,67.1,0.27,2.0,117.8
23,40,3,350,0,2.11,1.19,75.8,62.6,0.37,0.6,185.2
39,40,4,350,1,2.74,0.52,106.8,69.1,0.18,2.5,163.4
45,40,4,350,2,0.74,0.65,177.5,66.9,0.41,1.5,121.6
42,40,6,350,2,2.74,1.44,152.0,70.3,0.5,1.5,102.2
30,40,3,350,1,3.41,1.18,110.2,54.9,0.45,1.2,107.2
30,40,0,350,0,2.65,0.27,89.4,61.5,1.49,0.5,146.4
30,40,0,350,2,0.95,0.63,96.3,63.0,0.26,2.1,250.0
41,40,4,350,0,2.1,0.58,122.3,78.8,0.28,0.9,113.0
42,40,3,350,1,2.33,1.3,240.6,74.6,0.11,2.4,96.9
29,40,3,350,2,1.16,0.55,105.6,68.7,0.31,2.7,143.1
25,40,0,350,0,0.82,0.67,86.8,48.4,0.48,2.0,131.4
44,40,4,350,0,1.18,1.09,129.0,68.7,1.47,9.8,167.6
33,40,1,350,0,3.1,0.58,117.2,65.8,0.18,8.7,138.0
32,40,6,350,0,2.74,1.27,111.2,56.2,0.22,9.8,106.8
21,40,6,350,2,2.46,0.37,104.9,66.3,0.21,2.2,76.1
23,40,2,350,1,1.43,0.72,69.2,60.5,0.4,0.6,71.8
32,40,1,350,0,3.14,0.36,65.2,58.5,0.12,7.9,123.0
21,40,6,350,0,2.87,0.62,63.7,51.6,1.27,2.0,159.4
23,40,6,350,2,1.03,0.6,93.6,66.1,0.4,2.1,117.2
45,40,4,350,1,1.71,1.35,133.3,65.7,0.29,1.5,192.2
36,40,2,350,1,3.19,0.39,103.8,65.9,0.11,2.0,111.6
44,40,0,350,0,2.59,0.46,182.6,72.2,0.19,2.6,136.2
38,40,2,350,1,1.23,1.04,103.0,76.2,0.16,1.5,233.2
43,40,0,350,0,3.01,1.28,124.2,77.1,0.29,1.8,105.2
30,40,4,350,2,1.82,0.42,225.5,69.0,1.4,0.5,210.6
26,40,3,350,2,2.05,0.66,94.6,60.0,0.38,1.8,141.6
32,40,4,350,1,2.12,0.86,187.9,73.2,0.49,1.6,135.4
29,40,6,350,2,2.45,0.91,129.6,65.3,0.33,1.8,133.6
38,40,4,350,2,2.15,1.13,122.4,67.4,0.36,1.9,115.8
40,40,2,350,1,2.14,1.17,122.4,64.1,0.15,2.2,52.4
40,40,1,350,1,1.05,0.47,103.7,65.6,0.13,0.9,229.4
22,40,0,350,0,3.13,0.29,42.5,60.9,0.32,1.3,87.1
33,40,0,350,2,3.47,1.34,224.3,66.6,0.16,2.1,118.2
20,40,3,350,2,3.27,1.45,77.8,61.8,0.12,1.0,100.9
37,40,5,350,0,2.43,0.71,108.4,60.8,0.5,0.1,107.8
23,40,2,350,1,2.69,0.99,95.6,57.0,0.5,1.6,146.2
24,40,0,350,2,2.71,0.93,100.0,71.3,0.16,0.3,135.4
42,40,1,350,2,2.68,1.0,133.1,76.5,0.2,0.0,129.1
44,40,0,350,2,1.35,0.54,131.9,63.9,0.41,1.5,124.3
30,40,6,350,1,1.49,0.48,126.1,54.1,0.25,2.8,112.0
38,40,2,350,0,2.05,0.78,112.9,67.7,0.24,7.9,159.4
30,40,0,350,1,1.26,1.41,98.4,64.4,0.14,0.5,109.8
31,40,2,350,2,1.5,1.01,128.2,78.8,0.42,0.3,124.4
34,40,5,350,0,3.34,0.73,105.9,63.0,0.2,2.2,177.3
21,40,5,350,2,2.27,1.41,117.0,63.3,0.18,2.5,134.4
24,40,5,350,0,1.45,1.02,166.6,63.7,0.13,1.7,102.7
42,40,3,350,1,0.8,0.68,122.9,73.9,0.42,0.1,115.8
28,40,0,350,1,1.54,0.42,94.8,58.5,2.86,1.9,250.0
33,40,0,350,2,0.95,0.61,109.2,70.0,0.23,2.7,88.8
43,40,5,350,1,0.67,1.38,213.0,70.8,0.44,0.6,122.1
31,40,2,350,0,1.72,0.6,75.9,69.4,0.26,2.2,138.3
26,40,5,350,1,3.15,1.15,113.4,72.1,0.44,2.7,147.0
41,40,4,350,2,2.09,0.91,126.7,68.7,0.48,0.7,190.0
45,40,5,350,1,1.4,0.73,130.9,70.4,2.81,0.3,170.7
42,40,0,350,0,2.44,1.42,180.3,67.9,0.4,0.1,242.8
28,40,2,350,2,1.24,1.11,127.5,54.9,0.42,1.9,82.4
40,40,0,350,1,3.08,1.31,236.4,73.2,0.41,2.2,236.0
25,40,5,350,0,1.42,0.62,69.5,56.7,0.48,7.2,144.8
38,40,0,350,2,0.65,1.18,222.2,76.1,0.39,9.8,141.0
37,40,6,350,1,0.57,1.44,112.4,68.3,0.38,1.6,166.8
37,40,5,350,1,1.23,0.4,100.9,59.7,0.29,2.3,95.8
23,40,1,350,1,0.6,1.3,155.5,58.8,0.49,2.0,108.4
26,40,3,350,0,0.53,0.58,83.4,60.2,0.49,2.6,168.4
21,40,1,350,0,2.21,1.41,94.1,55.0,0.39,1.8,95.4
43,40,4,350,2,3.26,1.47,152.0,77.0,0.11,1.3,116.3
28,40,1,350,0,1.99,1.23,83.3,66.3,0.27,0.3,117.3
21,40,2,350,2,1.03,0.3,110.1,67.8,0.11,2.0,109.8
26,40,1,350,1,0.72,0.65,112.2,66.5,1.79,1.8,169.8
20,40,1,350,2,1.21,0.38,101.2,73.1,0.33,2.4,250.0
25,40,0,350,0,0.53,0.74,136.7,51.9,0.13,0.7,127.4
33,40,6,350,2,3.47,0.36,250.0,70.1,0.16,0.5,109.2
30,40,6,350,2,1.16,1.32,123.0,68.5,0.16,0.2,114.9
31,40,1,350,2,0.89,0.7,105.0,64.4,0.48,1.2,104.7
33,40,6,350,1,1.17,1.06,111.8,65.1,0.21,2.9,121.0
41,40,2,350,0,1.33,1.43,93.3,63.5,0.1,1.0,118.2
29,40,3,350,2,3.37,0.77,107.7,56.2,0.34,1.7,86.6
33,40,6,350,0,3.45,1.02,113.2,67.0,0.32,1.8,110.2
30,40,1,350,0,1.61,1.36,75.6,61.9,0.33,2.2,140.0
24,40,1,350,1,3.06,0.4,99.1,60.6,1.09,2.8,100.2
29,40,0,350,2,0.69,1.36,127.4,64.0,0.44,0.5,151.0
23,40,6,350,0,3.35,1.23,74.0,68.1,0.11,1.8,243.4
35,40,3,350,2,2.09,1.43,142.6,68.3,0.24,1.8,168.0
40,40,4,350,1,3.32,1.47,235.4,68.9,2.4,0.7,177.8
42,40,6,350,2,2.63,0.61,158.1,72.6,1.02,1.7,184.0
44,40,1,350,1,2.56,1.12,139.3,66.0,0.37,1.1,105.2
39,40,5,350,2,1.21,0.98,162.7,73.4,0.17,2.9,84.5
30,40,3,350,2,1.12,0.66,95.8,73.2,0.12,1.1,71.2
27,40,3,350,0,1.44,1.19,71.8,71.0,0.37,2.7,141.6
32,40,2,350,0,1.04,0.36,65.6,63.4,0.22,2.1,84.0
42,40,6,350,0,2.5,0.86,126.6,61.2,0.2,2.1,117.0
25,40,5,350,1,2.11,0.42,73.4,63.0,0.43,0.7,88.2
35,40,1,350,0,2.53,0.71,106.6,65.7,0.26,0.4,198.6
31,40,2,350,0,1.74,0.62,79.3,54.3,0.15,0.9,121.5
25,40,3,350,2,2.09,1.08,193.3,74.7,0.41,0.3,138.9
32,40,0,350,1,2.3,0.43,116.1,59.1,0.47,1.9,133.0
40,40,1,350,2,2.96,0.77,131.7,71.8,0.16,2.0,103.4
45,40,4,350,0,2.12,0.32,119.3,73.4,0.15,2.1,195.7
28,40,5,350,0,2.51,0.88,94.0,63.9,0.33,1.4,170.0
36,40,0,350,1,1.28,0.42,186.1,64.1,0.37,7.0,171.6
24,40,4,350,0,2.15,0.93,160.2,68.4,0.35,2.0,211.8
30,40,3,350,2,2.57,1.31,141.6,64.8,0.5,0.7,135.6
34,40,0,350,2,2.03,1.49,199.5,72.7,0.24,2.0,97.7
41,40,5,350,1,1.02,0.7,125.7,59.3,0.49,0.7,131.0
26,40,2,350,2,1.47,0.42,87.1,72.1,0.34,1.7,250.0
31,40,5,350,2,2.84,0.98,121.2,64.1,0.32,3.0,142.0
33,40,0,350,2,2.17,0.5,250.0,73.6,0.26,2.2,167.3
44,40,0,350,2,1.26,1.02,126.7,67.1,0.2,1.9,142.6
43,40,4,350,1,3.13,0.85,155.7,74.5,0.47,0.4,146.0
38,40,0,350,2,2.25,0.78,132.9,76.3,0.41,1.3,150.4
44,40,3,350,2,2.37,0.78,137.5,72.9,0.39,0.9,69.7
29,40,6,350,2,2.52,0.88,139.7,58.5,0.18,1.8,175.0
25,40,0,350,1,1.6,0.77,60.7,54.9,0.25,1.7,87.7
37,40,2,350,1,2.33,0.69,166.0,61.2,0.27,1.0,162.0
31,40,6,350,0,2.2,1.16,78.0,67.1,0.47,0.1,89.5
38,40,2,350,2,2.1,1.0,154.5,80.0,0.44,2.0,123.4
26,40,3,350,1,2.66,1.2,82.1,67.7,0.34,2.8,149.0
25,40,3,350,2,1.53,1.48,109.8,66.4,0.41,0.1,94.7
42,40,4,350,1,1.96,1.48,134.1,76.4,0.45,1.6,68.2
22,40,4,350,1,1.09,0.61,88.2,53.9,0.42,2.7,191.4
21,40,5,350,1,2.36,0.26,55.8,64.2,2.89,2.9,162.6
26,40,1,350,2,2.34,0.27,175.7,68.3,0.49,2.0,64.1
26,40,0,350,2,3.39,0.35,109.1,68.1,0.3,1.9,90.2
24,40,0,350,0,0.78,1.15,49.8,55.0,0.45,9.7,250.0
27,40,4,350,1,1.72,0.91,79.0,66.9,0.3,0.3,112.2
41,40,2,350,2,0.68,1.25,250.0,72.1,0.5,1.8,130.4
36,40,1,350,1,1.09,1.39,106.7,68.1,0.18,2.0,113.2
29,40,6,350,2,3.0,1.12,116.6,61.0,0.32,1.5,137.2
27,40,4,350,2,1.34,1.03,103.5,59.0,0.31,8.4,148.4
35,40,2,350,2,3.38,0.96,127.2,63.1,0.3,0.1,74.4
32,40,6,350,2,1.03,0.37,114.3,63.3,0.38,2.8,159.6
21,40,4,350,0,2.86,0.4,69.5,63.3,0.49,0.1,183.0
43,40,2,350,1,1.6,0.66,144.1,70.3,0.25,1.6,225.0
23,40,5,350,1,2.75,0.46,175.3,64.1,0.39,2.8,96.1
32,40,1,350,2,2.47,1.39,215.7,66.3,0.49,2.9,148.4
21,40,2,350,0,2.94,1.18,80.5,65.3,0.43,1.2,86.9
20,40,2,350,0,2.0,1.35,130.9,58.3,0.16,2.6,117.7
36,40,2,350,0,1.68,0.35,76.2,60.5,0.42,1.5,128.2
41,40,2,350,0,2.44,0.98,106.2,64.5,0.25,7.0,106.2
38,40,1,350,2,0.97,1.48,116.7,73.6,0.2,2.0,215.3
29,40,5,350,1,0.58,0.28,78.0,60.6,0.39,0.7,116.5
35,40,0,350,0,1.12,0.34,205.3,59.9,0.26,1.1,204.0
28,40,5,350,0,2.9,1.46,108.2,60.9,0.17,1.7,113.5
25,40,6,350,2,1.53,0.9,196.3,71.3,0.4,2.2,123.4
42,40,1,350,1,3.36,1.1,105.0,70.2,0.37,1.1,105.8
40,40,5,350,1,3.03,0.67,109.7,65.3,0.18,2.3,225.0
29,40,0,350,1,2.73,0.61,96.4,66.7,0.19,0.5,91.1
22,40,4,350,1,2.56,0.37,214.2,62.6,0.47,1.4,123.0
31,40,1,350,0,3.23,0.72,86.5,64.0,0.19,0.6,106.6
29,40,6,350,2,2.64,0.55,111.0,70.0,0.45,2.7,96.2
32,40,0,350,0,1.07,0.45,101.7,67.8,0.21,0.4,186.2
25,40,1,350,0,0.61,0.96,80.0,60.2,0.41,2.2,130.0
22,40,0,350,2,2.47,0.47,181.6,64.8,2.66,1.8,183.1
40,40,5,350,1,1.9,0.73,116.2,59.7,0.34,7.8,110.1
41,40,0,350,2,2.6,0.5,136.9,69.7,0.23,0.7,133.3
35,40,6,350,0,1.22,0.5,77.7,68.2,0.29,2.7,103.6
37,40,2,350,2,2.1,0.56,127.4,69.1,0.5,0.3,207.8
32,40,0,350,1,3.28,0.29,89.8,64.8,0.48,2.9,140.0
26,40,1,350,1,1.63,1.05,199.3,66.7,0.39,1.6,234.0
39,40,4,350,0,3.45,0.65,122.7,69.9,0.45,1.6,139.6
45,40,1,350,2,2.0,0.49,222.5,74.6,0.43,2.1,58.5
44,40,4,350,1,1.14,1.27,127.2,69.1,0.31,0.5,128.2
20,40,0,350,0,1.13,1.39,44.7,58.2,2.41,0.5,165.1
31,40,3,350,2,3.19,0.78,121.8,69.0,0.47,1.5,187.1
35,40,2,350,1,0.88,0.4,127.2,66.8,0.41,1.4,152.9
44,40,2,350,2,2.95,1.43,174.8,71.3,0.21,9.2,127.2
29,40,3,350,2,2.0,0.66,141.8,71.3,0.14,0.6,115.8
32,40,6,350,0,1.37,0.7,91.8,67.9,0.49,7.0,166.8
39,40,4,350,1,0.66,0.98,111.6,65.9,0.47,1.5,116.2
28,40,4,350,2,0.57,1.14,135.0,68.5,0.38,1.9,153.4
34,40,1,350,2,1.23,0.7,103.9,73.6,0.11,1.4,110.6
22,40,4,350,0,0.52,0.84,141.0,62.2,0.47,0.5,129.0
26,40,3,350,0,1.94,0.72,104.1,62.8,0.33,1.2,99.6
41,40,6,350,0,2.85,0.81,120.2,66.1,0.49,0.4,127.0
25,40,1,350,1,0.92,0.87,90.5,59.3,0.39,1.8,77.2
21,40,4,350,2,0.79,1.42,118.2,65.1,0.26,1.1,124.6
21,40,0,350,0,1.8,1.32,65.1,58.3,0.41,2.4,166.6
32,40,4,350,2,1.87,0.46,116.9,63.4,0.14,1.1,228.0
43,40,0,350,1,1.46,1.07,152.1,62.7,0.33,1.5,148.2
40,40,1,350,1,2.95,1.17,222.0,71.4,0.38,2.0,228.5
37,40,1,350,2,2.33,0.48,138.0,72.0,0.23,0.8,100.2
27,40,6,350,1,2.75,1.14,215.8,69.1,0.25,0.2,67.6
44,40,2,350,0,1.3,0.75,94.0,63.0,0.1,0.7,156.1
25,40,0,350,1,3.46,0.74,63.1,67.0,0.17,2.3,101.1
22,40,0,350,0,1.93,1.31,152.2,79.4,0.32,0.7,113.6
21,40,1,350,2,3.31,0.52,90.5,65.7,0.35,0.1,114.5
36,40,3,350,1,2.78,1.35,106.4,68.6,2.93,1.3,178.1
30,40,4,350,0,3.37,1.01,108.9,67.3,0.12,2.1,118.7
33,40,3,350,2,0.53,1.36,129.6,61.8,0.31,0.7,139.7
34,40,2,350,1,2.74,1.46,109.6,61.3,0.4,1.8,105.9
44,40,5,350,1,1.88,0.32,132.6,70.4,0.45,2.7,165.0
33,40,0,350,0,1.97,1.37,93.6,69.7,0.13,2.8,191.8
33,40,3,350,2,1.96,0.7,148.8,74.1,2.85,7.6,144.6
26,40,1,350,2,1.21,0.95,180.0,58.6,0.3,1.4,239.1
30,40,3,350,0,1.88,1.08,75.3,57.7,0.31,2.2,57.6
35,40,1,350,1,3.34,1.45,229.7,60.9,0.14,2.9,249.4
20,40,0,350,0,0.74,1.3,45.3,58.3,0.12,2.6,193.9
24,40,0,350,2,3.33,0.53,237.2,61.7,0.32,1.4,120.7
29,40,5,350,0,2.2,0.69,183.0,66.7,0.16,1.5,108.6
34,40,2,350,0,1.12,1.37,111.0,58.6,0.26,2.6,122.6
35,40,4,350,0,3.22,0.95,100.9,58.1,0.16,2.5,236.0
31,40,4,350,0,1.84,1.48,109.6,62.4,0.37,2.3,117.9
21,40,5,350,1,2.38,1.07,224.8,60.6,0.4,2.5,93.2
33,40,0,350,1,3.39,1.44,104.3,68.9,0.15,2.1,152.8
29,40,0,350,0,0.84,0.82,78.5,64.2,2.67,0.7,168.1
35,40,2,350,2,0.76,1.42,143.2,67.7,0.35,2.3,110.6
38,40,1,350,2,2.01,1.3,125.6,73.5,0.18,2.4,150.1
24,40,0,350,1,1.0,0.25,97.3,57.8,0.21,3.0,131.8
39,40,1,350,2,2.08,0.51,139.0,66.5,0.24,0.5,75.0
31,40,1,350,2,0.85,1.41,118.2,63.3,0.43,2.2,246.0
30,40,4,350,0,3.11,1.43,69.7,62.8,0.42,2.6,136.2
33,40,4,350,2,0.67,1.02,231.8,65.9,0.41,1.5,216.2
28,40,2,350,2,2.07,0.63,120.8,65.2,0.11,2.4,92.3
24,40,2,350,1,2.28,1.31,204.8,62.4,0.11,0.2,142.8
21,40,2,350,2,0.9,1.32,82.2,66.7,0.16,1.2,129.1
39,40,6,350,1,3.4,0.66,140.4,67.2,0.4,1.2,229.8
35,40,4,350,1,2.78,0.41,122.5,70.2,1.15,9.6,189.0
29,40,1,350,2,3.46,0.99,219.6,64.7,1.29,0.6,99.2
31,40,3,350,2,0.58,1.46,138.2,69.9,0.34,0.4,222.3
34,40,0,350,0,0.62,0.38,77.8,63.7,0.47,2.4,170.8
43,40,3,350,1,2.35,0.88,215.8,69.9,1.88,1.1,140.2
36,40,6,350,2,3.14,1.2,155.3,65.1,0.15,3.0,92.6
32,40,2,350,2,3.06,0.86,108.2,70.1,0.44,8.7,119.4
24,40,5,350,0,2.52,0.64,79.9,61.8,0.3,0.7,150.8
24,40,5,350,0,1.59,0.92,82.4,65.9,0.12,2.7,135.2
43,40,2,350,2,2.55,1.16,143.8,74.7,0.2,1.4,122.3
43,40,3,350,1,1.54,1.42,123.9,74.4,0.31,0.7,150.9
40,40,6,350,0,1.22,0.75,114.4,68.6,0.14,2.3,134.8
37,40,5,350,1,2.54,1.46,143.8,63.3,0.13,0.0,102.4
20,40,6,350,2,3.47,0.72,124.6,68.3,0.2,0.7,122.0
35,40,4,350,1,1.29,1.05,100.4,72.8,0.37,1.3,176.2
41,40,2,350,1,2.67,1.41,116.5,69.1,0.29,1.6,174.2
22,40,1,350,2,1.87,1.34,166.1,62.8,0.28,1.4,132.3
37,40,6,350,2,2.96,1.17,164.3,73.5,0.39,2.4,117.4
39,40,0,350,2,0.65,0.59,123.2,67.8,0.34,2.5,250.0
33,40,5,350,0,2.45,0.7,103.1,64.0,0.18,2.3,227.0
21,40,5,350,2,2.62,1.16,250.0,63.4,0.26,9.4,164.3
40,40,0,350,2,0.79,0.48,216.3,80.7,0.12,0.4,175.6
39,40,3,350,2,3.35,1.11,127.5,76.4,0.49,1.5,189.8
22,40,4,350,1,0.93,0.83,172.4,50.9,0.26,2.7,108.2
21,40,4,350,2,0.93,0.64,177.2,68.2,0.35,1.5,234.1
32,40,4,350,1,2.14,1.42,94.8,54.2,0.11,1.3,83.3
26,40,5,350,1,3.14,0.49,223.6,61.0,0.27,1.3,129.4
23,40,2,350,0,1.09,1.35,77.1,61.1,0.14,2.8,211.4
33,40,1,350,1,2.41,0.45,120.8,65.3,0.31,2.0,87.8
32,40,4,350,2,1.44,0.6,199.5,75.4,0.25,0.2,221.4
23,40,1,350,1,0.91,1.26,76.1,58.3,0.41,2.4,173.6
40,40,4,350,1,0.69,0.39,217.0,63.8,0.26,1.3,162.4
23,40,4,350,2,1.91,1.2,159.1,57.3,1.89,1.8,107.2
45,40,2,350,2,3.39,1.36,153.9,72.5,0.34,1.1,154.8
23,40,2,350,0,3.16,0.88,72.5,59.5,0.39,2.9,116.8
37,40,1,350,2,2.15,1.43,145.9,67.1,0.19,0.3,132.9
36,40,2,350,0,2.8,1.34,100.8,61.7,0.18,7.2,131.7
45,40,4,350,1,2.49,0.78,129.0,62.5,0.41,1.0,157.2
32,40,5,350,0,3.19,0.72,103.8,51.7,0.49,1.9,170.8
44,40,5,350,1,3.46,0.26,147.5,74.0,0.43,1.6,159.2
40,40,0,350,2,0.57,1.12,156.8,74.9,0.5,1.2,116.2
42,40,0,350,1,1.26,0.77,147.2,66.7,0.15,1.5,114.8
37,40,3,350,0,1.58,0.6,104.5,69.9,0.36,1.7,162.8
33,40,3,350,0,2.81,0.62,107.3,60.1,0.45,1.6,112.2
43,40,6,350,2,2.57,1.31,151.5,63.1,0.41,2.6,108.6
21,40,4,350,2,0.94,1.39,99.8,62.6,0.16,9.3,122.4
30,40,0,350,2,2.77,1.1,93.4,66.9,0.11,1.4,82.5
31,40,4,350,1,0.91,1.12,87.4,70.2,0.4,1.2,99.0
22,40,4,350,0,3.01,0.39,75.9,50.8,0.21,0.9,118.7
20,40,0,350,2,1.67,1.44,88.8,67.4,0.25,1.6,118.6
31,40,6,350,1,2.01,0.35,112.4,60.2,0.41,1.8,229.8
45,40,4,350,0,2.03,1.05,109.2,64.4,2.24,2.9,137.8
26,40,5,350,2,1.96,1.44,217.3,60.5,0.42,9.0,124.3
37,40,6,350,0,3.05,0.36,94.0,65.1,0.14,1.2,141.6
34,40,2,350,0,2.02,1.24,86.5,65.5,0.3,3.0,133.6
45,40,4,350,1,1.75,1.27,135.3,64.4,0.22,1.4,131.2
45,40,1,350,1,2.47,1.45,118.6,67.5,1.0,2.4,107.6
31,40,3,350,2,2.3,0.29,123.0,59.0,0.29,2.7,91.3
26,40,6,350,0,0.72,1.32,84.2,58.5,0.16,2.1,135.2
20,40,5,350,1,3.16,0.69,77.5,71.0,0.12,2.1,101.7
42,40,1,350,1,0.93,0.29,125.5,65.1,0.47,2.6,108.2
36,40,4,350,0,0.72,0.57,92.6,63.2,0.12,8.7,242.6
32,40,0,350,1,3.06,0.33,92.0,61.2,0.13,0.6,205.2
39,40,2,350,0,2.67,0.53,210.3,62.4,0.19,2.1,82.6
41,40,0,350,1,2.61,0.87,201.2,67.6,0.46,1.6,125.8
20,40,0,350,0,0.99,1.0,72.4,57.9,0.11,0.0,144.6
34,40,3,350,0,3.11,0.66,113.3,62.2,0.4,1.7,104.6
20,40,6,350,0,0.51,0.44,142.9,48.9,0.15,2.1,119.4
27,40,0,350,2,0.93,0.65,92.6,76.7,0.1,1.4,197.8
30,40,6,350,1,1.03,1.12,109.8,58.2,0.26,1.7,184.2
22,40,5,350,2,3.42,1.22,191.4,63.8,0.47,1.5,141.3
26,40,3,350,1,3.41,1.32,174.4,58.7,0.12,2.8,89.5
37,40,4,350,1,1.46,0.27,129.0,69.9,0.24,2.8,131.3
28,40,0,350,0,2.79,0.83,77.9,62.2,0.35,2.9,112.0
39,40,5,350,1,2.0,0.66,117.9,65.4,0.14,1.1,169.1
26,40,0,350,1,1.91,1.28,96.6,62.7,0.12,1.8,100.0
41,40,5,350,2,2.54,0.36,163.2,76.4,0.17,0.9,103.7
26,40,3,350,1,2.85,0.39,91.9,60.9,0.37,2.3,70.7
44,40,1,350,0,3.12,1.4,98.0,72.2,0.29,1.9,127.0
23,40,3,350,0,0.58,1.26,57.1,54.7,0.11,2.0,99.4
42,40,3,350,0,2.75,0.5,116.0,60.6,0.46,1.7,165.2
33,40,1,350,0,2.97,0.71,90.8,69.4,0.35,2.5,250.0
43,40,1,350,2,1.17,0.88,152.4,76.6,0.35,2.6,138.6
44,40,4,350,0,3.2,1.43,248.9,70.8,0.16,2.4,96.6
36,40,6,350,0,0.81,0.26,124.3,52.3,0.12,0.7,97.0
24,40,6,350,1,1.27,0.71,85.8,67.6,0.18,3.0,119.2
27,40,0,350,2,3.05,0.74,92.7,65.3,0.23,0.5,104.6
39,40,5,350,0,3.35,1.5,106.0,64.7,0.14,1.4,132.1
30,40,1,350,1,2.65,0.26,99.4,67.1,0.27,8.2,161.6
44,40,0,350,2,1.18,0.38,125.1,77.6,0.36,2.1,118.8
36,40,0,350,2,2.6,0.87,128.8,58.8,0.17,9.5,149.8
32,40,0,350,1,0.85,1.39,106.1,63.0,0.26,0.2,115.8
44,40,4,350,0,2.14,1.05,114.0,64.7,0.17,1.6,149.6
29,40,4,350,2,1.88,1.0,111.2,55.8,0.27,1.3,136.0
41,40,6,350,0,3.27,0.77,141.4,66.6,0.38,7.0,147.4
39,40,6,350,2,1.35,0.52,127.4,62.3,1.45,1.0,146.6
34,40,4,350,2,2.46,0.76,117.2,62.7,0.19,0.1,135.0
36,40,1,350,2,3.49,0.68,121.3,69.1,0.36,1.1,140.8
39,40,5,350,0,1.77,0.7,131.8,55.5,1.98,2.0,154.8
42,40,4,350,1,2.64,1.01,131.5,61.7,0.13,0.9,216.9
26,40,5,350,2,3.38,1.39,118.1,61.4,0.41,1.0,87.4
26,40,5,350,2,2.95,0.35,211.8,62.9,0.49,1.9,135.4
24,40,4,350,0,1.66,0.35,77.8,53.9,0.24,1.4,146.1
30,40,1,350,1,1.0,0.33,121.4,67.4,0.15,2.5,142.8
21,40,0,350,0,2.23,0.87,137.6,55.5,0.18,9.9,135.5
45,40,0,350,0,1.42,0.89,131.8,75.1,0.36,1.5,124.0
28,40,3,350,0,3.3,0.76,98.2,66.6,0.25,0.3,225.0
40,40,3,350,0,1.63,0.81,113.3,73.6,0.34,0.6,83.9
44,40,0,350,2,2.23,1.27,220.2,64.6,0.11,0.1,179.7
35,40,5,350,0,1.99,0.71,76.7,61.7,0.43,9.2,160.8
25,40,4,350,0,2.79,0.36,177.7,69.4,0.17,2.4,96.9
31,40,4,350,2,2.52,0.92,122.2,59.3,0.14,1.3,84.4
24,40,5,350,0,1.38,0.25,85.9,61.6,0.27,0.3,85.3
26,40,5,350,0,2.6,0.54,77.7,63.6,0.2,2.9,120.0
27,40,4,350,1,0.69,0.29,80.2,58.5,0.38,0.1,205.4
41,40,5,350,0,1.33,0.41,106.8,68.8,0.13,8.1,153.1
42,40,5,350,1,2.05,0.87,199.4,73.7,0.28,1.0,114.6
30,40,0,350,2,1.44,0.99,122.8,67.6,0.32,1.0,145.5
40,40,5,350,1,0.67,0.73,106.9,64.9,0.23,0.2,86.6
42,40,6,350,1,1.95,0.89,137.2,66.0,0.28,1.8,238.1
21,40,5,350,1,2.75,0.42,82.5,56.6,0.24,0.1,220.8
28,40,5,350,2,3.14,0.61,227.6,68.4,0.36,0.4,210.2
44,40,2,350,1,1.89,0.97,216.9,75.4,2.63,2.3,140.8
24,40,5,350,2,1.03,0.84,203.4,66.0,0.45,2.9,110.0
29,40,5,350,0,1.36,1.2,93.3,55.9,0.29,2.6,101.9
42,40,6,350,0,3.01,0.38,93.1,64.9,0.16,0.1,80.0
20,40,6,350,1,2.15,0.37,88.5,61.1,1.74,1.2,200.4
21,40,2,350,1,2.64,0.4,77.2,62.0,0.46,0.7,82.9
28,40,4,350,0,3.4,0.53,170.1,57.4,0.16,1.6,140.6
25,40,1,350,0,3.28,0.86,73.5,56.9,0.24,2.5,148.2
44,40,4,350,1,0.82,0.43,132.6,77.5,0.32,0.9,90.6
43,40,1,350,0,2.04,1.26,135.8,66.1,0.42,1.0,115.9
31,40,1,350,0,2.52,0.27,82.7,60.6,0.39,3.0,135.6
32,40,2,350,0,1.44,0.67,106.1,65.5,0.13,1.5,98.4
32,40,5,350,1,2.05,0.48,119.3,61.6,0.11,9.3,197.2
37,40,0,350,0,1.27,0.32,91.2,68.3,0.18,0.4,92.1
28,40,6,350,0,1.73,1.33,163.0,59.5,0.22,0.4,226.7
21,40,5,350,2,1.49,1.24,88.0,59.8,0.42,2.3,250.0
42,40,1,350,2,3.41,0.42,222.0,73.6,0.43,1.3,125.1
40,40,2,350,1,2.69,0.98,244.6,61.7,0.18,2.2,250.0
23,40,3,350,2,1.73,1.26,114.1,56.0,0.36,2.8,250.0
25,40,6,350,2,2.56,1.1,250.0,62.2,0.44,2.4,91.4
28,40,3,350,0,2.57,1.16,250.0,64.4,0.38,7.1,250.0
25,40,0,350,1,2.77,0.54,76.4,63.6,0.22,0.3,108.4
21,40,6,350,2,1.64,1.17,222.4,66.9,0.24,1.4,89.7
39,40,3,350,0,1.02,0.54,104.0,77.5,0.34,2.9,138.0
23,40,5,350,0,1.51,0.52,81.2,55.6,0.22,0.6,171.4
40,40,2,350,2,2.41,0.57,122.8,73.6,0.14,2.5,143.4
45,40,3,350,2,2.42,0.86,166.0,80.7,0.36,0.3,80.0
44,40,4,350,1,1.88,1.42,132.6,76.2,0.37,1.5,136.3
24,40,1,350,0,1.97,0.45,73.6,64.8,0.29,1.5,81.4
42,40,2,350,2,2.88,1.28,125.5,71.9,0.31,1.6,85.0
25,40,2,350,0,3.07,0.66,71.8,56.8,0.33,0.3,220.1
22,40,6,350,0,2.96,1.27,74.7,64.1,0.28,0.2,172.5
44,40,3,350,1,1.49,0.5,214.1,70.2,0.36,1.0,62.5
29,40,5,350,2,1.88,1.13,167.6,65.3,0.46,0.3,178.9
22,40,0,350,0,0.57,1.5,53.6,53.8,0.22,0.0,143.4
20,40,2,350,0,1.91,0.9,170.9,59.5,0.27,1.4,112.0
34,40,5,350,1,1.47,0.68,140.1,71.4,0.26,1.3,133.5
36,40,4,350,0,0.89,1.3,103.1,60.5,0.39,1.8,122.2
31,40,4,350,2,3.27,0.98,125.0,68.9,0.33,2.0,156.4
39,40,0,350,1,1.81,1.04,110.1,58.9,0.14,2.4,136.3
45,40,1,350,0,1.82,0.64,144.4,62.5,0.4,1.7,97.2
42,40,0,350,1,2.46,0.55,125.8,71.8,0.15,1.7,136.3
26,40,6,350,0,1.17,0.58,85.2,53.0,0.17,1.6,145.0
27,40,6,350,2,1.91,0.43,128.1,66.6,0.37,1.3,105.5
40,40,1,350,1,1.77,0.97,136.9,70.6,0.32,0.5,101.0
21,40,5,350,2,2.64,0.87,95.4,72.8,0.45,2.2,99.8
32,40,5,350,1,2.53,0.45,94.4,63.6,0.28,0.4,101.4
25,40,5,350,1,0.69,0.73,85.3,66.4,0.27,2.0,220.2
41,40,6,350,0,2.15,0.26,95.8,66.8,0.14,2.2,243.5
26,40,1,350,1,1.25,1.11,209.2,61.0,0.31,0.6,229.2
26,40,5,350,0,1.8,1.25,233.7,62.4,0.18,0.2,136.9
32,40,6,350,0,0.82,1.08,222.4,60.9,0.3,9.7,153.8
34,40,2,350,2,3.23,0.26,133.5,70.8,0.15,1.6,126.6
23,40,0,350,2,1.62,1.4,115.3,66.1,0.39,2.8,242.6
38,40,4,350,2,1.55,0.67,118.7,68.4,0.34,2.9,108.0
32,40,3,350,1,0.78,0.95,226.9,64.0,0.49,2.5,122.7
32,40,3,350,1,3.36,0.68,92.7,66.7,0.4,0.6,99.4
39,40,0,350,1,1.77,0.96,106.6,64.4,0.22,2.0,124.2
20,40,6,350,1,2.39,0.73,91.3,60.1,0.48,1.6,135.1
22,40,5,350,2,0.83,1.41,113.9,56.0,0.2,1.8,148.8
31,40,3,350,1,3.43,0.76,122.3,61.2,1.42,1.6,141.1
38,40,4,350,2,1.82,0.44,139.5,60.7,0.26,9.1,99.4
42,40,5,350,0,2.38,0.86,114.2,63.6,0.17,0.2,124.8
21,40,1,350,0,1.82,0.45,63.7,63.6,0.28,2.5,129.2
39,40,0,350,2,1.51,1.42,121.5,75.6,1.86,2.1,140.0
43,40,2,350,0,2.01,1.23,116.3,60.6,2.58,0.7,238.0
42,40,1,350,0,2.57,0.36,104.7,62.8,1.48,1.3,115.0
42,40,0,350,1,2.51,0.9,196.8,69.2,0.2,2.5,94.4
25,40,4,350,0,1.24,0.81,88.2,54.6,0.44,0.8,98.8
23,40,6,350,0,1.0,0.76,82.6,49.7,0.36,7.1,142.6
21,40,5,350,2,1.18,1.43,89.4,64.4,0.25,2.3,124.6
45,40,2,350,1,2.24,0.93,112.4,69.5,0.32,2.5,94.0
20,40,1,350,0,0.51,0.4,112.8,60.6,0.13,0.8,110.8
26,40,1,350,1,3.13,0.94,80.4,69.1,2.03,2.2,102.2
30,40,1,350,2,2.9,1.22,106.1,66.8,0.48,0.7,135.4
22,40,1,350,1,1.13,0.38,64.1,68.4,0.16,2.1,146.0
39,40,1,350,1,1.35,1.18,125.7,64.9,1.34,2.0,105.0
43,40,1,350,2,0.98,0.51,136.3,70.0,0.12,2.7,87.4
20,40,6,350,0,3.04,1.26,77.9,48.9,1.6,1.9,161.8
32,40,1,350,1,1.37,0.64,76.1,70.8,0.49,2.0,95.9
34,40,2,350,2,1.32,1.26,131.1,65.9,0.25,1.9,140.0
26,40,2,350,1,3.2,0.78,81.6,60.6,0.37,7.8,143.8
42,40,5,350,2,3.24,0.66,129.6,67.7,0.42,0.6,122.6
37,40,0,350,2,3.24,0.88,110.9,62.3,0.18,1.6,89.2
36,40,0,350,0,3.41,0.88,114.2,57.4,0.25,2.8,143.4
23,40,4,350,2,1.26,1.42,80.9,64.5,1.52,2.0,212.0
28,40,6,350,1,2.19,0.5,129.8,65.5,0.24,2.6,96.9
25,40,0,350,1,2.5,1.17,182.2,62.3,0.33,2.2,154.2
32,40,1,350,1,3.42,0.66,84.2,67.3,0.35,1.0,109.8
44,40,5,350,1,2.39,0.56,141.6,81.9,0.23,1.2,108.8
22,40,5,350,2,1.16,1.21,101.1,50.8,0.12,0.8,123.5
33,40,3,350,0,2.27,1.17,101.2,62.9,0.2,0.1,184.8
44,40,0,350,1,1.51,1.22,118.9,66.8,0.37,1.3,131.7
36,40,1,350,2,1.46,0.68,181.5,71.3,0.29,2.9,240.1
39,40,0,350,1,1.87,0.79,121.6,77.3,0.15,2.3,106.8
40,40,3,350,2,1.54,1.3,225.6,74.1,0.3,1.6,120.1
37,40,1,350,0,1.67,1.11,96.5,65.8,0.37,2.3,245.1
30,40,4,350,2,0.52,0.54,110.0,67.1,2.05,1.4,250.0
39,40,0,350,2,0.53,0.46,231.5,79.6,0.37,2.9,229.7
22,40,6,350,1,1.59,0.78,250.0,57.8,0.26,0.1,59.8
28,40,3,350,2,2.43,1.15,214.0,59.8,0.2,1.7,210.6
20,40,2,350,0,0.67,0.61,55.6,50.6,0.18,0.8,81.4
22,40,4,350,2,1.27,0.46,201.7,68.5,0.16,2.9,196.6
29,40,0,350,0,1.59,1.09,75.9,60.2,0.11,1.4,154.4
22,40,2,350,2,1.12,0.68,184.1,61.0,0.13,2.0,57.0
44,40,3,350,1,3.09,1.35,147.8,70.5,2.72,2.6,152.8
21,40,0,350,0,2.88,1.1,48.0,63.3,1.25,2.3,88.2
24,40,6,350,1,2.18,0.65,102.9,62.1,0.37,0.9,131.3
20,40,6,350,0,1.0,1.32,61.4,56.5,0.47,8.1,145.6
31,40,6,350,1,0.88,0.32,122.6,67.2,0.24,2.4,119.8
39,40,2,350,1,2.64,0.57,110.2,64.6,0.31,1.4,71.6
41,40,4,350,0,2.75,1.25,107.8,63.1,0.16,1.7,162.2
20,40,0,350,1,0.69,1.11,62.1,60.1,0.24,0.8,217.8
43,40,2,350,2,3.11,1.27,153.9,70.7,0.12,0.5,142.6
30,40,4,350,1,0.67,0.28,211.4,61.2,1.62,1.1,165.2
44,40,0,350,2,1.6,0.92,139.1,77.8,0.12,2.9,109.8
33,40,4,350,2,2.21,0.33,137.0,71.8,0.42,1.0,116.3
21,40,2,350,2,3.26,1.09,97.8,58.4,0.44,0.4,208.0
32,40,2,350,0,2.23,1.36,106.5,60.2,0.18,7.7,101.2
30,40,0,350,2,3.27,1.18,200.0,67.5,0.15,0.9,144.2
20,40,6,350,0,0.51,0.71,71.6,54.4,0.46,1.8,78.1
31,40,6,350,2,2.68,1.06,138.8,67.1,0.29,3.0,135.0
21,40,2,350,0,3.25,0.71,64.9,57.9,0.19,0.5,83.8
32,40,2,350,2,2.28,0.95,120.2,67.0,0.48,0.7,122.0
32,40,1,350,0,3.36,0.67,79.2,60.4,0.37,1.6,142.0
34,40,6,350,1,2.85,0.56,112.4,71.4,0.24,1.1,95.4
45,40,2,350,0,3.32,1.04,130.9,58.6,0.3,2.8,206.4
32,40,3,350,0,1.54,0.87,88.0,59.0,0.36,7.0,144.3
40,40,1,350,1,1.6,0.94,192.1,62.5,0.16,2.7,120.6
30,40,0,350,2,1.07,0.26,114.4,59.8,0.48,1.0,106.0
43,40,5,350,1,1.82,0.51,108.7,79.5,0.39,1.4,206.4
40,40,5,350,0,2.81,1.34,95.3,62.1,0.42,9.1,188.2
45,40,0,350,1,3.41,1.22,195.7,62.6,0.22,0.4,187.5
36,40,4,350,2,3.0,0.58,150.0,63.5,0.44,0.9,134.6
30,40,0,350,2,3.41,0.82,182.8,61.8,2.68,1.2,133.5
38,40,5,350,2,3.39,1.16,124.9,74.0,0.14,1.8,109.0
24,40,5,350,2,2.26,0.8,89.1,66.6,0.19,0.2,103.0
32,40,6,350,0,3.49,1.29,100.6,67.3,1.73,2.1,129.9
24,40,5,350,1,1.57,1.42,99.5,53.4,0.48,2.6,111.0
26,40,0,350,1,2.27,0.8,96.6,66.6,0.15,1.2,98.0
30,40,5,350,0,3.13,1.15,94.7,57.8,0.26,2.1,128.8
30,40,1,350,0,2.28,0.97,91.5,64.2,0.35,1.0,233.6
36,40,0,350,0,1.03,1.17,117.6,66.4,0.48,2.9,140.8
44,40,1,350,2,2.46,0.9,224.9,70.4,0.2,1.4,194.3
32,40,0,350,1,1.91,1.1,123.4,74.1,0.25,2.7,109.1
37,40,3,350,2,1.63,0.63,186.4,78.1,0.31,1.1,113.8
31,40,2,350,2,2.17,0.91,95.9,71.6,0.35,1.7,108.4
22,40,2,350,2,1.19,0.95,105.3,58.5,0.37,1.9,83.8
31,40,0,350,0,2.75,1.04,97.2,59.6,2.05,9.1,202.3
21,40,0,350,1,0.93,0.73,71.6,64.8,0.2,0.3,131.8
41,40,0,350,2,2.37,0.66,139.7,75.5,0.3,2.7,157.1
36,40,6,350,1,3.34,1.42,127.7,64.9,0.4,1.7,231.4
44,40,4,350,0,2.01,1.08,143.2,76.4,0.44,0.2,136.4
39,40,1,350,1,1.73,1.0,219.5,70.6,2.08,2.4,127.0
41,40,0,350,1,1.53,1.25,129.1,71.3,0.43,0.1,135.1
26,40,6,350,0,1.36,1.21,87.4,56.3,2.91,1.9,161.7
44,40,0,350,0,2.93,1.21,128.3,67.6,0.39,2.8,72.9
36,40,2,350,1,2.44,0.48,111.4,74.5,0.46,0.8,196.0
20,40,3,350,0,2.37,0.44,57.3,61.6,0.41,1.4,119.8
32,40,1,350,1,1.16,0.74,186.3,68.6,0.43,7.2,235.6
29,40,5,350,0,1.41,1.5,108.8,55.4,0.25,2.6,151.4
38,40,6,350,2,0.97,1.4,204.0,65.3,0.41,2.5,137.6
44,40,0,350,2,0.75,0.87,138.6,73.2,0.29,2.1,93.2
31,40,2,350,2,2.37,0.69,122.7,71.9,0.11,1.0,133.4
33,40,3,350,1,0.51,0.74,81.5,68.5,0.39,0.7,69.5
45,40,1,350,1,3.5,0.63,128.2,70.0,0.45,0.9,119.4
23,40,4,350,1,2.86,1.37,61.2,53.9,0.22,1.8,87.9
30,40,3,350,2,0.93,1.0,109.5,69.6,0.32,2.8,120.3
27,40,3,350,2,1.71,0.74,78.3,72.6,0.46,1.8,151.6
23,40,4,350,2,1.36,0.6,105.7,71.2,0.19,0.8,146.8
32,40,1,350,2,2.31,1.38,138.4,75.5,0.23,0.0,106.4
42,40,3,350,2,1.7,0.76,141.2,68.1,0.15,0.6,127.8
27,40,4,350,0,3.34,0.56,102.9,58.7,0.19,0.3,101.3
28,40,6,350,2,0.61,1.34,123.4,61.4,0.31,0.2,102.6
30,40,1,350,1,1.5,1.31,97.4,65.1,0.29,0.9,135.7
24,40,0,350,2,1.05,1.0,97.3,73.2,0.2,1.2,105.7
44,40,1,350,0,1.63,0.72,128.2,66.8,0.17,1.1,124.1
40,40,1,350,0,1.93,0.98,98.5,71.1,0.27,8.0,109.2
43,40,5,350,0,0.52,1.46,117.7,55.5,0.24,2.1,164.4
31,40,2,350,1,3.22,0.96,77.1,78.4,1.06,1.3,224.0
43,40,3,350,2,1.94,1.13,153.5,73.1,0.35,2.5,121.3
41,40,1,350,1,0.57,0.63,203.5,61.7,0.17,0.2,124.0
29,40,6,350,1,2.53,0.96,107.3,67.2,0.2,2.8,125.7
39,40,5,350,1,1.7,0.85,120.8,79.6,0.18,2.2,112.8
29,40,0,350,2,2.04,1.49,112.9,59.4,0.34,1.3,185.8
27,40,0,350,2,2.22,1.1,102.4,61.5,0.19,0.4,82.4
22,40,0,350,1,1.13,0.6,176.1,53.8,0.26,0.4,215.3
33,40,1,350,1,2.37,0.62,78.2,60.0,0.27,0.9,214.4
27,40,3,350,2,2.39,0.42,210.0,56.0,0.12,2.5,215.6
38,40,0,350,1,2.85,1.45,207.2,64.9,0.2,2.8,126.6
37,40,3,350,2,2.82,0.66,205.0,62.8,0.29,0.4,147.8
28,40,2,350,2,2.33,1.32,113.8,62.6,0.28,9.6,154.1
45,40,3,350,2,1.54,0.81,142.1,79.6,0.31,1.2,138.4
40,40,4,350,2,2.55,1.23,116.3,68.7,0.12,2.8,170.6
34,40,1,350,2,2.16,1.03,129.5,62.0,0.32,0.1,123.0
20,40,2,350,2,2.56,1.39,159.0,50.8,0.33,0.8,73.6
33,40,5,350,1,3.02,0.38,117.9,61.0,0.26,2.3,139.6
24,40,0,350,0,2.32,0.28,65.8,61.6,0.22,2.3,115.2
33,40,4,350,1,3.35,1.12,127.6,67.1,0.27,1.0,105.0
41,40,0,350,0,3.32,1.13,103.8,64.1,0.48,2.0,122.3
29,40,5,350,0,2.72,0.5,97.5,61.4,0.43,2.3,96.6
32,40,4,350,2,1.09,0.88,108.1,64.2,0.18,2.5,129.4
29,40,1,350,1,3.06,0.28,82.1,64.8,0.32,2.7,122.2
36,40,0,350,1,1.25,0.59,118.0,64.7,1.29,1.4,215.0
20,40,0,350,2,1.86,0.34,108.0,65.4,0.26,2.2,94.8
32,40,2,350,0,1.71,1.27,190.7,59.7,0.14,1.4,124.0
30,40,1,350,1,2.87,1.23,83.2,71.6,0.21,0.5,140.1
35,40,2,350,1,2.36,0.79,117.0,65.4,0.15,2.7,108.5
37,40,5,350,0,0.91,1.4,135.2,58.1,0.29,0.5,169.5
39,40,4,350,0,0.55,0.84,96.8,64.2,0.23,0.9,137.8
43,40,3,350,2,2.36,1.34,163.4,70.2,0.42,1.7,161.8
43,40,5,350,1,1.46,1.15,131.2,86.7,0.47,1.3,236.9
21,40,0,350,2,2.96,1.1,149.6,60.3,2.35,1.8,174.2
39,40,6,350,2,1.89,0.92,225.3,76.3,0.3,1.1,118.6
44,40,4,350,0,2.59,0.39,132.6,64.3,2.47,0.2,132.6
32,40,4,350,1,3.08,1.08,110.2,63.6,0.29,0.4,204.4
26,40,5,350,0,0.59,0.6,94.8,54.8,0.16,2.6,250.0
37,40,4,350,0,2.38,1.03,198.7,64.3,0.12,1.1,132.2
44,40,4,350,1,2.91,0.3,250.0,65.3,0.47,2.5,128.6
38,40,4,350,0,2.81,1.35,126.6,71.6,0.46,1.3,122.6
44,40,2,350,0,2.71,0.65,112.8,73.0,0.45,2.1,201.3
23,40,5,350,1,1.96,1.3,111.2,66.7,0.34,0.1,148.8
33,40,2,350,0,2.38,1.32,187.2,66.4,0.21,2.4,140.2
44,40,5,350,0,1.66,1.29,143.4,75.6,1.4,2.1,134.2
32,40,2,350,1,2.2,1.1,128.6,69.2,0.45,0.5,216.0
29,40,6,350,1,1.99,0.65,105.9,67.8,0.26,3.0,124.6
34,40,5,350,1,1.3,0.85,207.5,63.5,0.37,1.4,102.6
35,40,1,350,2,2.21,1.06,110.2,79.0,0.29,0.4,129.8
32,40,1,350,0,2.8,0.29,92.1,64.6,0.44,1.1,130.5
41,40,0,350,1,3.26,0.6,124.1,69.3,1.24,0.3,139.4
31,40,6,350,2,2.8,0.75,120.1,68.0,0.14,1.2,140.5
38,40,1,350,0,3.12,0.64,119.8,65.8,0.32,1.0,128.7
43,40,6,350,1,0.92,0.51,134.2,74.0,0.12,2.1,120.2
45,40,5,350,1,0.7,0.41,120.4,70.7,0.21,1.3,145.9
25,40,2,350,1,3.13,0.39,111.1,68.9,2.47,0.8,157.2
34,40,5,350,2,3.16,1.25,138.2,70.2,0.1,2.5,144.8
27,40,4,350,1,2.73,1.11,117.4,58.7,0.22,2.6,250.0
42,40,0,350,1,1.42,0.4,134.5,62.4,2.09,1.5,151.8
33,40,6,350,1,0.8,1.48,245.6,71.1,0.35,2.3,93.7
40,40,4,350,0,2.04,0.55,115.2,69.5,0.39,2.8,249.0
24,40,3,350,1,2.06,0.64,80.4,57.6,0.13,2.6,140.1
31,40,3,350,1,3.41,1.29,233.3,68.3,0.12,2.2,103.0
37,40,5,350,1,1.98,0.86,129.1,61.1,0.2,0.5,88.4
32,40,2,350,1,0.71,1.39,93.5,66.8,0.18,1.6,152.5
21,40,5,350,2,0.84,0.74,83.7,62.9,0.44,2.3,95.9
41,40,6,350,1,0.96,1.4,144.2,63.7,0.24,1.5,155.2
21,40,3,350,0,2.87,1.46,81.3,50.9,2.62,0.6,250.0
44,40,1,350,1,2.4,1.06,146.3,72.8,0.36,1.6,113.3
26,40,4,350,2,1.38,1.47,229.9,65.4,0.38,2.7,87.1
29,40,3,350,1,0.77,1.12,102.3,62.4,0.23,1.7,215.4
20,40,3,350,0,2.83,0.72,71.9,58.7,2.26,1.4,133.3
44,40,2,350,1,1.22,1.48,206.0,72.3,0.47,1.2,130.8
20,40,5,350,1,1.18,0.36,94.5,65.3,0.4,1.1,108.0
36,40,2,350,0,1.29,1.18,119.5,59.6,0.37,0.2,191.8
33,40,4,350,1,3.39,0.86,98.2,73.9,0.16,1.3,91.4
24,40,4,350,1,1.13,1.16,185.6,65.9,0.41,0.6,177.4
21,40,4,350,0,3.35,0.29,84.4,58.6,0.32,2.9,136.6
26,40,6,350,0,2.49,1.48,169.2,55.3,0.24,1.4,116.5
27,40,4,350,1,2.62,0.94,121.7,64.8,0.21,1.0,122.2
37,40,0,350,1,1.01,1.34,108.0,65.7,2.25,2.7,145.4
26,40,2,350,2,1.45,0.73,115.6,58.0,0.49,0.7,99.9
22,40,6,350,2,1.08,0.64,102.2,58.5,0.37,0.2,181.0
27,40,3,350,1,0.6,0.86,90.1,62.8,1.32,1.2,164.3
38,40,0,350,0,0.59,0.46,174.8,61.2,0.14,0.9,127.4
41,40,0,350,1,3.24,1.14,140.3,69.2,0.14,9.6,133.3
26,40,6,350,2,2.78,0.78,122.1,64.8,1.18,2.4,162.3
27,40,3,350,1,0.93,1.29,97.6,58.9,0.31,2.7,132.3
45,40,1,350,1,1.45,1.39,136.2,67.5,0.14,0.8,164.3
41,40,6,350,0,2.35,0.36,118.2,64.1,0.3,1.1,152.8
28,40,0,350,1,2.74,0.51,159.4,58.6,0.33,2.4,96.6
42,40,2,350,2,0.8,0.58,144.5,74.3,1.29,2.4,148.0
26,40,5,350,1,3.4,0.97,83.2,70.1,0.47,0.7,122.7
43,40,4,350,0,0.71,1.07,120.3,65.1,0.22,2.9,172.2
28,40,4,350,1,3.36,1.17,113.2,72.5,0.42,2.9,146.9
42,40,4,350,1,0.95,1.38,158.7,68.3,0.45,1.8,170.2
45,40,5,350,2,0.53,0.38,130.4,75.8,0.14,1.2,142.6
27,40,2,350,1,2.65,0.61,157.2,61.5,0.45,0.8,99.8
43,40,5,350,1,1.88,0.5,136.3,70.8,0.45,8.8,128.8
29,40,1,350,1,2.46,0.69,90.2,62.4,0.15,2.9,109.5
32,40,2,350,0,0.54,0.53,91.3,72.4,0.32,1.2,153.9
32,40,2,350,1,3.48,1.26,97.1,71.9,0.46,1.8,128.0
22,40,0,350,2,1.91,0.33,144.9,66.2,0.3,1.3,162.6
31,40,1,350,1,3.03,1.11,114.8,65.1,0.2,7.4,138.6
45,40,6,350,2,2.32,1.43,153.5,75.8,0.48,2.6,84.6
45,40,5,350,0,3.38,0.61,109.7,63.9,0.27,1.8,159.3
21,40,1,350,0,1.09,0.81,68.3,56.2,0.16,1.3,186.3
37,40,6,350,2,1.21,0.53,148.9,65.9,0.35,0.3,148.1
22,40,5,350,2,1.51,1.2,179.3,60.4,0.28,0.7,99.0
41,40,3,350,2,1.79,1.01,141.8,74.4,0.34,2.0,136.3
38,40,1,350,0,3.23,0.95,92.3,58.5,0.35,2.2,250.0
38,40,5,350,1,3.49,0.85,124.2,74.1,0.11,2.4,221.4
41,40,2,350,1,3.0,0.88,250.0,76.3,0.38,7.0,172.8
43,40,6,350,1,0.71,1.21,211.4,80.2,0.16,2.3,244.2
45,40,4,350,1,1.44,1.3,142.6,69.5,0.15,1.4,113.6
43,40,6,350,2,1.15,0.26,233.7,67.5,0.26,1.4,119.8
25,40,6,350,1,0.68,0.29,106.4,65.2,1.24,2.6,135.1
44,40,5,350,0,3.14,1.27,111.0,62.7,0.5,2.0,250.0
21,40,6,350,2,2.75,1.46,107.4,64.0,0.44,1.3,134.0
44,40,4,350,2,0.92,0.7,250.0,65.2,0.24,8.2,135.2
37,40,2,350,1,1.0,1.1,122.9,67.6,0.3,0.4,212.0
27,40,1,350,2,2.43,0.96,102.9,76.6,0.4,2.5,178.2
34,40,6,350,2,3.19,0.69,206.1,72.1,0.12,2.2,90.4
37,40,6,350,2,3.16,1.29,163.4,67.3,0.16,1.9,149.5
33,40,2,350,0,3.01,1.26,80.9,69.4,0.34,1.3,93.6
40,40,2,350,2,1.01,0.74,140.4,65.1,0.4,0.3,110.0
25,40,0,350,0,1.64,1.36,83.9,60.1,2.16,2.5,135.2
28,40,5,350,2,2.59,0.8,103.0,71.5,0.24,1.6,200.8
37,40,2,350,0,0.81,1.3,94.0,57.1,0.1,1.6,118.2
29,40,3,350,1,2.6,0.33,191.6,64.0,0.46,7.7,132.8
42,40,3,350,0,2.64,0.4,111.1,68.9,0.18,1.5,116.4
21,40,3,350,1,2.01,0.93,99.0,68.3,0.22,2.9,106.6
29,40,3,350,1,0.69,0.32,108.5,55.7,0.24,2.4,147.1
27,40,4,350,0,2.8,0.62,93.2,64.5,0.41,1.8,122.2
36,40,0,350,2,2.15,0.4,135.1,65.8,2.02,2.9,201.0
24,40,1,350,2,1.32,1.49,109.8,71.0,0.37,1.5,78.9
24,40,4,350,1,2.38,1.2,160.6,54.2,0.44,0.1,108.2
26,40,0,350,1,0.85,0.88,68.1,63.1,2.59,3.0,203.5
30,40,1,350,1,2.3,0.66,101.3,58.9,0.23,1.5,139.6
42,40,1,350,2,1.13,1.1,154.2,68.4,1.39,8.9,170.2
40,40,0,350,2,3.19,0.84,130.9,71.8,0.28,0.2,119.2
42,40,0,350,1,2.46,0.59,118.2,70.4,0.41,0.9,95.4
30,40,5,350,2,1.12,1.32,114.3,66.3,0.39,2.9,197.4
22,40,6,350,2,1.22,1.23,86.1,60.0,0.42,2.3,250.0
27,40,0,350,1,2.0,0.55,181.4,71.4,0.4,1.3,146.5
43,40,3,350,2,1.34,1.23,250.0,68.9,0.13,2.1,119.4
41,40,6,350,1,2.14,0.48,135.9,71.0,0.37,3.0,179.2
26,40,0,350,2,2.17,1.1,110.1,67.3,0.1,0.2,187.5
45,40,4,350,2,3.24,0.97,163.1,63.1,0.11,7.6,107.2
28,40,5,350,0,1.15,1.17,185.3,59.6,0.31,1.1,85.5
25,40,4,350,0,1.47,0.62,79.0,68.3,0.33,9.0,166.6
22,40,3,350,0,0.59,0.8,77.0,67.7,0.22,2.7,113.6
23,40,3,350,2,1.73,0.87,130.2,59.9,0.4,1.6,119.8
36,40,5,350,2,2.04,0.27,100.8,60.5,0.14,0.4,185.5
43,40,3,350,0,1.96,0.57,108.2,74.6,0.1,0.9,85.6
23,40,6,350,1,1.97,1.42,182.0,68.0,0.21,1.3,218.7
20,40,2,350,2,2.67,0.97,80.9,62.7,0.46,9.4,119.5
44,40,1,350,0,0.65,0.83,211.0,59.1,0.34,2.6,220.9
33,40,4,350,0,1.95,0.51,79.7,58.7,0.36,1.4,101.7
45,40,0,350,2,1.47,1.07,206.7,70.3,0.24,0.4,123.7
31,40,1,350,1,0.56,0.62,91.4,78.4,2.6,9.5,203.0
39,40,6,350,1,1.02,0.92,118.7,69.8,0.46,0.8,210.1
35,40,3,350,2,2.22,1.16,130.7,77.6,0.38,2.4,155.1
21,40,3,350,0,0.69,1.07,200.4,61.9,0.29,1.1,119.9
42,40,2,350,2,2.45,0.43,141.0,76.7,1.55,8.6,110.6
30,40,0,350,2,3.23,0.97,111.7,56.9,0.23,1.1,88.9
28,40,0,350,0,1.75,0.9,57.3,60.2,0.23,2.8,223.2
24,40,5,350,0,1.99,0.82,81.6,55.3,0.48,7.5,242.4
24,40,4,350,1,1.61,1.29,209.9,62.0,0.24,2.9,128.0
37,40,6,350,1,2.07,0.35,209.0,59.9,0.13,0.8,214.2
25,40,6,350,2,2.77,1.2,114.2,59.0,0.4,1.9,111.4
28,40,1,350,2,0.68,1.02,209.4,71.1,0.13,0.3,166.4
30,40,0,350,1,2.44,1.03,98.8,67.6,0.24,0.5,85.9
25,40,3,350,1,1.08,0.56,163.4,56.3,0.13,2.7,113.3
26,40,4,350,1,0.74,0.94,80.6,66.3,0.26,2.1,149.2
34,40,6,350,1,2.54,0.93,101.9,68.1,0.4,2.7,143.8
45,40,3,350,0,1.46,0.58,137.9,66.8,0.41,0.8,127.2
34,40,1,350,1,3.44,1.07,128.3,67.7,0.36,9.4,227.0
38,40,4,350,1,2.38,1.46,118.3,60.2,0.28,0.8,117.0
31,40,6,350,1,2.42,0.82,188.7,61.5,0.48,0.8,101.7
44,40,0,350,1,1.83,0.28,110.0,65.0,0.34,2.9,99.4
34,40,5,350,0,0.82,0.65,91.7,65.8,2.42,1.2,197.2
21,40,5,350,1,2.04,0.65,84.1,62.4,0.37,2.1,123.2
41,40,6,350,2,1.61,0.75,156.7,66.7,0.43,7.6,135.0
31,40,4,350,1,3.24,0.65,110.3,58.6,0.35,1.4,107.4
30,40,5,350,1,1.31,1.15,101.9,65.6,0.43,8.2,191.4
21,40,0,350,2,2.36,1.08,97.3,67.3,0.32,2.0,133.7
27,40,5,350,0,3.36,1.2,156.3,58.5,0.24,0.3,112.4
40,40,2,350,2,0.54,1.14,121.9,71.3,0.28,1.6,112.0
34,40,4,350,2,3.39,0.33,107.8,62.9,0.23,2.3,229.8
39,40,4,350,0,0.99,0.72,102.2,62.0,0.42,0.9,108.8
36,40,4,350,0,1.04,1.21,218.3,52.7,0.37,0.3,76.2
39,40,4,350,1,0.97,0.34,99.3,69.5,0.21,8.4,198.2
20,40,3,350,2,1.92,0.54,69.6,64.0,0.17,1.4,102.4
40,40,0,350,1,1.35,0.81,165.7,62.6,2.16,2.2,204.9
27,40,5,350,2,2.9,0.54,94.9,72.8,0.29,0.0,104.6
23,40,5,350,2,1.95,0.78,164.8,59.4,0.13,0.3,164.9
23,40,3,350,2,2.65,0.79,100.3,59.6,0.38,2.2,121.4
36,40,2,350,0,2.88,0.83,161.9,66.9,0.37,1.7,131.2
38,40,4,350,0,1.35,0.68,108.0,64.6,0.32,1.0,162.2
29,40,6,350,2,1.15,0.48,119.7,69.0,0.43,2.3,102.1
42,40,6,350,2,3.01,0.82,153.9,73.2,0.4,0.1,151.0
24,40,2,350,0,3.02,0.55,87.6,66.6,0.27,0.8,113.2
45,40,5,350,2,2.47,1.16,144.7,72.3,0.32,1.0,79.5
38,40,0,350,1,1.62,0.64,106.4,63.0,0.3,1.3,77.8
24,40,3,350,0,1.24,1.19,71.2,64.5,0.35,0.2,111.8
22,40,3,350,0,1.06,0.55,68.8,55.2,0.44,8.2,174.8
22,40,4,350,2,1.52,0.87,105.9,76.0,0.28,9.6,171.2
23,40,5,350,2,3.24,1.29,139.5,73.7,0.41,2.3,107.0
41,40,4,350,2,0.89,1.5,133.4,72.8,0.23,0.7,139.4
23,40,6,350,0,1.42,0.47,92.8,51.6,1.11,0.6,106.4
45,40,2,350,0,2.75,0.85,133.5,63.4,0.27,2.7,133.1
29,40,2,350,1,2.32,0.69,87.6,56.6,0.32,2.3,143.0
39,40,1,350,2,1.69,0.86,119.6,72.3,0.35,0.8,126.4
37,40,2,350,1,3.24,1.28,130.2,64.6,0.37,0.9,129.4
35,40,4,350,1,1.99,1.5,118.3,65.3,0.3,0.4,114.1
42,40,2,350,2,2.97,1.1,120.7,67.6,0.21,0.0,87.8
29,40,4,350,1,1.09,1.49,108.2,68.9,0.16,2.7,207.6
20,40,3,350,0,2.08,0.8,84.6,49.0,0.33,9.3,156.2
44,40,4,350,2,2.34,0.27,195.7,63.4,0.3,1.4,71.8
32,40,6,350,1,1.12,1.23,118.7,59.0,0.22,1.2,138.7
32,40,4,350,0,1.07,0.83,62.4,60.1,0.38,2.2,250.0
26,40,3,350,2,2.37,1.34,131.2,63.0,0.45,3.0,136.2
44,40,0,350,1,3.03,1.45,250.0,66.6,0.1,1.8,120.2
30,40,6,350,1,2.68,0.44,118.9,53.8,0.27,9.2,171.2
39,40,4,350,1,1.04,1.43,112.4,75.9,0.2,1.6,208.0
34,40,4,350,2,2.88,1.46,135.0,69.8,0.39,0.5,81.2
34,40,3,350,0,0.94,0.7,199.4,64.2,0.29,8.9,111.7
22,40,2,350,1,0.53,0.91,73.6,62.9,0.22,3.0,131.8
22,40,0,350,2,2.75,1.41,76.2,59.7,0.18,1.2,216.2
38,40,4,350,1,2.06,1.25,118.0,65.2,0.19,1.3,137.3
26,40,6,350,1,3.01,0.92,209.3,54.3,0.48,0.9,197.6
24,40,2,350,2,3.49,0.87,129.9,67.9,0.22,2.4,97.2
25,40,5,350,2,1.14,0.9,187.3,63.0,0.23,0.6,120.0
25,40,2,350,0,3.09,0.9,85.5,68.4,0.26,0.4,140.9
28,40,4,350,1,0.63,0.86,114.4,72.1,0.39,2.3,199.5
42,40,6,350,1,2.97,0.27,135.6,63.5,0.25,2.6,131.6
28,40,2,350,0,1.89,1.22,185.6,56.0,0.18,0.4,103.2
43,40,5,350,0,0.59,1.17,118.8,63.4,0.27,2.4,95.0
38,40,0,350,0,1.6,1.3,99.1,59.4,0.49,3.0,133.6
23,40,0,350,1,2.8,1.24,82.6,54.5,0.35,2.9,89.5
32,40,5,350,1,0.51,1.11,115.8,69.3,0.2,2.1,137.4
28,40,3,350,0,3.45,0.72,74.1,64.7,0.14,0.1,225.8
42,40,3,350,1,2.83,0.85,127.0,70.5,0.25,2.0,141.0
44,40,5,350,2,2.88,1.25,223.3,76.2,0.42,2.0,139.4
45,40,6,350,1,1.04,0.85,130.3,71.6,0.14,9.2,227.9
38,40,2,350,2,3.21,1.25,126.1,77.8,0.35,1.7,205.9
33,40,2,350,1,1.07,1.09,193.6,60.5,0.33,2.8,109.8
29,40,0,350,1,1.14,1.44,194.7,61.1,0.43,7.8,245.8
27,40,2,350,2,3.27,0.51,95.1,58.7,0.35,3.0,126.6
44,40,1,350,2,1.83,1.38,212.0,73.9,0.27,1.5,143.8
22,40,5,350,1,1.32,0.82,110.8,60.8,0.32,2.9,105.2
33,40,3,350,2,1.69,0.34,134.5,73.0,0.22,2.4,192.8
34,40,0,350,1,3.21,1.05,90.2,72.6,0.38,1.5,83.6
22,40,5,350,2,2.47,0.56,181.1,72.2,1.17,0.1,138.0
29,40,1,350,0,2.47,0.33,72.7,68.3,0.22,2.0,131.2
31,40,6,350,2,1.6,0.25,120.1,69.2,0.45,2.3,118.2
41,40,3,350,1,3.21,1.48,120.9,72.8,0.14,0.6,80.5
26,40,4,350,1,3.21,0.69,103.4,68.9,0.48,1.8,71.6
24,40,0,350,1,3.06,0.87,76.3,69.2,0.4,1.6,119.5
26,40,2,350,0,0.7,0.42,58.1,53.7,1.63,1.0,138.4
22,40,5,350,2,1.41,0.95,107.9,67.7,0.4,0.6,59.1
33,40,2,350,1,0.88,1.27,110.4,65.7,0.4,2.1,113.2
22,40,4,350,0,3.33,0.6,51.0,52.9,0.18,1.3,92.0
27,40,6,350,2,2.55,1.0,99.8,69.9,0.45,2.1,210.5
21,40,3,350,2,2.83,1.09,84.7,64.7,0.13,0.2,136.0
30,40,2,350,2,0.73,1.21,196.4,67.3,0.46,1.0,137.1
39,40,4,350,2,2.81,0.77,133.4,72.1,0.3,1.4,132.8
42,40,0,350,1,2.79,1.3,126.7,74.4,0.42,2.8,166.3
25,40,2,350,2,2.53,1.36,123.4,64.1,0.25,2.3,133.2
42,40,2,350,1,2.28,1.11,150.2,71.9,0.24,1.0,213.3
43,40,4,350,0,3.15,1.14,121.4,81.1,0.22,1.0,85.0
41,40,5,350,1,0.57,0.78,206.2,69.5,0.35,1.8,116.8
35,40,2,350,0,0.96,0.67,78.2,66.5,0.16,2.4,133.8
31,40,2,350,1,2.41,0.56,105.3,69.1,0.23,1.0,222.0
34,40,1,350,1,0.91,1.35,123.0,67.9,1.87,2.5,125.3
32,40,0,350,2,2.69,0.73,215.0,60.7,0.28,0.3,105.6
21,40,6,350,0,0.73,1.07,88.5,49.0,0.2,1.3,148.6
32,40,1,350,0,2.71,1.13,100.4,66.2,0.34,2.2,152.6
23,40,0,350,0,2.84,1.21,141.1,55.7,0.44,2.2,106.5
42,40,2,350,0,1.0,0.79,139.8,65.9,2.58,0.8,157.5
21,40,6,350,0,1.68,1.13,92.2,58.6,0.13,2.9,130.1
31,40,1,350,2,0.85,0.59,116.0,68.3,0.12,1.8,83.6
35,40,0,350,2,2.16,0.89,118.0,65.1,0.42,1.1,160.0
31,40,0,350,0,3.15,1.49,75.5,62.4,0.29,2.0,90.8
45,40,1,350,2,0.96,1.09,149.9,84.4,0.38,2.4,134.0
22,40,1,350,0,1.19,1.15,79.4,59.1,0.16,2.1,118.0
30,40,0,350,1,2.99,1.49,119.9,68.5,0.43,2.6,215.2
28,40,1,350,1,3.27,1.36,108.2,61.9,0.38,2.5,198.0
35,40,5,350,1,1.93,0.78,199.6,61.1,0.43,0.7,172.4
21,40,2,350,2,3.02,0.66,183.6,62.4,1.58,2.4,126.2
45,40,3,350,2,2.6,0.55,163.5,70.6,0.46,0.2,112.2
28,40,2,350,1,1.86,0.75,94.1,64.8,1.58,0.1,250.0
37,40,5,350,1,0.75,1.5,104.6,68.0,0.1,2.9,149.8
29,40,1,350,2,0.58,0.26,239.2,65.2,0.15,1.0,155.4
20,40,2,350,0,3.02,1.07,138.1,53.7,0.16,1.0,161.7
43,40,6,350,2,2.24,1.36,149.7,70.7,0.34,2.6,148.0
23,40,0,350,0,2.35,1.03,155.8,64.7,0.41,0.7,114.4
37,40,1,350,2,2.18,0.66,133.8,58.4,0.41,0.8,218.8
33,40,5,350,1,0.63,1.02,105.8,68.4,0.49,1.2,118.0
20,40,2,350,2,2.92,1.19,209.9,63.0,0.32,2.2,132.4
28,40,4,350,2,1.29,1.39,106.5,65.1,0.11,2.5,129.4
43,40,0,350,1,0.62,0.65,119.9,68.5,0.15,0.8,80.0
38,40,2,350,1,2.64,0.72,119.0,72.7,0.33,1.3,104.6
25,40,4,350,0,0.54,1.35,75.0,51.4,0.24,2.5,250.0
36,40,3,350,1,0.67,0.34,95.1,61.7,0.34,0.9,119.0
44,40,2,350,2,1.38,1.35,250.0,75.9,1.4,1.2,148.4
30,40,6,350,1,1.0,1.36,110.8,67.5,0.44,1.7,172.0
39,40,2,350,2,2.18,0.84,123.2,60.4,0.47,0.8,143.7
42,40,6,350,1,2.29,0.32,159.5,65.2,0.4,2.8,209.8
42,40,0,350,2,0.93,1.08,133.8,71.6,0.46,1.4,116.2
20,40,3,350,2,3.35,1.24,194.0,57.8,0.28,3.0,120.0
33,40,1,350,1,2.53,1.04,104.4,66.7,0.3,0.2,124.0
42,40,5,350,1,2.2,0.66,105.3,65.5,0.19,2.0,155.0
21,40,6,350,2,2.93,1.32,118.8,64.2,0.14,8.9,133.2
41,40,2,350,1,1.14,1.16,145.2,74.8,2.37,1.4,146.9
25,40,2,350,1,1.08,1.05,100.0,63.4,0.46,0.0,196.8
30,40,0,350,2,1.93,1.47,106.4,68.3,0.18,2.5,147.5
41,40,0,350,0,1.99,1.4,189.9,61.5,0.34,2.5,214.8
32,40,5,350,2,0.92,0.26,136.1,66.0,0.3,3.0,110.0
45,40,0,350,0,2.57,1.27,201.0,62.9,0.48,1.1,102.1
22,40,6,350,2,1.83,0.94,95.0,66.4,0.34,2.8,250.0
28,40,2,350,1,2.99,0.31,91.1,61.1,0.33,1.8,199.4
41,40,2,350,1,1.79,0.81,250.0,68.0,0.36,1.2,77.3
25,40,2,350,2,3.24,0.98,188.2,69.2,0.23,0.8,170.6
20,40,4,350,1,2.57,1.0,67.7,48.8,0.27,2.7,135.8
27,40,2,350,0,1.03,0.73,164.3,61.8,0.2,2.4,108.1
35,40,5,350,0,0.54,1.05,122.3,66.8,0.25,8.1,129.0
35,40,1,350,2,1.08,1.46,96.7,67.2,0.46,2.2,133.7
24,40,6,350,1,3.46,0.29,96.9,62.0,2.92,1.0,175.1
38,40,6,350,0,1.89,1.32,119.1,63.6,0.47,8.1,133.2
25,40,5,350,2,1.16,1.04,127.8,57.9,0.12,2.0,122.7
29,40,5,350,0,0.6,1.12,97.8,58.0,0.26,2.4,110.4
33,40,0,350,2,1.91,0.64,113.9,70.4,0.28,0.2,123.9
37,40,2,350,0,1.09,1.13,98.1,64.5,0.25,1.6,140.0
34,40,2,350,2,1.54,0.47,119.0,61.2,0.36,3.0,118.2
38,40,4,350,2,3.19,0.82,130.7,71.6,0.28,1.2,181.3
33,40,1,350,1,0.52,0.36,102.3,67.7,0.19,2.5,89.4
37,40,6,350,0,0.51,0.46,172.9,65.1,0.36,0.8,99.2
23,40,2,350,2,1.67,0.41,77.8,66.6,0.22,1.2,250.0
33,40,0,350,1,1.13,0.64,91.0,72.1,0.42,2.3,151.8
36,40,6,350,2,1.21,0.59,244.6,76.5,0.23,0.8,111.8
43,40,6,350,2,0.85,0.79,137.4,68.1,0.48,2.5,156.4
35,40,0,350,0,2.69,0.62,105.5,73.0,0.33,0.7,158.4
28,40,2,350,0,1.17,0.62,140.5,62.8,0.37,1.2,146.0
45,40,2,350,1,1.51,0.88,151.0,71.5,0.24,0.7,105.6
44,40,4,350,1,0.69,1.46,136.2,65.3,0.45,0.4,83.0
42,40,4,350,0,2.8,1.11,99.6,76.7,0.2,8.5,139.6
33,40,3,350,0,3.03,0.99,74.8,53.1,0.2,0.7,79.0
35,40,5,350,0,1.15,0.81,106.8,57.4,0.44,0.3,203.0
33,40,0,350,0,2.8,0.98,73.6,63.1,0.26,0.8,113.8
29,40,2,350,0,1.53,1.13,195.3,51.8,0.16,0.5,95.4
34,40,1,350,2,2.73,0.43,107.1,65.0,0.28,1.8,121.0
31,40,1,350,1,1.52,1.18,91.3,63.9,0.12,2.5,198.4
44,40,1,350,0,2.97,0.87,110.5,65.8,0.39,2.9,138.9
22,40,2,350,1,1.38,1.17,187.8,56.9,0.37,9.7,127.1
42,40,4,350,0,0.89,0.88,122.9,72.7,0.22,2.1,174.5
24,40,5,350,1,0.92,0.75,87.6,56.4,0.19,0.2,92.6
21,40,4,350,2,1.66,0.44,163.8,71.8,2.58,0.6,132.9
27,40,4,350,0,1.2,1.16,89.0,56.2,0.22,0.5,202.5
34,40,2,350,0,1.57,0.6,92.1,67.7,0.2,1.8,116.9
32,40,3,350,0,0.95,0.68,197.4,58.9,0.18,0.8,68.9
39,40,0,350,0,0.59,0.4,107.6,61.6,0.17,8.6,131.5
30,40,4,350,0,1.59,0.42,63.4,63.7,0.41,2.5,56.1
32,40,0,350,0,0.83,0.61,98.8,61.6,0.36,2.2,115.0
21,40,2,350,0,0.55,0.57,41.2,65.5,0.27,1.3,193.8
21,40,4,350,2,3.32,1.0,101.9,59.2,0.25,0.1,124.0
31,40,3,350,0,2.66,1.23,185.2,58.7,0.41,7.8,250.0
29,40,2,350,1,0.83,0.65,119.9,66.6,0.49,0.1,83.4
30,40,2,350,1,2.69,0.35,219.2,62.9,0.2,1.7,128.6
24,40,6,350,0,1.51,0.88,75.7,62.4,0.45,9.4,162.2
31,40,4,350,0,1.29,1.39,119.7,61.4,0.31,8.3,115.6
40,40,5,350,0,3.46,1.16,122.5,69.9,0.31,1.1,150.2
24,40,2,350,0,3.06,0.54,81.9,64.0,0.24,0.1,102.4
35,40,2,350,2,1.95,0.8,141.7,66.8,1.86,1.3,176.9
32,40,1,350,0,2.05,1.37,98.4,56.8,0.39,0.6,157.8
43,40,3,350,1,3.17,1.43,144.4,68.8,0.45,0.1,124.9
41,40,3,350,2,2.47,0.43,149.9,74.9,0.36,3.0,113.0
39,40,1,350,0,1.48,1.23,117.8,67.4,0.37,7.3,163.1
27,40,2,350,1,2.79,0.78,97.1,70.1,0.31,1.0,134.4
33,40,2,350,2,3.33,1.0,132.0,69.9,0.16,0.2,118.2
45,40,5,350,0,3.06,1.41,126.2,68.8,0.24,1.6,240.7
39,40,1,350,2,1.99,0.5,115.1,69.2,0.5,0.1,126.0
43,40,6,350,2,1.93,0.86,231.5,68.4,0.46,2.4,123.4
39,40,0,350,2,1.51,0.99,118.1,74.5,0.28,2.2,238.9
31,40,6,350,1,0.9,1.47,108.1,65.4,0.37,2.3,142.9
41,40,1,350,0,2.73,0.75,227.0,70.7,0.18,1.1,141.4
41,40,2,350,2,1.68,0.98,129.3,61.3,0.4,2.4,107.4
42,40,5,350,2,1.54,0.26,134.8,68.1,0.1,0.2,133.7
24,40,4,350,2,1.66,0.68,93.0,60.4,1.65,0.5,185.5
41,40,3,350,2,1.78,0.41,131.5,73.1,0.48,2.1,104.6
21,40,2,350,0,2.56,0.85,159.0,63.6,0.25,2.7,137.5
26,40,5,350,2,2.45,0.81,90.0,69.0,2.2,2.4,121.9
38,40,3,350,2,0.63,0.95,124.3,65.8,0.35,1.8,140.6
22,40,0,350,2,1.04,0.97,80.5,61.6,0.14,8.8,131.2
25,40,2,350,2,2.8,1.38,129.1,69.8,0.13,0.4,151.2
42,40,1,350,1,2.69,0.71,98.3,69.2,0.48,0.9,144.4
38,40,5,350,1,0.7,0.67,147.9,63.5,1.81,0.1,145.0
39,40,5,350,2,0.92,0.68,134.0,82.7,0.46,8.2,151.0
44,40,4,350,0,2.34,1.21,117.5,67.6,0.27,2.6,132.0
27,40,6,350,0,3.13,1.14,115.4,59.3,0.14,9.6,250.0
45,40,0,350,1,2.91,1.23,118.8,67.6,0.23,2.8,84.2
36,40,6,350,1,0.78,0.82,250.0,73.1,0.22,0.1,97.7
28,40,0,350,0,1.33,1.01,71.0,61.6,2.19,1.9,142.7
32,40,2,350,0,2.33,0.48,94.1,50.1,0.26,1.8,139.8
33,40,5,350,0,1.45,0.4,103.2,70.0,0.32,2.9,102.2
39,40,1,350,2,3.41,1.39,129.6,63.2,0.48,7.6,208.4
21,40,5,350,1,0.83,1.42,87.3,66.0,0.26,1.5,96.2
23,40,1,350,2,0.94,0.82,174.6,63.3,0.35,0.8,179.9
20,40,4,350,1,1.96,1.43,87.0,53.7,0.12,8.9,179.0
33,40,3,350,1,1.26,0.72,171.8,73.8,0.36,0.3,183.6
41,40,5,350,2,3.48,0.74,146.1,75.9,0.19,0.6,117.0
23,40,3,350,2,1.63,1.29,177.2,66.0,0.15,1.8,122.6
22,40,0,350,2,1.58,1.16,112.1,66.9,0.46,1.4,185.8
29,40,5,350,2,2.36,1.25,114.1,67.1,0.12,2.3,126.8
23,40,5,350,2,2.76,0.74,174.0,69.0,0.45,1.7,126.0
26,40,5,350,2,1.45,1.3,117.0,72.6,2.93,1.3,166.5
20,40,5,350,2,3.04,1.28,113.3,66.7,0.19,1.2,105.6
44,40,4,350,1,2.04,0.4,118.0,74.0,0.38,1.4,229.7
24,40,6,350,0,0.63,1.3,98.6,59.8,0.25,2.3,245.0
34,40,4,350,0,2.93,0.95,219.1,64.2,0.29,1.5,123.4
43,40,6,350,2,1.12,0.92,233.2,67.1,0.12,2.9,114.6
25,40,2,350,2,1.92,0.61,113.8,67.0,0.12,0.7,224.8
34,40,0,350,1,1.71,1.33,102.7,72.1,0.13,1.3,111.5
26,40,5,350,2,3.4,1.4,220.5,68.7,0.14,1.9,106.8
26,40,2,350,2,1.73,0.73,105.0,64.1,0.16,0.3,114.8
27,40,0,350,0,1.42,1.17,98.0,59.9,0.39,0.7,156.9
35,40,5,350,2,1.83,1.05,111.3,66.5,0.41,1.0,99.2
41,40,5,350,2,1.65,0.47,148.6,72.2,0.27,0.7,129.7
31,40,3,350,2,1.25,0.8,89.5,66.7,0.36,0.3,82.2
42,40,3,350,2,2.98,0.61,123.2,70.0,0.31,9.9,146.6
20,40,2,350,1,3.21,0.96,75.7,55.5,0.15,0.7,176.9
36,40,2,350,1,0.54,0.92,107.3,65.1,0.44,2.7,124.8
27,40,6,350,0,1.98,0.54,172.2,56.6,0.23,0.1,94.1
40,40,6,350,0,1.89,0.41,108.7,70.3,0.25,0.5,128.7
30,40,6,350,0,2.96,0.35,90.3,60.7,0.17,2.9,131.3
40,40,4,350,0,1.1,0.26,123.2,64.0,0.24,0.4,106.9
39,40,2,350,2,0.88,1.2,118.6,69.8,0.39,8.5,169.8
23,40,6,350,2,0.58,1.46,101.9,63.0,0.31,3.0,146.6
25,40,6,350,2,1.69,1.19,134.2,66.3,0.12,2.5,143.2
41,40,0,350,0,1.57,0.88,131.4,70.8,0.41,1.8,233.4
27,40,4,350,1,2.24,1.35,132.7,63.8,0.3,8.7,101.4
22,40,5,350,2,1.4,0.62,221.0,64.8,0.42,0.6,129.7
20,40,6,350,2,0.87,0.26,66.5,61.4,0.4,2.4,104.7
29,40,6,350,0,3.16,0.46,121.3,61.6,0.12,0.9,114.6
30,40,6,350,0,1.6,1.27,90.3,62.4,0.11,2.1,170.6
26,40,4,350,2,3.35,1.2,109.6,67.1,0.26,2.1,85.4
26,40,3,350,2,1.01,1.32,161.6,75.5,0.15,2.4,147.2
27,40,2,350,0,1.78,0.42,74.2,60.2,0.26,0.4,107.4
38,40,3,350,1,2.32,0.45,136.6,65.9,0.44,2.0,97.8
42,40,1,350,1,3.01,0.54,102.1,73.6,0.12,1.0,159.7
22,40,5,350,0,1.2,1.15,84.2,62.5,0.27,2.3,90.0
44,40,2,350,2,1.04,0.78,154.4,70.5,0.37,8.1,135.3
26,40,1,350,1,3.04,0.78,77.9,66.7,0.48,2.9,125.8
38,40,1,350,0,1.43,1.16,101.4,70.6,0.24,2.8,135.5
39,40,2,350,1,1.3,0.82,108.5,66.9,0.22,7.4,173.4
41,40,2,350,2,0.86,0.48,122.1,70.2,0.34,0.5,58.6
43,40,5,350,2,2.76,0.56,144.2,77.4,0.44,2.7,110.8
22,40,1,350,0,2.57,1.39,51.7,56.1,0.32,7.7,141.4
36,40,5,350,0,1.96,1.04,94.8,68.1,2.63,2.8,250.0
22,40,5,350,2,1.47,0.49,109.6,63.4,0.29,2.2,144.0
40,40,5,350,1,1.95,1.38,250.0,60.8,1.15,2.7,128.3
35,40,5,350,1,1.95,0.85,132.0,67.8,0.11,1.2,128.0
25,40,4,350,2,2.28,1.18,101.6,58.2,0.35,1.0,128.2
26,40,4,350,1,1.17,0.84,122.2,69.2,0.24,0.2,89.9
38,40,4,350,1,3.22,1.03,119.4,72.7,0.19,1.7,113.0
35,40,2,350,0,2.31,0.27,85.6,60.4,0.46,8.9,174.6
38,40,5,350,0,3.44,0.58,104.2,76.4,1.66,1.9,248.8
43,40,5,350,0,0.51,0.85,136.5,64.7,0.31,0.9,83.7
41,40,0,350,2,2.12,0.61,217.2,81.7,0.25,1.2,151.0
29,40,4,350,0,3.4,0.52,75.9,63.7,0.13,2.6,110.2
43,40,1,350,1,2.88,0.84,143.1,70.7,0.43,2.4,129.8
20,40,6,350,1,3.35,1.26,99.1,63.0,1.47,3.0,187.6
34,40,5,350,1,0.5,0.26,114.9,65.0,0.31,2.0,122.0
39,40,2,350,2,1.86,1.14,155.1,69.8,0.33,0.5,123.7
34,40,3,350,2,1.5,0.59,110.3,62.5,0.27,7.3,250.0
25,40,2,350,2,0.52,1.3,117.0,52.9,0.11,1.4,214.2
25,40,4,350,1,1.79,1.12,238.3,64.6,0.42,1.8,196.0
39,40,0,350,1,2.83,0.55,207.6,60.9,0.4,1.2,173.4
27,40,4,350,1,1.84,0.67,183.4,67.7,0.28,2.9,153.8
28,40,0,350,0,2.76,0.32,163.2,61.7,0.34,1.8,105.4
39,40,3,350,1,1.86,0.44,139.5,63.1,0.14,2.6,115.4
25,40,0,350,1,2.23,1.0,94.0,59.4,0.36,1.5,109.8
21,40,6,350,2,2.89,0.71,104.2,62.6,0.42,2.5,116.0
32,40,4,350,1,1.86,0.91,99.2,70.7,0.18,2.9,131.8
27,40,2,350,0,1.29,1.49,101.0,62.8,0.22,2.7,150.0
45,40,4,350,1,0.84,1.47,119.0,69.1,0.14,2.5,154.2
45,40,2,350,1,1.8,1.04,137.2,65.8,0.29,9.3,248.8
39,40,2,350,1,2.54,1.46,143.3,67.3,0.44,1.3,139.2
32,40,1,350,0,1.42,1.22,211.9,58.5,0.29,0.0,132.2
39,40,4,350,1,2.86,1.01,128.0,63.4,0.25,2.1,110.9
44,40,5,350,0,0.93,0.77,127.8,65.6,0.45,0.8,150.4
25,40,1,350,2,1.85,0.31,99.8,71.5,0.14,2.1,134.5
44,40,1,350,2,2.38,1.06,140.8,67.0,0.35,2.6,133.2
30,40,2,350,2,1.85,1.42,125.1,65.0,0.39,1.1,106.4
39,40,5,350,1,0.6,0.38,118.9,65.5,0.12,1.8,153.2
33,40,3,350,0,2.14,0.34,96.7,58.5,0.39,2.2,105.4
44,40,6,350,0,1.41,1.18,145.1,75.5,0.16,7.4,143.8
23,40,1,350,1,2.34,1.26,91.8,61.7,0.29,2.1,125.0
31,40,5,350,2,2.76,0.77,115.5,67.4,0.41,1.4,154.0
39,40,3,350,0,3.49,1.35,113.3,60.4,2.37,2.0,101.2
42,40,4,350,1,0.54,1.38,143.0,67.5,0.36,0.3,168.0
25,40,6,350,0,2.98,1.05,58.6,69.1,0.19,0.3,219.5
25,40,6,350,1,1.25,0.26,161.6,52.8,0.12,9.8,142.4
21,40,2,350,2,1.36,0.81,215.6,71.7,0.27,0.1,76.5
23,40,3,350,2,1.86,0.28,106.3,64.6,0.13,7.1,245.5
32,40,2,350,0,0.83,0.33,72.1,63.6,0.25,0.9,127.2
35,40,0,350,2,0.73,0.9,218.7,65.5,0.27,0.4,128.0
38,40,3,350,1,2.84,0.65,120.3,57.9,0.46,2.2,131.4
30,40,5,350,2,0.5,1.33,122.5,60.5,0.35,0.4,121.0
35,40,6,350,2,0.68,0.42,116.8,74.7,1.78,2.4,142.1
43,40,5,350,0,3.09,1.36,114.4,69.3,0.24,1.7,93.8
29,40,1,350,0,3.47,0.98,107.0,69.1,0.33,1.8,146.8
32,40,0,350,0,2.06,0.81,84.2,58.5,0.41,1.5,204.3
34,40,5,350,2,2.92,0.36,135.6,58.6,0.24,0.1,119.5
28,40,6,350,0,0.61,1.34,192.9,56.2,0.12,2.5,131.5
33,40,0,350,2,2.22,0.73,115.6,69.5,0.43,0.4,144.5
35,40,1,350,2,1.62,0.98,120.9,63.5,0.36,1.3,97.6
23,40,5,350,2,3.2,1.02,136.7,60.8,0.47,0.4,127.2
21,40,1,350,2,2.61,1.04,87.6,58.7,0.47,2.9,168.3
30,40,5,350,1,0.53,0.69,118.7,74.6,0.19,2.4,137.6
39,40,0,350,2,3.32,1.06,151.1,65.9,2.23,2.5,152.0
39,40,1,350,1,0.93,0.68,126.4,70.2,0.29,1.3,133.0
31,40,1,350,1,1.16,0.86,109.8,69.2,1.72,1.3,149.4
39,40,4,350,0,1.42,0.87,124.1,56.5,0.43,2.2,135.7
29,40,6,350,2,3.02,0.98,119.1,56.2,0.4,1.0,132.7
45,40,1,350,0,1.39,0.49,121.6,63.0,0.33,1.2,93.8
44,40,3,350,2,1.83,0.82,123.2,75.1,0.39,1.1,139.2
24,40,2,350,1,0.53,1.25,84.6,65.9,0.16,1.6,121.2
22,40,4,350,2,2.89,1.49,129.5,60.6,0.16,2.5,203.6
42,40,2,350,2,2.28,1.22,113.2,67.7,0.34,0.9,213.0
43,40,1,350,2,3.46,0.53,192.5,68.8,0.4,1.2,111.4
36,40,1,350,2,1.08,0.83,204.8,66.5,0.35,2.1,78.9
24,40,2,350,2,3.04,1.07,101.2,57.8,0.12,0.6,102.5
28,40,3,350,1,1.57,0.47,66.3,58.5,0.47,1.1,100.9
37,40,4,350,0,1.5,0.76,98.6,64.0,1.89,0.2,143.4
20,40,1,350,2,2.76,1.34,90.0,62.0,0.43,0.6,102.8
41,40,2,350,0,3.3,0.63,114.3,58.5,0.45,2.1,225.3
21,40,3,350,0,2.12,0.48,94.3,64.0,2.46,0.5,208.2
36,40,4,350,1,2.38,1.18,211.2,66.1,0.31,0.4,115.0
26,40,4,350,0,2.78,0.83,169.6,53.6,0.19,0.9,107.0
35,40,5,350,1,1.75,1.0,108.9,74.5,0.45,2.1,126.5
40,40,5,350,0,3.2,1.05,101.0,68.9,0.34,2.3,140.0
42,40,3,350,0,3.49,1.44,112.4,63.8,0.26,2.3,136.5
33,40,6,350,1,1.72,0.86,126.8,74.7,0.21,1.5,120.5
40,40,5,350,2,2.98,0.4,124.5,73.0,1.1,1.6,151.7
38,40,5,350,1,1.21,0.41,112.1,73.5,0.45,1.4,85.2
38,40,6,350,1,3.33,0.56,129.6,58.5,0.11,0.2,82.9
22,40,3,350,0,2.87,0.73,73.6,59.1,0.27,2.9,138.8
22,40,0,350,2,1.72,1.33,80.5,63.8,0.38,1.7,131.0
43,40,2,350,0,1.72,0.41,124.6,70.9,1.38,0.8,120.7
34,40,4,350,1,2.08,1.05,119.4,68.4,0.19,1.4,112.0
33,40,5,350,0,1.15,0.82,97.2,66.2,1.53,1.1,126.8
32,40,3,350,2,1.36,0.57,104.3,70.7,0.43,1.9,250.0
37,40,2,350,0,0.95,1.22,100.0,62.9,0.49,2.6,243.6
61,40,8,350,4,8.51,2.16,237.9,87.2,0.17,1.8,227.0
62,40,18,350,3,3.25,1.91,227.2,82.9,0.19,2.8,250.0
57,40,13,350,4,4.88,4.39,218.2,82.6,0.28,2.4,225.5
48,40,17,350,5,3.63,4.08,242.4,80.2,0.5,2.7,232.8
50,40,15,350,5,4.12,2.08,212.9,77.8,0.14,1.7,250.0
50,40,15,350,3,4.18,2.5,215.8,80.7,0.4,2.8,250.0
56,40,8,350,3,7.35,1.8,250.0,85.2,1.05,1.1,250.0
70,40,10,350,3,5.15,2.0,250.0,89.7,0.3,3.0,250.0
60,40,8,350,4,7.32,2.49,237.7,80.2,0.29,3.0,224.0
53,40,16,350,5,5.14,2.45,250.0,82.3,1.27,0.6,243.4
59,40,14,350,3,7.63,1.76,209.1,80.1,0.17,2.5,250.0
58,40,18,350,3,8.95,1.98,222.3,83.7,0.24,0.5,229.4
75,40,8,350,3,7.74,3.83,249.7,91.1,0.15,2.4,230.8
47,40,14,350,3,4.93,1.7,224.0,77.4,2.37,9.1,250.0
67,40,10,350,3,5.93,1.7,220.2,82.7,0.18,1.0,246.4
63,40,18,350,5,6.95,2.24,240.2,87.7,0.35,0.5,250.0
61,40,12,350,3,8.52,4.11,240.2,82.0,0.28,0.1,189.4
66,40,14,350,4,4.65,4.37,250.0,92.4,1.39,0.0,250.0
50,40,9,350,3,5.32,3.96,184.9,75.7,0.25,0.4,250.0
57,40,13,350,5,3.15,4.01,249.2,80.8,1.97,2.5,250.0
73,40,14,350,3,8.79,2.75,250.0,84.8,0.41,2.0,250.0
48,40,11,350,5,7.49,4.11,232.6,86.5,0.35,2.8,250.0
56,40,8,350,4,6.55,4.14,239.2,91.3,0.14,2.9,242.6
57,40,7,350,3,7.5,3.33,250.0,81.1,0.31,1.8,250.0
54,40,11,350,3,8.93,2.45,230.4,81.3,0.15,0.0,236.8
64,40,10,350,4,6.56,3.43,250.0,83.9,0.24,0.5,234.6
63,40,10,350,5,3.42,1.66,234.6,85.2,0.44,9.0,229.2
48,40,7,350,5,3.32,2.14,229.3,84.0,0.18,2.9,250.0
46,40,13,350,4,4.38,2.08,191.1,76.8,0.43,1.9,250.0
62,40,16,350,5,4.02,2.3,250.0,88.5,0.24,2.5,250.0
63,40,14,350,4,7.15,3.83,250.0,90.0,0.11,2.0,250.0
69,40,15,350,3,3.17,3.33,250.0,87.1,0.15,1.6,250.0
68,40,11,350,4,7.13,3.92,250.0,95.0,0.4,0.4,250.0
66,40,11,350,4,7.28,4.29,250.0,87.3,0.15,0.3,250.0
63,40,10,350,5,7.71,3.25,250.0,91.5,0.4,2.3,250.0
66,40,11,350,3,6.41,2.68,250.0,89.1,0.18,2.6,250.0
64,40,11,350,4,5.63,4.24,245.9,86.2,0.18,2.8,250.0
52,40,12,350,5,7.68,3.05,238.6,89.6,0.5,2.5,245.2
75,40,16,350,5,7.05,4.06,250.0,95.0,0.39,0.4,250.0
56,40,7,350,5,7.85,3.08,229.0,79.4,0.1,1.3,240.8
64,40,17,350,4,6.4,2.25,250.0,81.6,0.13,1.9,250.0
58,40,7,350,5,5.11,4.12,234.8,85.9,0.47,1.2,250.0
70,40,18,350,3,6.12,3.45,248.9,83.2,0.4,2.6,250.0
72,40,18,350,4,6.0,3.34,250.0,84.9,0.39,1.0,240.2
68,40,16,350,4,3.23,3.95,250.0,83.2,0.46,1.3,250.0
64,40,15,350,4,5.76,3.27,230.9,88.0,0.35,0.3,250.0
75,40,17,350,5,8.85,4.35,250.0,94.7,0.47,2.8,250.0
71,40,16,350,4,7.18,4.09,250.0,95.0,0.23,8.8,250.0
65,40,12,350,4,4.47,3.98,248.7,90.5,0.19,1.8,223.0
50,40,16,350,5,6.02,3.13,250.0,93.8,0.24,9.6,250.0
47,40,7,350,5,7.02,2.2,213.8,80.7,0.41,1.2,211.2
75,40,8,350,4,6.0,3.49,250.0,95.0,0.3,2.1,250.0
46,40,13,350,4,8.75,4.49,200.9,82.4,0.11,1.5,250.0
57,40,13,350,5,4.44,3.53,241.1,87.2,0.31,2.5,250.0
52,40,15,350,4,6.83,4.1,250.0,74.7,0.34,2.3,250.0
67,40,17,350,3,5.15,3.39,250.0,80.7,0.4,2.9,250.0
67,40,13,350,4,5.23,2.25,250.0,86.8,0.5,0.9,225.2
65,40,17,350,5,8.4,2.69,250.0,89.1,0.23,0.8,225.6
48,40,14,350,4,4.78,2.25,214.6,85.6,0.29,2.0,248.8
55,40,8,350,4,8.99,3.11,219.4,73.2,0.18,10.0,228.5
49,40,12,350,4,5.7,3.57,237.5,71.6,0.14,0.8,244.2
47,40,7,350,5,5.26,3.66,190.8,89.5,0.12,7.7,250.0
70,40,10,350,4,4.05,4.07,239.3,83.0,0.32,2.1,250.0
65,40,16,350,3,8.54,3.25,239.7,94.3,0.31,1.1,250.0
56,40,10,350,5,7.73,3.74,240.4,95.0,0.42,0.0,250.0
47,40,18,350,5,6.75,2.67,250.0,87.3,0.37,0.8,246.2
71,40,7,350,4,7.36,2.04,250.0,91.7,0.3,0.1,200.8
57,40,7,350,5,6.62,4.26,237.8,84.3,0.38,0.9,250.0
47,40,8,350,4,8.23,2.39,196.0,73.5,0.25,0.5,250.0
53,40,11,350,3,4.83,3.01,250.0,72.3,0.11,2.6,235.6
72,40,17,350,5,5.98,2.24,250.0,95.0,0.34,1.8,232.1
47,40,11,350,5,7.49,4.18,224.8,92.3,0.16,1.3,237.0
53,40,12,350,4,6.0,1.73,220.7,74.0,0.41,2.7,250.0
47,40,18,350,3,7.26,2.5,230.0,74.1,0.45,0.1,250.0
70,40,18,350,4,5.6,3.21,250.0,81.2,0.48,1.8,210.4
54,40,10,350,3,3.48,2.43,250.0,82.8,1.31,0.6,239.6
53,40,8,350,3,5.55,1.76,196.9,79.0,0.23,2.5,246.2
50,40,9,350,3,8.08,2.05,217.8,78.0,2.89,1.1,250.0
57,40,10,350,4,4.44,1.62,234.0,79.8,0.12,1.0,232.5
70,40,13,350,3,8.11,1.79,246.0,94.5,1.94,1.3,250.0
59,40,16,350,5,4.12,3.43,227.2,81.3,2.97,9.3,250.0
61,40,11,350,5,6.53,3.28,250.0,95.0,0.11,9.2,250.0
58,40,18,350,3,6.99,3.06,240.0,82.0,0.19,1.2,250.0
57,40,11,350,3,6.94,2.05,250.0,83.1,0.48,2.2,250.0
66,40,17,350,3,5.72,3.46,250.0,90.4,0.47,1.2,250.0
71,40,7,350,4,6.77,2.13,250.0,89.8,0.49,0.5,225.1
60,40,18,350,5,6.44,4.33,250.0,81.7,0.19,1.8,250.0
48,40,18,350,3,5.01,3.79,216.0,75.2,0.45,1.0,250.0
67,40,17,350,4,7.46,3.52,250.0,85.0,0.22,0.9,200.9
54,40,15,350,5,5.84,3.96,250.0,81.1,0.24,0.7,198.1
52,40,11,350,4,4.78,2.15,194.4,88.9,2.18,1.9,250.0
63,40,7,350,3,6.07,1.79,192.1,85.6,0.43,0.8,250.0
46,40,14,350,3,6.62,1.71,250.0,78.4,0.3,2.2,189.0
73,40,15,350,3,8.48,1.85,250.0,86.6,0.12,2.1,202.6
46,40,17,350,3,5.61,1.83,176.8,77.3,0.49,1.8,250.0
55,40,12,350,3,5.41,2.53,193.4,84.6,0.19,2.9,205.8
70,40,15,350,4,3.73,1.84,250.0,86.0,0.33,1.4,250.0
48,40,9,350,3,6.66,1.6,192.8,65.4,0.48,0.0,250.0
62,40,11,350,3,8.24,4.14,246.3,79.4,0.19,2.0,250.0
70,40,14,350,3,4.31,2.21,250.0,89.7,0.16,1.2,214.3
67,40,17,350,4,8.28,1.89,250.0,82.7,0.17,0.3,236.2
60,40,7,350,3,3.74,3.48,207.7,87.6,0.22,2.1,234.6
62,40,8,350,4,7.34,4.18,232.6,85.2,0.34,7.9,250.0
54,40,9,350,4,8.78,4.07,223.9,81.1,0.18,1.7,214.0
63,40,8,350,5,5.77,4.23,250.0,90.7,0.17,9.7,250.0
54,40,12,350,3,3.75,4.31,205.4,82.2,0.21,0.9,250.0
51,40,10,350,4,8.57,2.28,223.3,76.7,0.47,1.3,250.0
72,40,16,350,5,7.49,2.05,250.0,95.0,0.19,2.3,250.0
62,40,15,350,5,5.24,3.5,250.0,88.6,0.5,1.3,250.0
48,40,16,350,4,7.15,2.91,250.0,79.8,0.42,0.7,250.0
51,40,11,350,3,3.93,2.73,250.0,72.1,0.3,2.7,250.0
62,40,15,350,4,3.89,2.37,250.0,77.1,0.3,0.5,250.0
70,40,12,350,5,5.85,4.16,250.0,95.0,0.16,1.7,200.4
66,40,17,350,5,7.97,4.29,250.0,86.7,0.34,8.5,250.0
50,40,15,350,3,7.08,2.05,192.0,78.2,0.18,0.7,250.0
64,40,10,350,5,5.57,4.21,250.0,95.0,0.14,0.8,233.8
73,40,15,350,3,6.64,2.9,250.0,82.0,0.27,0.1,250.0
48,40,18,350,3,4.65,4.43,228.9,69.5,1.94,1.4,250.0
64,40,7,350,4,3.55,3.96,250.0,83.2,0.35,1.2,250.0
65,40,17,350,5,8.54,4.1,250.0,81.4,0.48,9.1,250.0
73,40,9,350,4,8.93,1.82,250.0,90.4,0.25,0.2,250.0
69,40,10,350,4,6.18,1.91,236.9,89.0,0.24,0.9,221.6
62,40,12,350,5,5.96,1.78,248.2,90.1,0.38,1.3,200.2
51,40,8,350,5,4.51,3.72,214.8,87.3,0.37,1.4,227.6
49,40,9,350,3,4.49,3.69,190.0,80.6,0.2,0.2,250.0
52,40,8,350,4,4.0,4.15,217.2,81.1,0.34,1.1,244.8
66,40,9,350,3,5.59,3.78,250.0,93.4,0.41,7.9,219.2
69,40,10,350,3,8.98,3.65,235.9,83.4,0.35,7.3,250.0
48,40,7,350,4,5.37,3.79,185.4,83.5,0.36,7.5,232.4
51,40,18,350,4,3.41,2.73,238.9,81.6,0.14,2.4,239.3
47,40,9,350,5,6.26,2.37,200.7,69.9,0.16,0.5,206.0
60,40,11,350,5,5.42,3.21,228.8,85.6,0.16,1.4,250.0
59,40,7,350,3,5.18,1.89,201.8,87.3,0.48,2.0,250.0
60,40,14,350,3,8.52,4.46,248.0,79.4,0.18,2.5,250.0
73,40,9,350,5,5.99,3.64,250.0,94.0,0.42,2.8,243.8
60,40,7,350,5,7.07,3.44,250.0,89.0,0.44,1.0,250.0
47,40,18,350,4,4.25,2.6,227.7,68.8,0.15,0.1,233.5
55,40,14,350,5,5.95,4.39,250.0,81.3,0.24,0.3,198.5
59,40,10,350,5,7.92,3.06,230.9,94.5,0.35,0.7,249.8
48,40,8,350,4,3.36,2.16,193.8,85.1,0.38,3.0,246.2
61,40,18,350,3,5.26,1.94,242.1,82.9,0.41,0.4,215.6
66,40,9,350,4,4.67,3.6,230.0,70.5,0.27,1.4,250.0
60,40,8,350,3,3.19,2.04,208.0,69.2,0.43,2.1,250.0
52,40,10,350,5,5.8,2.74,250.0,82.1,0.22,2.7,250.0
70,40,15,350,3,6.87,3.55,247.1,81.3,0.35,2.1,232.9
72,40,14,350,5,8.2,2.63,250.0,95.0,0.43,2.3,250.0
64,40,8,350,3,3.76,1.65,220.3,88.0,0.47,0.7,250.0
73,40,11,350,5,6.49,3.73,250.0,94.3,0.34,1.5,231.6
74,40,16,350,4,8.09,2.32,250.0,83.1,1.44,1.4,248.6
55,40,8,350,4,7.78,1.84,221.3,71.9,0.17,0.0,218.0
49,40,15,350,4,5.9,2.93,222.1,82.6,0.48,1.0,230.9
53,40,7,350,5,7.49,3.81,215.5,88.4,0.12,2.4,224.6
56,40,12,350,5,4.82,3.05,220.2,88.7,0.42,8.3,232.6
49,40,16,350,4,5.76,2.77,214.4,85.4,2.28,1.1,249.6
52,40,8,350,3,4.03,1.55,197.2,81.5,0.35,2.4,250.0
51,40,13,350,3,3.61,2.81,211.6,72.4,0.16,1.4,250.0
63,40,14,350,5,6.74,4.27,250.0,93.6,0.35,1.8,250.0
52,40,13,350,3,3.39,4.01,250.0,67.7,0.37,2.5,250.0
61,40,17,350,5,5.25,4.18,250.0,91.0,1.33,2.1,250.0
58,40,12,350,5,7.98,3.7,250.0,84.0,0.16,2.1,228.4
48,40,13,350,5,4.56,1.67,250.0,80.6,0.13,1.1,250.0
63,40,13,350,3,6.0,2.72,218.6,87.0,0.28,2.0,240.2
75,40,15,350,5,6.46,3.25,250.0,95.0,0.35,0.1,250.0
75,40,10,350,3,8.66,3.01,229.0,91.0,0.25,1.7,250.0
69,40,11,350,4,6.69,4.0,250.0,80.2,0.47,0.8,220.7
62,40,11,350,4,8.77,4.15,245.5,88.3,0.28,1.4,244.9
54,40,9,350,4,6.65,2.48,210.8,86.3,0.41,0.7,239.2
73,40,7,350,3,5.72,3.73,235.8,77.7,0.18,1.4,230.8
56,40,14,350,4,5.11,3.75,230.6,78.2,0.2,7.2,250.0
46,40,13,350,3,6.56,3.9,223.2,72.0,0.46,2.0,243.5
72,40,7,350,3,3.26,3.1,236.6,83.6,0.34,0.4,244.5
61,40,12,350,4,5.1,2.38,229.6,88.4,0.17,1.4,240.8
52,40,13,350,5,4.66,3.67,238.0,84.4,1.34,2.9,250.0
73,40,7,350,3,8.55,4.38,233.4,88.9,0.27,0.9,250.0
73,40,14,350,4,4.66,4.26,250.0,83.1,0.18,1.2,250.0
55,40,7,350,5,4.04,3.69,250.0,86.5,0.14,0.1,248.2
67,40,17,350,5,8.21,4.34,250.0,83.7,0.33,2.6,195.1
54,40,17,350,4,3.5,2.3,245.8,85.0,0.33,2.4,230.4
48,40,13,350,3,5.01,4.01,181.1,66.3,0.4,0.2,237.6
64,40,8,350,3,8.5,2.83,217.0,90.7,0.49,2.4,250.0
61,40,7,350,4,7.18,2.62,230.9,76.5,0.26,0.9,245.6
60,40,17,350,4,6.33,4.19,250.0,81.3,0.5,0.5,250.0
63,40,17,350,3,8.25,1.74,238.6,84.0,0.39,2.0,250.0
67,40,10,350,4,5.33,4.17,250.0,84.1,0.19,2.0,250.0
75,40,16,350,5,4.27,3.92,250.0,90.8,0.44,2.2,250.0
59,40,7,350,5,7.65,4.4,250.0,91.5,0.27,0.3,240.3
67,40,13,350,5,3.67,2.61,250.0,83.8,0.36,8.3,236.3
67,40,8,350,3,8.78,2.8,235.2,76.6,0.16,0.1,212.8
55,40,14,350,3,3.98,1.59,201.8,74.9,0.32,0.2,243.5
52,40,14,350,3,5.92,3.16,210.0,83.7,0.11,2.8,234.8
58,40,8,350,4,6.66,4.21,238.0,85.1,0.4,1.1,250.0
64,40,8,350,4,7.48,2.7,223.3,81.8,0.31,2.2,217.0
75,40,8,350,3,6.9,4.33,250.0,88.7,0.16,2.1,250.0
49,40,15,350,3,5.44,2.93,204.7,81.7,0.15,0.2,250.0
72,40,10,350,5,5.63,2.76,250.0,90.2,0.39,0.2,250.0
58,40,10,350,4,5.75,1.74,250.0,82.9,0.38,1.6,250.0
74,40,9,350,3,4.91,2.08,250.0,88.8,0.41,0.1,246.4
53,40,7,350,5,8.71,4.34,239.5,76.8,1.62,2.4,250.0
65,40,9,350,5,3.42,3.73,239.9,86.4,0.29,7.9,250.0
58,40,8,350,5,3.18,1.99,225.1,91.9,0.26,0.8,233.5
55,40,15,350,5,8.84,3.48,250.0,84.0,0.15,1.9,250.0
67,40,10,350,3,8.5,2.72,226.8,95.0,0.27,1.6,226.0
64,40,7,350,5,6.75,4.36,242.4,84.9,0.2,1.2,212.4
58,40,9,350,3,6.83,1.98,216.3,75.1,0.47,0.0,224.4
48,40,7,350,3,7.96,4.45,205.2,70.3,0.47,1.6,250.0
63,40,8,350,3,7.9,4.28,217.3,81.1,0.26,1.3,191.5
71,40,13,350,4,7.74,1.84,250.0,89.6,0.47,1.4,250.0
49,40,14,350,3,3.87,2.41,183.0,73.7,0.11,0.2,221.2
66,40,18,350,4,8.28,4.36,250.0,89.6,0.33,0.9,250.0
61,40,12,350,3,5.09,4.23,218.8,81.6,2.7,1.0,250.0
70,40,13,350,5,4.03,1.51,250.0,95.0,0.45,2.2,226.0
66,40,18,350,3,5.17,2.24,250.0,82.4,0.33,1.6,208.4
58,40,13,350,3,8.93,3.78,211.5,73.4,0.2,0.1,227.0
47,40,9,350,4,4.37,2.05,197.9,79.9,0.49,1.2,250.0
48,40,9,350,4,4.81,2.66,223.7,75.6,0.24,2.8,250.0
60,40,13,350,5,6.55,3.95,250.0,86.1,0.15,0.5,250.0
60,40,12,350,5,8.1,3.65,248.1,84.7,0.14,0.1,222.0
69,40,14,350,3,5.91,3.45,250.0,93.1,0.4,0.3,250.0
53,40,11,350,5,4.7,3.97,219.5,87.7,0.31,0.9,240.4
48,40,15,350,4,7.43,3.35,250.0,76.7,0.12,2.5,212.4
54,40,14,350,5,8.2,3.36,232.6,81.4,0.49,0.5,250.0
48,40,8,350,4,3.71,2.52,201.8,86.1,0.47,2.0,250.0
58,40,10,350,5,8.57,2.68,250.0,93.1,0.18,2.7,229.7
52,40,9,350,5,5.46,2.99,246.0,90.0,1.73,0.1,207.5
54,40,11,350,4,7.32,3.06,217.6,90.6,2.92,1.4,250.0
52,40,7,350,4,4.31,3.35,181.2,83.5,0.22,2.8,250.0
75,40,17,350,5,6.25,3.29,250.0,85.4,0.32,0.2,250.0
49,40,18,350,5,3.68,3.63,239.3,75.6,0.18,2.0,250.0
55,40,9,350,4,5.57,3.5,250.0,88.0,0.11,1.3,250.0
71,40,16,350,3,7.08,4.26,249.7,87.2,0.1,0.8,250.0
62,40,10,350,5,7.44,2.71,250.0,87.3,0.21,0.4,250.0
72,40,18,350,4,8.69,3.11,250.0,89.5,0.17,2.3,250.0
73,40,18,350,3,6.24,4.09,250.0,91.4,0.31,0.0,250.0
47,40,18,350,5,4.46,4.49,247.7,78.7,0.13,9.7,250.0
68,40,7,350,4,4.8,3.38,250.0,91.7,0.42,1.7,212.2
64,40,11,350,4,3.91,4.31,232.4,87.8,0.45,0.3,239.7
59,40,12,350,3,8.48,2.69,200.0,81.0,0.22,0.8,238.5
64,40,14,350,5,3.88,2.7,231.9,86.2,0.15,8.3,250.0
60,40,10,350,4,5.07,3.71,232.4,85.0,1.92,1.4,250.0
58,40,8,350,5,6.6,3.47,250.0,91.1,0.32,0.2,186.8
69,40,17,350,5,5.17,4.41,250.0,83.9,0.49,2.8,250.0
46,40,9,350,3,5.67,3.52,181.3,68.8,0.24,0.5,248.2
73,40,14,350,3,8.49,2.64,250.0,85.3,0.26,8.5,241.4
53,40,17,350,5,4.0,4.22,242.8,79.0,0.49,1.0,233.4
50,40,13,350,3,4.53,2.46,207.7,78.9,0.39,0.8,240.4
56,40,10,350,4,6.9,3.52,222.6,81.6,0.33,2.8,250.0
62,40,13,350,3,3.18,3.39,231.8,82.6,0.3,0.9,250.0
60,40,10,350,5,8.9,3.83,250.0,86.2,0.24,2.9,235.2
67,40,14,350,3,8.97,2.81,250.0,81.3,0.26,9.5,250.0
59,40,11,350,5,5.36,1.51,221.5,85.9,0.38,0.6,250.0
59,40,9,350,5,6.61,3.49,250.0,86.3,0.12,2.1,250.0
74,40,9,350,4,7.62,3.27,250.0,94.5,0.4,2.3,250.0
67,40,17,350,5,6.81,4.34,250.0,94.3,0.15,1.3,250.0
74,40,15,350,3,7.41,4.14,250.0,90.2,0.33,1.6,239.6
66,40,14,350,5,7.47,2.5,246.2,92.2,0.14,2.3,243.8
59,40,8,350,3,3.75,3.79,229.1,75.7,2.55,2.6,250.0
69,40,11,350,3,8.07,3.64,233.7,83.4,0.24,0.8,250.0
59,40,16,350,4,3.67,3.39,238.9,83.7,0.11,2.5,207.5
73,40,7,350,4,7.17,2.32,250.0,84.5,0.23,1.9,224.1
46,40,13,350,5,5.22,2.34,197.1,85.2,0.13,0.2,249.0
56,40,10,350,3,8.7,2.48,214.0,76.8,0.28,0.5,250.0
55,40,10,350,5,6.55,3.12,246.3,91.1,0.37,2.7,228.7
67,40,14,350,3,4.41,4.4,250.0,86.7,0.49,1.3,213.6
58,40,17,350,3,3.69,3.07,213.7,80.5,0.11,0.3,250.0
49,40,16,350,3,7.57,1.9,201.7,74.0,0.14,7.5,250.0
73,40,8,350,5,5.39,3.26,250.0,95.0,0.41,2.3,246.6
61,40,15,350,3,8.7,2.64,231.5,86.5,0.3,2.8,216.4
73,40,13,350,3,7.69,1.56,232.4,82.3,2.4,2.8,250.0
49,40,16,350,4,4.75,2.93,202.1,75.8,0.45,1.2,238.4
52,40,9,350,3,5.76,3.67,250.0,76.1,0.21,1.7,210.6
56,40,16,350,3,3.55,3.71,227.4,85.2,0.29,2.3,250.0
49,40,10,350,4,8.37,2.14,201.5,81.9,0.46,1.9,248.8
64,40,10,350,5,7.86,2.97,244.7,91.5,0.2,1.9,244.4
72,40,12,350,3,8.49,4.21,235.2,83.8,0.11,1.4,250.0
52,40,10,350,3,5.44,3.44,234.8,77.8,0.34,1.6,250.0
73,40,8,350,3,7.64,4.03,250.0,89.1,0.15,0.1,226.4
61,40,17,350,4,8.31,4.19,250.0,88.2,0.31,2.3,250.0
55,40,8,350,4,7.96,1.82,223.8,82.5,1.76,1.4,246.7
69,40,7,350,4,4.6,2.44,250.0,89.6,0.18,2.5,250.0
46,40,15,350,5,3.92,1.62,215.4,76.3,0.37,2.0,249.2
49,40,13,350,5,5.29,1.52,250.0,83.9,2.39,2.5,250.0
47,40,13,350,5,5.23,4.35,236.7,87.6,0.15,2.9,234.6
73,40,11,350,3,3.34,2.21,250.0,74.9,0.24,0.4,250.0
51,40,16,350,4,7.66,4.2,222.2,80.1,0.26,1.7,250.0
74,40,13,350,4,8.98,3.77,250.0,90.6,0.12,0.5,227.4
68,40,12,350,5,7.15,2.97,250.0,90.3,0.16,0.7,250.0
53,40,13,350,3,7.46,4.19,223.9,77.4,1.8,1.0,250.0
66,40,16,350,4,7.73,1.8,250.0,83.0,0.45,1.0,245.8
66,40,17,350,5,6.49,4.28,250.0,82.4,0.45,8.6,242.4
63,40,13,350,3,4.56,4.35,235.5,83.4,0.48,1.3,250.0
64,40,11,350,3,5.71,2.38,205.6,86.8,0.17,1.0,250.0
50,40,13,350,4,3.66,2.51,241.9,79.3,0.43,2.7,244.3
72,40,10,350,3,4.84,1.84,250.0,72.6,1.53,1.2,250.0
56,40,15,350,3,5.1,2.18,228.4,86.4,2.42,2.7,250.0
72,40,15,350,5,5.3,3.08,250.0,92.5,0.46,0.9,250.0
69,40,16,350,3,4.1,3.47,234.6,85.9,0.46,2.1,250.0
60,40,12,350,5,6.93,1.89,250.0,88.9,0.46,1.0,232.2
68,40,9,350,4,6.1,3.83,250.0,75.9,0.27,0.1,250.0
52,40,10,350,3,8.71,3.68,221.8,72.7,0.31,1.4,250.0
68,40,10,350,5,4.78,2.35,250.0,87.9,0.48,0.6,250.0
70,40,18,350,5,5.76,2.01,250.0,90.6,0.25,1.0,247.6
59,40,17,350,5,7.68,2.38,250.0,88.3,0.18,0.2,230.3
59,40,8,350,5,6.98,3.89,240.3,90.6,0.41,0.3,250.0
72,40,10,350,3,3.32,2.33,226.9,78.2,0.16,1.1,244.8
61,40,11,350,3,4.42,3.07,250.0,81.5,0.27,2.2,250.0
70,40,9,350,4,6.19,2.97,238.5,83.9,0.13,2.7,228.1
69,40,8,350,5,3.96,2.25,250.0,84.4,0.47,0.3,250.0
48,40,8,350,5,7.47,3.55,216.7,88.5,0.17,0.6,238.8
62,40,9,350,5,8.81,4.01,250.0,84.4,0.42,2.1,244.8
54,40,7,350,5,8.01,2.5,234.2,86.6,0.4,0.9,244.4
53,40,8,350,4,5.37,2.77,231.1,78.0,0.45,2.1,245.9
61,40,9,350,5,5.27,2.48,235.3,88.4,0.16,2.4,250.0
46,40,8,350,5,5.69,1.9,231.8,79.2,0.42,7.2,250.0
53,40,18,350,5,4.77,4.21,250.0,84.9,0.13,2.2,250.0
62,40,10,350,4,4.77,4.33,243.2,80.5,0.28,0.3,233.0
50,40,14,350,3,7.55,3.41,250.0,73.8,2.26,1.7,250.0
50,40,9,350,5,8.64,4.08,227.7,79.9,0.44,0.6,182.6
53,40,13,350,5,8.84,2.06,240.0,78.4,1.5,1.8,242.4
47,40,8,350,4,3.19,2.76,173.9,80.0,2.14,8.9,250.0
48,40,9,350,4,3.52,2.25,213.6,78.0,0.4,3.0,250.0
72,40,18,350,4,5.38,2.91,250.0,87.6,0.16,0.5,242.4
64,40,12,350,4,5.27,3.01,250.0,82.2,0.49,9.7,250.0
52,40,17,350,5,6.99,3.12,238.2,93.4,0.32,2.0,250.0
54,40,10,350,4,5.04,3.52,250.0,88.2,0.48,0.4,249.7
66,40,18,350,3,8.73,3.0,250.0,87.8,1.65,2.4,250.0
64,40,13,350,4,7.87,3.85,241.1,87.7,0.24,1.8,238.2
52,40,17,350,4,7.71,2.33,250.0,77.5,0.35,1.5,250.0
49,40,17,350,5,5.21,2.48,228.3,75.8,2.81,1.6,250.0
47,40,7,350,3,4.57,3.53,250.0,86.2,0.13,2.7,250.0
60,40,12,350,4,9.0,1.62,250.0,85.3,0.31,1.9,250.0
62,40,18,350,3,7.86,4.09,239.0,84.7,0.35,7.9,248.4
71,40,13,350,5,8.41,2.0,250.0,87.1,0.46,1.6,250.0
61,40,12,350,3,5.05,2.86,215.5,82.1,0.25,2.8,249.6
65,40,11,350,3,7.66,2.18,243.2,78.2,0.26,2.0,250.0
53,40,11,350,5,6.24,2.27,236.0,85.6,0.21,8.5,250.0
54,40,14,350,3,8.91,4.06,250.0,81.0,0.41,2.2,250.0
60,40,7,350,5,3.98,3.47,245.5,84.0,0.38,1.8,250.0
73,40,10,350,4,4.74,2.92,242.6,94.8,0.14,2.4,250.0
70,40,14,350,4,3.98,2.98,250.0,82.8,0.44,1.6,250.0
58,40,12,350,4,5.54,3.54,250.0,90.8,0.49,9.3,250.0
53,40,17,350,5,4.13,4.03,250.0,76.6,0.49,1.2,222.8
51,40,14,350,5,6.54,3.97,236.8,84.4,2.04,1.3,250.0
46,40,9,350,4,7.75,2.18,211.3,79.6,0.19,1.9,250.0
47,40,18,350,4,7.72,3.53,250.0,71.7,0.44,2.4,250.0
68,40,18,350,5,7.18,2.8,250.0,92.1,0.38,0.6,250.0
59,40,11,350,4,8.59,2.37,250.0,76.9,0.19,9.8,250.0
75,40,10,350,5,8.57,3.36,250.0,91.0,0.47,0.0,250.0
60,40,17,350,4,8.15,3.72,239.5,83.0,0.39,0.4,250.0
70,40,18,350,5,7.43,3.89,250.0,95.0,0.25,9.0,241.0
64,40,12,350,4,3.99,3.97,250.0,82.5,0.36,1.3,245.0
49,40,12,350,3,6.1,1.68,205.7,71.2,0.29,0.4,250.0
66,40,10,350,4,6.87,4.47,235.0,81.4,0.38,0.9,250.0
66,40,12,350,5,6.98,2.86,250.0,86.8,0.3,1.7,250.0
67,40,18,350,3,3.58,3.47,250.0,88.6,0.36,1.8,239.1
75,40,9,350,5,3.88,4.09,250.0,95.0,0.25,1.0,250.0
53,40,9,350,4,8.12,3.43,227.4,72.7,0.45,2.6,250.0
69,40,13,350,3,5.35,2.07,247.0,76.8,0.24,2.1,250.0
54,40,7,350,3,6.72,4.16,250.0,84.8,0.42,2.7,250.0
72,40,7,350,3,7.09,4.35,250.0,87.3,0.19,1.0,231.2
56,40,11,350,4,7.99,2.43,250.0,82.1,0.5,0.2,234.6
64,40,7,350,3,5.77,2.49,224.9,76.3,0.36,2.4,247.8
51,40,10,350,3,8.96,4.3,226.4,71.6,0.23,1.3,250.0
48,40,10,350,4,7.79,3.16,234.0,78.2,0.3,0.9,250.0
48,40,11,350,4,5.12,2.55,250.0,83.1,0.23,2.7,250.0
65,40,7,350,4,5.95,4.42,248.2,78.3,0.38,2.0,250.0
75,40,9,350,4,6.61,2.74,250.0,88.0,0.28,1.7,250.0
52,40,13,350,5,3.27,2.81,250.0,71.9,0.45,1.6,250.0
66,40,8,350,4,3.65,2.34,240.3,81.7,0.36,1.9,241.6
73,40,11,350,4,3.94,3.81,250.0,85.7,0.33,1.6,245.2
55,40,13,350,5,3.73,4.33,229.6,73.3,0.26,7.2,250.0
54,40,15,350,4,8.6,2.38,234.7,79.4,0.43,1.1,250.0
46,40,11,350,4,3.89,3.08,221.0,92.5,0.13,1.5,250.0
75,40,8,350,4,7.22,2.7,250.0,88.9,0.15,2.6,250.0
55,40,13,350,4,6.37,3.98,250.0,81.0,0.36,1.1,250.0
70,40,8,350,3,5.65,2.11,249.8,86.6,0.36,1.6,250.0
62,40,13,350,5,7.35,1.9,250.0,95.0,0.15,2.7,250.0
74,40,14,350,5,6.21,3.88,250.0,91.4,0.19,1.1,225.3
64,40,17,350,3,6.57,3.13,250.0,85.7,0.39,0.8,250.0
50,40,14,350,3,5.28,2.85,218.6,84.3,0.31,2.5,210.3
73,40,7,350,4,3.99,2.59,250.0,95.0,0.29,2.6,250.0
53,40,17,350,3,4.1,2.4,196.9,79.7,0.3,0.7,250.0
74,40,17,350,3,5.68,4.31,250.0,82.8,0.17,7.4,250.0
75,40,14,350,4,4.3,2.25,250.0,92.6,0.15,1.7,204.0
71,40,18,350,5,8.93,2.39,250.0,91.3,2.55,3.0,250.0
53,40,13,350,3,4.67,1.94,195.8,82.1,2.74,1.2,240.7
61,40,14,350,5,5.32,2.2,250.0,82.4,0.12,9.0,250.0
47,40,8,350,3,8.6,3.96,195.4,65.2,0.19,2.2,250.0
70,40,8,350,3,5.52,3.38,250.0,84.2,0.42,2.1,250.0
63,40,11,350,5,8.62,4.26,250.0,93.8,0.24,0.8,250.0
73,40,10,350,3,5.12,2.81,245.1,83.9,0.18,0.5,250.0
68,40,9,350,4,3.29,4.41,250.0,82.5,0.22,1.2,250.0
58,40,13,350,4,4.18,4.25,250.0,78.6,0.25,1.1,250.0
70,40,7,350,3,3.46,2.31,250.0,85.3,0.1,2.2,229.2
70,40,8,350,5,3.38,4.19,250.0,95.0,0.21,0.6,242.4
52,40,14,350,4,5.67,3.14,220.0,80.9,0.4,1.6,226.5
61,40,13,350,4,5.21,1.85,237.1,89.2,0.21,1.3,231.3
49,40,9,350,4,7.91,2.93,214.9,78.3,0.17,1.1,218.1
57,40,17,350,3,6.84,2.4,223.6,80.5,0.48,1.1,210.2
47,40,13,350,3,6.82,2.02,211.7,81.6,0.15,0.9,250.0
54,40,8,350,3,4.04,4.1,199.1,78.5,0.12,1.4,250.0
74,40,7,350,5,7.99,2.86,250.0,91.1,1.92,0.3,250.0
59,40,14,350,4,5.81,1.85,250.0,84.0,0.4,0.4,250.0
63,40,7,350,3,5.47,2.03,250.0,91.3,0.43,0.7,250.0
74,40,15,350,5,8.8,3.62,250.0,95.0,0.11,2.3,230.7
69,40,14,350,4,8.45,1.63,250.0,94.7,2.25,0.2,250.0
48,40,10,350,5,5.4,2.17,221.0,75.6,0.21,1.2,235.4
68,40,18,350,4,8.09,3.3,250.0,87.4,2.7,0.5,250.0
67,40,14,350,3,3.26,3.49,228.0,86.5,0.45,0.9,250.0
63,40,12,350,4,8.66,3.15,250.0,91.1,0.25,2.1,215.9
70,40,8,350,5,8.89,2.0,250.0,95.0,0.16,0.9,250.0
57,40,7,350,3,5.38,2.67,204.8,83.4,0.1,9.8,250.0
69,40,14,350,4,3.34,3.33,244.6,84.6,1.58,2.5,250.0
69,40,16,350,3,3.53,1.69,223.8,88.4,2.33,2.2,250.0
58,40,14,350,3,8.61,1.61,250.0,74.6,0.22,1.3,250.0
55,40,10,350,3,6.96,4.16,250.0,82.7,0.49,0.2,250.0
53,40,14,350,5,6.55,2.61,242.1,84.6,1.66,1.1,250.0
46,40,17,350,4,4.19,1.73,250.0,79.0,0.15,0.4,228.2
49,40,16,350,5,8.95,3.54,250.0,88.1,0.36,2.8,232.0
49,40,12,350,4,8.18,3.04,224.5,85.0,0.26,2.0,216.7
56,40,8,350,3,8.66,3.54,216.8,85.2,0.17,1.4,244.6
51,40,7,350,3,6.33,3.85,205.8,82.3,0.31,1.7,250.0
61,40,8,350,5,3.63,2.53,237.1,82.8,0.24,7.6,250.0
64,40,14,350,3,5.33,2.75,244.0,95.0,0.3,0.1,250.0
58,40,17,350,4,5.97,2.89,225.2,84.2,0.29,2.4,219.0
60,40,10,350,4,3.83,4.02,247.1,82.9,1.3,2.3,250.0
51,40,12,350,4,8.6,3.48,206.2,75.3,2.27,2.7,250.0
68,40,7,350,5,3.51,4.39,250.0,91.9,0.4,0.8,201.8
71,40,7,350,3,8.38,2.83,224.2,93.3,0.16,1.1,238.2
53,40,8,350,4,3.97,2.9,193.0,80.3,1.38,10.0,250.0
55,40,7,350,3,3.64,3.51,231.9,81.6,2.53,1.2,250.0
72,40,11,350,5,6.13,1.53,250.0,91.4,2.7,1.1,250.0
65,40,12,350,4,7.98,4.03,250.0,75.4,0.45,2.4,248.2
69,40,7,350,3,7.38,3.95,250.0,82.9,0.46,2.5,250.0
56,40,9,350,3,6.57,4.33,233.1,83.8,0.47,2.1,228.6
67,40,10,350,5,7.14,3.55,250.0,84.0,0.42,1.7,250.0
48,40,12,350,4,3.6,1.7,214.2,81.1,0.13,0.4,250.0
53,40,10,350,5,7.28,2.01,247.2,83.0,0.25,1.9,242.8
73,40,9,350,5,3.72,4.13,250.0,95.0,0.21,2.9,250.0
57,40,18,350,4,5.53,3.52,232.4,87.7,0.13,2.0,221.4
56,40,14,350,5,7.27,4.23,250.0,88.5,0.45,1.6,250.0
56,40,11,350,4,4.42,1.99,212.5,83.0,0.5,0.2,226.0
68,40,14,350,4,3.68,1.84,245.5,81.6,0.44,1.8,219.3
53,40,8,350,5,3.9,3.38,217.8,82.8,0.3,2.1,250.0
50,40,10,350,4,6.32,2.86,206.4,76.4,2.14,9.4,250.0
73,40,18,350,4,7.04,4.02,250.0,90.5,0.38,9.3,250.0
55,40,9,350,3,5.21,2.47,204.2,84.0,2.47,2.5,250.0
57,40,12,350,5,7.37,2.07,250.0,91.6,0.46,0.9,250.0
62,40,15,350,5,7.86,4.13,250.0,86.5,0.28,0.5,250.0
72,40,10,350,4,7.16,2.88,250.0,82.7,0.46,1.2,235.2
55,40,14,350,5,4.78,3.01,250.0,82.9,0.21,1.6,250.0
47,40,9,350,4,6.24,1.82,224.1,75.6,0.11,9.6,250.0
75,40,9,350,5,8.44,3.63,250.0,90.4,0.21,9.2,220.4
62,40,14,350,4,5.27,3.84,250.0,88.1,0.16,0.8,242.6
47,40,12,350,3,3.91,3.17,185.0,77.5,0.33,0.9,250.0
52,40,18,350,5,8.69,3.41,237.4,84.2,0.23,0.9,250.0
68,40,15,350,4,7.73,4.44,250.0,85.1,0.46,2.9,247.6
69,40,10,350,5,5.71,3.51,250.0,93.5,0.33,0.2,196.4
51,40,9,350,3,5.12,4.32,230.6,81.3,0.42,1.4,250.0
47,40,11,350,3,3.25,2.58,190.8,73.4,0.36,1.0,216.9
67,40,16,350,5,5.17,4.0,250.0,88.2,0.43,2.1,250.0
52,40,12,350,4,4.82,1.96,208.0,78.1,0.47,2.3,250.0
74,40,12,350,3,4.5,1.7,250.0,90.5,0.24,2.2,250.0
74,40,13,350,4,4.4,4.36,250.0,87.8,0.45,2.3,250.0
75,40,13,350,4,6.0,3.33,250.0,94.3,0.25,1.9,240.3
49,40,14,350,3,6.33,2.57,250.0,79.6,1.61,1.0,250.0
51,40,13,350,5,5.59,1.89,229.9,67.7,0.14,0.6,248.4
74,40,13,350,4,8.59,2.39,250.0,91.3,0.36,0.3,244.8
49,40,18,350,5,3.77,3.9,244.2,77.3,2.68,1.2,250.0
60,40,14,350,5,4.19,2.66,238.4,83.7,0.5,8.0,250.0
54,40,11,350,5,6.14,2.84,250.0,77.0,0.26,0.8,250.0
70,40,15,350,4,5.9,4.22,250.0,89.7,0.43,1.8,250.0
59,40,16,350,4,4.78,1.73,250.0,91.2,1.08,1.8,250.0
53,40,18,350,5,6.74,1.76,250.0,89.4,0.47,2.0,250.0
53,40,15,350,5,7.08,2.31,250.0,85.3,0.16,8.9,250.0
68,40,12,350,3,6.85,3.46,250.0,79.1,0.42,0.1,250.0
48,40,17,350,4,6.34,3.97,220.7,90.4,0.23,2.2,250.0
52,40,10,350,3,5.97,1.68,250.0,76.6,2.18,1.3,240.0
64,40,17,350,3,8.9,3.15,250.0,84.9,0.21,1.4,250.0
54,40,13,350,3,8.65,2.52,202.8,84.2,0.45,2.1,244.4
61,40,12,350,3,8.02,2.04,250.0,84.7,0.46,2.6,241.0
59,40,15,350,4,4.9,1.8,230.3,72.0,0.26,1.8,215.6
52,40,11,350,5,4.61,4.28,225.0,82.6,0.16,2.2,225.4
48,40,13,350,4,7.42,2.14,205.4,88.4,0.44,1.7,250.0
71,40,10,350,3,5.87,1.88,215.3,84.2,0.33,1.3,202.1
47,40,18,350,5,8.49,3.87,250.0,86.3,0.19,1.4,250.0
47,40,16,350,3,4.72,1.58,192.6,78.2,0.17,1.4,250.0
69,40,13,350,5,6.07,3.71,250.0,83.3,0.28,2.5,250.0
74,40,12,350,5,5.45,1.99,250.0,90.2,0.33,0.5,203.3
69,40,11,350,5,8.29,3.08,250.0,87.9,0.48,2.6,250.0
47,40,12,350,4,6.89,3.47,196.6,77.5,2.56,1.6,250.0
70,40,18,350,5,7.01,2.36,250.0,95.0,1.08,2.9,250.0
74,40,18,350,3,8.09,3.49,250.0,86.0,0.32,1.3,243.0
69,40,10,350,4,8.85,3.29,250.0,88.7,0.26,1.3,250.0
66,40,8,350,4,8.32,2.94,233.6,81.0,0.47,2.7,250.0
70,40,7,350,3,8.35,3.25,250.0,90.5,0.25,2.4,247.8
59,40,9,350,5,8.53,2.34,250.0,79.8,0.1,1.3,246.6
57,40,17,350,3,3.98,2.56,235.6,84.0,0.37,0.8,223.2
68,40,7,350,5,4.85,4.04,240.6,92.4,0.33,2.9,233.8
58,40,10,350,3,4.07,2.62,214.8,84.4,0.4,0.5,250.0
54,40,11,350,5,4.21,1.77,218.7,76.2,0.26,2.1,250.0
60,40,13,350,3,7.69,3.5,250.0,77.2,0.31,1.0,250.0
63,40,17,350,3,4.64,2.92,250.0,74.0,0.18,1.7,243.0
49,40,10,350,5,4.25,1.67,250.0,70.5,0.38,7.4,224.7
65,40,14,350,4,6.82,4.39,234.4,84.3,0.27,1.3,250.0
48,40,7,350,5,4.26,2.74,193.1,89.7,0.13,2.6,250.0
52,40,15,350,4,7.29,4.09,250.0,84.1,0.46,0.6,229.0
63,40,15,350,5,5.15,4.27,239.1,79.5,1.69,3.0,250.0
68,40,10,350,4,3.43,1.67,220.0,87.3,0.46,2.2,250.0
55,40,16,350,5,3.74,2.99,250.0,78.4,0.39,1.0,211.0
72,40,7,350,4,8.34,4.1,250.0,94.1,0.3,1.5,250.0
46,40,14,350,3,7.19,4.2,201.7,73.6,0.37,1.0,250.0
73,40,8,350,4,7.55,2.42,242.6,95.0,1.63,0.2,250.0
54,40,10,350,5,4.38,2.66,245.0,90.1,0.48,2.1,250.0
67,40,15,350,4,3.19,3.77,247.4,86.2,0.38,1.7,236.0
47,40,7,350,3,8.78,2.5,250.0,77.1,0.14,1.3,250.0
48,40,17,350,4,6.76,4.49,224.3,73.8,0.44,8.4,250.0
73,40,14,350,4,4.31,2.67,250.0,86.5,0.23,0.0,243.0
53,40,16,350,4,4.77,2.9,233.6,89.9,2.96,1.1,250.0
63,40,8,350,4,6.03,4.18,239.5,80.4,0.48,2.4,250.0
57,40,18,350,5,7.52,4.45,250.0,79.0,0.46,1.9,250.0
75,40,14,350,4,7.83,3.66,250.0,89.2,0.4,2.8,250.0
55,40,10,350,3,3.6,3.95,250.0,70.6,0.36,1.3,250.0
50,40,9,350,3,4.7,2.72,250.0,66.9,0.32,2.0,250.0
69,40,7,350,5,3.88,2.3,250.0,88.9,0.36,0.7,250.0
75,40,10,350,5,3.76,2.59,250.0,91.9,0.5,2.2,240.6
75,40,17,350,4,5.81,1.58,250.0,93.9,0.36,1.0,250.0
52,40,14,350,5,8.25,3.04,225.4,90.6,0.43,1.7,250.0
47,40,17,350,3,5.66,2.18,250.0,77.0,0.15,1.7,199.6
56,40,16,350,3,8.17,3.52,241.1,83.0,0.22,1.0,250.0
50,40,17,350,3,7.88,1.78,191.4,73.6,0.1,1.3,250.0
54,40,14,350,4,6.93,2.51,250.0,84.0,0.25,1.5,238.8
58,40,16,350,5,3.47,4.0,250.0,92.9,0.14,2.6,226.2
52,40,8,350,5,7.14,1.68,229.8,80.8,0.28,1.0,222.2
55,40,17,350,4,8.18,3.13,215.0,82.9,0.19,0.5,229.6
47,40,18,350,5,8.33,2.8,214.5,74.0,0.46,2.2,250.0
46,40,10,350,5,3.86,3.75,225.0,76.5,0.36,0.5,231.2
75,40,14,350,4,8.08,2.28,250.0,95.0,2.1,0.4,250.0
47,40,10,350,4,4.22,3.15,224.0,85.2,0.16,8.7,250.0
70,40,15,350,4,4.62,2.36,250.0,90.4,0.11,0.6,199.0
63,40,15,350,3,4.66,2.23,222.9,88.9,0.13,1.7,236.1
47,40,9,350,3,6.7,3.96,195.3,73.9,0.33,1.0,250.0
60,40,8,350,4,5.08,2.14,228.2,77.9,1.24,1.0,250.0
71,40,9,350,4,5.82,2.44,250.0,90.8,0.16,0.9,250.0
67,40,17,350,3,5.79,2.05,250.0,86.3,0.4,0.5,250.0
57,40,15,350,5,7.52,2.45,250.0,77.2,0.44,1.7,229.6
72,40,8,350,4,5.3,3.96,250.0,90.7,0.23,1.7,250.0
48,40,15,350,4,8.97,3.3,217.1,77.2,0.14,8.2,250.0
71,40,15,350,4,7.47,4.2,250.0,86.2,0.28,0.6,250.0
58,40,9,350,3,8.37,2.76,229.9,81.1,0.42,1.8,163.5
75,40,7,350,4,3.35,1.87,250.0,90.9,0.29,2.1,247.4
46,40,7,350,3,3.97,1.99,150.9,71.1,0.12,1.2,212.2
63,40,13,350,5,3.86,2.57,235.7,93.6,0.17,2.8,239.6
53,40,7,350,3,3.41,3.81,206.2,75.8,2.94,2.8,250.0
52,40,7,350,5,6.54,2.96,227.2,91.1,0.46,0.4,250.0
60,40,18,350,5,8.9,1.91,247.8,89.1,0.46,2.4,236.0
73,40,18,350,4,8.54,4.35,250.0,93.0,0.16,0.8,249.0
52,40,8,350,5,3.7,2.82,220.7,85.3,0.34,1.9,240.4
75,40,14,350,3,4.09,2.68,243.8,81.7,2.84,2.3,250.0
58,40,10,350,5,3.55,2.28,228.7,87.5,0.17,2.8,250.0
71,40,8,350,3,4.19,2.99,250.0,88.2,0.4,0.5,218.6
52,40,16,350,5,4.71,4.41,250.0,88.2,0.17,0.4,235.4
48,40,10,350,4,6.06,4.18,210.8,73.7,0.2,0.0,211.3
60,40,16,350,3,5.14,2.91,231.4,72.8,0.42,2.4,250.0
52,40,8,350,5,5.17,1.66,208.3,71.3,0.1,1.9,250.0
55,40,18,350,5,6.94,1.78,239.6,88.4,0.48,0.7,250.0
74,40,12,350,4,8.25,3.26,250.0,93.3,0.11,0.9,242.1
74,40,13,350,3,8.04,2.88,250.0,77.6,0.23,1.6,203.0
58,40,16,350,5,5.44,2.1,237.3,79.4,0.18,0.7,224.8
51,40,9,350,3,6.09,1.81,193.9,88.6,0.35,1.2,250.0
59,40,12,350,4,7.2,1.95,219.7,88.5,0.39,0.6,243.6
69,40,9,350,5,7.6,3.31,250.0,89.4,0.15,0.3,250.0
48,40,17,350,4,7.67,2.63,235.7,78.7,0.47,0.4,250.0
75,40,10,350,5,4.32,2.44,250.0,94.5,0.39,2.4,250.0
59,40,11,350,5,6.05,4.12,250.0,90.3,0.25,1.6,250.0
71,40,16,350,5,7.86,3.92,250.0,86.0,0.2,1.8,250.0
67,40,18,350,4,7.08,2.98,250.0,83.4,0.32,2.6,237.4
73,40,9,350,5,7.21,2.65,250.0,91.5,0.4,1.6,250.0
66,40,12,350,4,6.72,3.28,223.5,77.0,0.37,7.5,250.0
63,40,12,350,5,4.61,2.46,250.0,95.0,0.22,0.8,240.6
63,40,16,350,4,3.59,2.69,250.0,83.9,0.24,1.4,250.0
71,40,8,350,3,5.76,2.08,234.5,93.5,0.36,2.6,233.0
60,40,14,350,5,8.24,4.32,250.0,87.4,0.45,9.3,250.0
55,40,17,350,3,8.19,2.09,218.5,87.5,0.26,2.9,205.4
67,40,10,350,4,7.88,3.66,250.0,88.0,0.15,2.5,208.6
46,40,7,350,3,4.77,2.0,191.3,77.4,0.28,2.8,250.0
56,40,7,350,3,6.64,3.63,197.6,81.0,0.41,1.5,250.0
72,40,18,350,4,7.8,3.67,250.0,95.0,0.1,7.5,250.0
51,40,8,350,5,4.96,4.0,244.1,81.3,0.37,1.0,250.0
73,40,13,350,4,6.61,1.71,250.0,91.2,0.24,0.9,210.6
65,40,8,350,5,4.33,3.55,250.0,94.2,1.26,2.4,250.0
47,40,12,350,3,8.15,1.54,203.8,76.4,0.12,2.2,250.0
61,40,16,350,5,4.46,1.58,239.0,88.6,0.45,7.8,235.0
74,40,15,350,4,5.39,4.03,250.0,90.3,0.11,0.2,250.0
49,40,7,350,3,8.02,3.97,201.0,74.7,0.45,0.8,250.0
69,40,7,350,4,7.53,3.24,250.0,95.0,0.36,0.9,250.0
72,40,8,350,5,8.52,4.27,250.0,95.0,0.41,1.5,246.8
69,40,14,350,4,4.1,3.77,249.9,90.8,0.34,2.8,250.0
62,40,8,350,3,8.62,2.42,235.4,89.7,0.2,2.9,250.0
68,40,11,350,4,6.85,3.0,243.2,85.3,0.13,2.8,250.0
75,40,11,350,5,8.82,3.19,250.0,92.6,0.1,2.3,205.8
52,40,14,350,4,8.3,1.89,243.9,80.5,1.95,7.7,250.0
46,40,7,350,4,8.11,3.09,196.2,80.5,0.27,7.9,250.0
61,40,9,350,4,8.93,4.4,226.2,83.3,0.18,2.7,250.0
73,40,7,350,4,6.68,3.99,250.0,89.1,0.16,7.1,228.0
55,40,13,350,3,7.99,1.58,250.0,82.8,0.39,2.6,250.0
47,40,10,350,4,5.81,2.39,200.7,76.2,0.2,2.2,214.5
47,40,18,350,5,4.19,3.54,237.9,80.2,0.19,1.0,242.6
46,40,11,350,4,4.59,2.52,203.8,74.3,0.39,7.1,250.0
64,40,15,350,4,6.28,3.17,236.2,87.4,0.42,2.2,250.0
64,40,13,350,3,7.94,3.26,250.0,79.8,0.32,1.7,250.0
54,40,16,350,4,3.53,4.33,250.0,87.8,0.18,2.9,250.0
66,40,9,350,3,3.77,3.06,244.5,83.6,0.2,2.5,250.0
65,40,16,350,5,4.25,3.2,250.0,92.9,0.3,0.9,250.0
71,40,11,350,5,7.55,3.42,250.0,86.0,0.35,2.1,250.0
64,40,9,350,4,4.38,2.57,250.0,88.6,2.31,1.2,244.8
73,40,7,350,4,6.09,3.34,250.0,81.4,2.59,1.4,250.0
48,40,18,350,4,8.44,1.71,205.9,78.8,0.23,1.1,191.5
54,40,12,350,4,7.06,3.1,226.8,69.3,0.46,2.5,239.4
46,40,16,350,3,6.65,4.18,184.2,74.7,0.28,1.4,250.0
52,40,18,350,3,3.55,2.0,223.7,78.8,0.28,1.4,250.0
62,40,8,350,3,5.51,3.73,250.0,82.9,0.14,2.3,222.4
69,40,18,350,5,3.49,2.82,250.0,95.0,0.39,2.3,250.0
61,40,14,350,3,5.19,2.96,212.2,88.3,2.62,0.5,250.0
60,40,14,350,5,6.13,3.91,250.0,90.2,0.33,0.2,250.0
62,40,13,350,4,4.47,3.0,225.2,90.0,0.4,3.0,250.0
67,40,13,350,3,7.49,4.23,250.0,94.3,0.24,9.5,250.0
61,40,17,350,4,6.52,2.37,250.0,75.9,0.13,1.9,211.5
66,40,15,350,4,5.18,1.97,223.1,91.0,1.21,0.2,250.0
54,40,14,350,3,6.56,1.95,202.9,74.9,0.35,0.2,250.0
67,40,17,350,3,6.55,1.96,248.0,81.4,0.34,2.1,250.0
72,40,10,350,5,7.94,2.04,250.0,91.1,0.17,1.0,208.2
56,40,12,350,3,5.38,3.47,240.4,61.0,0.35,1.3,250.0
57,40,17,350,3,5.45,4.08,202.1,78.7,0.27,7.3,250.0
59,40,13,350,5,6.11,1.65,250.0,92.6,0.17,1.9,247.9
71,40,9,350,4,8.13,3.81,250.0,86.1,0.2,1.3,196.5
68,40,8,350,5,3.93,1.54,238.7,86.6,0.27,0.7,239.6
46,40,12,350,3,3.52,3.09,188.9,70.9,2.79,2.5,250.0
62,40,17,350,3,7.91,4.46,233.1,87.0,0.12,0.1,249.0
75,40,14,350,3,4.27,1.63,243.1,82.6,0.49,0.6,250.0
62,40,16,350,4,5.43,2.85,246.9,82.9,0.32,1.4,248.7
70,40,18,350,3,6.25,3.01,242.9,88.1,0.21,7.2,250.0
53,40,8,350,5,6.13,1.94,239.0,81.4,0.22,2.8,221.1
53,40,8,350,4,8.58,3.95,250.0,86.3,0.4,2.2,248.5
47,40,15,350,4,4.98,1.65,208.0,77.6,0.48,2.6,250.0
65,40,16,350,5,4.54,2.07,234.8,82.8,0.29,2.5,250.0
48,40,17,350,4,5.99,4.16,234.6,76.7,0.47,0.6,250.0
63,40,18,350,3,7.55,1.54,250.0,92.1,0.23,1.6,250.0
74,40,14,350,5,8.29,4.12,250.0,90.9,2.18,0.9,250.0
72,40,8,350,4,3.75,3.99,250.0,86.2,1.63,1.9,250.0
71,40,18,350,5,8.93,4.12,250.0,94.0,0.26,1.4,250.0
58,40,10,350,5,6.28,1.56,238.6,82.4,2.47,1.4,250.0
70,40,9,350,5,8.59,3.41,250.0,90.4,0.35,2.8,248.6
61,40,17,350,4,6.77,3.2,250.0,81.8,0.46,2.1,250.0
60,40,13,350,4,8.57,1.58,233.6,76.5,0.13,2.5,207.1
63,40,17,350,4,7.12,1.78,243.3,81.1,0.44,1.1,250.0
53,40,14,350,3,8.35,3.05,196.4,78.5,0.28,1.2,228.4
60,40,11,350,4,3.49,3.88,239.9,84.1,0.11,2.8,250.0
59,40,9,350,4,3.67,2.32,220.0,81.1,0.33,1.5,250.0
74,40,9,350,4,3.32,2.37,250.0,93.7,0.36,2.0,242.4
48,40,10,350,5,8.57,3.17,243.6,72.8,1.45,1.9,250.0
66,40,14,350,3,3.95,3.84,230.0,83.8,0.14,2.5,250.0
68,40,11,350,3,3.27,2.77,250.0,84.8,0.19,1.0,224.8
62,40,14,350,5,8.67,3.65,246.1,92.3,0.15,1.5,231.2
56,40,8,350,5,6.2,3.77,218.4,80.2,2.99,1.9,250.0
61,40,9,350,3,8.93,2.02,223.7,81.1,0.48,2.9,236.2
68,40,8,350,5,8.46,2.44,250.0,95.0,0.31,1.9,208.9
68,40,9,350,3,4.75,3.51,218.9,93.1,0.27,7.8,250.0
50,40,15,350,3,4.36,3.12,197.6,82.4,0.32,8.3,250.0
63,40,18,350,4,6.72,1.71,250.0,76.4,0.1,0.0,250.0
67,40,9,350,5,5.93,3.85,250.0,81.6,0.42,0.8,250.0
54,40,15,350,5,8.52,1.6,250.0,92.3,0.5,0.8,250.0
73,40,15,350,4,3.86,1.95,247.3,92.5,0.29,1.8,249.4
60,40,14,350,4,5.08,3.9,250.0,82.2,0.46,0.5,215.4
67,40,12,350,3,8.01,2.01,238.7,91.7,0.3,0.1,213.2
54,40,8,350,3,6.31,1.98,206.7,80.5,0.4,0.1,173.8
54,40,7,350,3,3.44,3.55,208.4,74.6,0.29,1.1,241.2
49,40,8,350,3,3.9,3.61,167.5,73.2,0.46,2.1,250.0
46,40,17,350,4,8.96,3.02,233.0,73.3,0.17,0.4,250.0
58,40,11,350,4,3.9,3.81,250.0,78.7,0.37,1.5,250.0
72,40,14,350,5,3.93,1.64,250.0,91.2,0.42,2.3,250.0
65,40,8,350,5,4.91,4.38,250.0,87.2,2.01,1.9,250.0
75,40,8,350,5,4.1,3.71,250.0,87.6,0.39,1.1,250.0
69,40,13,350,4,3.56,3.23,250.0,90.0,0.33,2.5,241.4
67,40,17,350,4,8.64,2.71,250.0,91.4,0.18,0.3,250.0
55,40,11,350,3,8.42,2.36,227.7,84.4,0.11,1.0,250.0
55,40,13,350,5,4.92,4.33,248.4,88.1,0.15,1.6,250.0
69,40,14,350,3,6.02,3.25,250.0,95.0,0.14,7.2,250.0
54,40,9,350,3,8.25,2.26,250.0,77.2,0.41,0.7,229.1
69,40,10,350,4,4.71,1.86,247.5,84.5,0.3,1.4,243.7
49,40,11,350,5,5.33,2.43,220.5,86.3,0.18,1.2,250.0
63,40,15,350,4,7.88,2.26,234.3,90.4,0.36,2.2,250.0
70,40,13,350,4,4.69,2.51,246.2,76.9,0.17,9.6,250.0
71,40,9,350,5,6.86,3.61,250.0,95.0,0.11,1.2,227.4
69,40,12,350,3,3.21,2.27,230.4,82.0,0.21,1.8,226.2
46,40,15,350,4,6.16,3.92,221.5,74.2,0.26,2.0,246.5
53,40,8,350,3,5.06,3.86,216.7,78.4,0.23,1.2,250.0
63,40,15,350,3,6.56,4.07,235.6,84.0,0.4,2.1,250.0
58,40,15,350,4,5.25,3.58,249.9,75.6,0.49,1.7,250.0
69,40,18,350,4,5.63,1.76,247.1,84.1,0.11,1.7,250.0
58,40,13,350,3,4.86,3.54,237.3,81.5,0.3,2.9,250.0
64,40,8,350,4,3.26,3.33,250.0,85.2,0.15,1.3,250.0
75,40,17,350,3,4.34,3.5,250.0,88.1,0.25,0.6,235.8
69,40,13,350,3,7.2,2.09,250.0,90.6,0.12,0.7,250.0
54,40,13,350,3,8.17,2.51,229.9,82.7,0.29,2.9,250.0
57,40,11,350,4,5.04,3.57,250.0,75.5,0.34,0.0,214.0
74,40,8,350,4,8.73,3.81,250.0,90.3,0.21,2.7,229.0
59,40,10,350,3,7.52,1.53,208.9,81.0,0.36,0.8,242.6
60,40,10,350,3,5.93,3.59,216.4,72.1,0.34,0.6,206.6
50,40,12,350,5,4.83,1.78,234.4,80.2,0.3,1.3,250.0
50,40,13,350,3,3.78,4.41,199.4,78.2,0.4,1.5,236.8
52,40,9,350,4,3.32,3.62,250.0,80.6,0.11,8.5,250.0
53,40,10,350,4,8.06,3.34,225.6,88.9,0.3,1.4,250.0
59,40,8,350,3,5.66,3.42,221.0,75.3,0.48,1.1,245.4
56,40,18,350,5,4.62,3.47,250.0,89.0,0.33,0.1,216.8
48,40,18,350,5,3.38,2.77,234.4,87.6,0.35,2.1,250.0
51,40,11,350,4,5.13,1.9,211.5,86.4,0.2,0.8,213.6
63,40,12,350,4,7.47,2.32,250.0,87.7,2.81,7.5,250.0
62,40,14,350,3,8.23,3.38,207.8,83.1,0.17,2.2,250.0
70,40,16,350,5,4.56,3.95,250.0,93.1,1.73,2.8,250.0
67,40,18,350,3,5.43,3.44,250.0,91.4,0.31,1.7,209.1
54,40,8,350,5,3.96,1.7,221.9,83.5,0.39,8.0,250.0
50,40,7,350,3,5.23,3.91,198.5,77.8,0.46,2.2,246.4
72,40,18,350,4,3.93,3.58,250.0,78.9,0.37,0.5,250.0
62,40,15,350,3,7.59,2.71,231.8,86.0,0.44,1.7,247.6
55,40,12,350,4,4.83,2.88,250.0,73.3,0.49,1.8,250.0
66,40,13,350,3,6.62,2.48,235.1,92.5,0.46,0.5,250.0
73,40,14,350,5,3.81,2.56,250.0,92.2,0.18,2.0,250.0
74,40,16,350,3,3.52,1.95,250.0,84.7,0.23,0.0,250.0
70,40,11,350,4,5.16,3.75,250.0,85.2,0.2,2.4,250.0
62,40,13,350,5,6.08,3.71,250.0,83.6,0.38,2.5,230.4
62,40,14,350,3,3.83,4.22,243.2,85.2,0.32,8.5,250.0
50,40,15,350,5,7.06,3.25,216.0,75.7,0.14,0.5,250.0
69,40,10,350,3,3.24,1.57,224.8,84.4,0.24,2.9,212.4
52,40,10,350,3,5.51,3.06,250.0,84.0,0.4,0.6,250.0
57,40,14,350,3,4.96,3.18,198.6,71.8,1.56,2.8,250.0
61,40,17,350,3,5.73,3.7,250.0,84.0,0.38,8.2,250.0
63,40,12,350,4,4.3,3.89,238.0,83.6,0.25,0.7,250.0
58,40,10,350,3,6.44,4.32,216.7,76.4,2.85,2.9,250.0
46,40,18,350,5,6.0,3.24,246.0,81.0,0.47,1.8,250.0
63,40,12,350,3,3.2,3.08,220.2,89.4,0.31,2.1,231.8
69,40,14,350,5,8.88,2.37,250.0,89.7,2.68,0.9,250.0
60,40,8,350,5,5.7,1.63,219.8,84.6,0.35,1.9,219.5
70,40,10,350,4,8.81,2.68,248.8,87.9,0.46,2.7,250.0
63,40,7,350,3,6.29,3.82,207.6,77.2,2.56,1.8,250.0
55,40,18,350,5,5.56,1.97,250.0,85.1,0.44,2.1,250.0
63,40,9,350,5,6.26,3.72,250.0,82.0,2.33,2.7,250.0
75,40,7,350,5,6.23,2.68,250.0,94.8,0.38,2.6,249.2
61,40,9,350,3,3.84,4.16,223.5,80.4,0.1,2.4,237.8
47,40,12,350,5,7.04,4.48,234.4,81.6,0.11,0.8,211.0
48,40,11,350,5,5.15,1.81,227.9,78.4,0.25,2.6,234.4
50,40,7,350,3,7.68,3.89,206.6,77.9,0.32,0.9,250.0
70,40,8,350,3,7.4,3.78,221.6,89.2,0.39,1.5,250.0
68,40,14,350,5,8.1,2.97,248.9,95.0,0.27,2.2,250.0
72,40,13,350,4,3.35,1.86,246.4,88.7,0.45,1.9,250.0
71,40,10,350,4,8.94,3.95,250.0,95.0,0.45,0.6,229.4
57,40,7,350,5,4.24,4.23,250.0,75.5,0.22,2.3,250.0
48,40,11,350,5,5.73,3.13,220.6,81.6,0.15,0.1,250.0
64,40,15,350,5,6.14,4.42,250.0,84.2,0.38,2.7,250.0
75,40,16,350,5,6.4,3.16,250.0,95.0,0.43,0.4,250.0
62,40,18,350,5,3.79,2.29,250.0,93.6,1.92,8.4,250.0
68,40,15,350,5,5.89,3.09,250.0,89.4,1.37,3.0,250.0
56,40,16,350,3,8.91,3.14,228.8,84.2,0.23,2.5,250.0
69,40,12,350,5,7.35,2.69,250.0,93.3,0.45,0.9,250.0
66,40,7,350,5,4.14,4.29,249.3,95.0,0.37,2.8,220.0
68,40,8,350,5,4.05,1.98,250.0,95.0,0.35,0.7,217.3
48,40,17,350,3,6.07,3.53,204.6,81.3,0.24,0.8,250.0
47,40,18,350,5,5.3,1.69,209.6,74.2,0.2,1.5,250.0
67,40,9,350,5,5.91,3.74,250.0,94.3,0.31,7.9,212.8
54,40,7,350,4,6.67,3.81,250.0,82.7,0.35,0.0,250.0
46,40,8,350,4,7.94,2.1,180.5,74.4,2.58,1.3,250.0
66,40,15,350,4,5.76,3.43,250.0,79.4,0.12,2.7,250.0
55,40,9,350,5,4.51,2.67,244.7,91.4,0.4,2.9,250.0
54,40,7,350,4,5.45,3.35,250.0,83.8,1.51,1.4,249.6
71,40,18,350,3,4.46,2.33,250.0,91.0,0.33,8.4,250.0
46,40,7,350,5,8.77,1.83,222.0,82.0,0.23,1.9,250.0
61,40,10,350,5,5.19,3.6,250.0,88.9,0.16,2.9,250.0
46,40,16,350,5,8.29,1.9,250.0,80.4,2.41,1.0,250.0
53,40,17,350,5,7.72,4.25,250.0,84.9,0.49,2.2,250.0
58,40,8,350,4,3.43,4.37,250.0,84.2,0.46,0.8,250.0
54,40,8,350,4,7.51,3.24,250.0,80.3,0.12,1.4,250.0
63,40,11,350,5,7.56,1.94,250.0,82.7,0.26,0.2,250.0
50,40,8,350,3,4.88,4.13,250.0,70.5,0.13,9.9,250.0
74,40,13,350,5,6.97,3.75,250.0,95.0,1.59,2.5,250.0
59,40,17,350,3,4.5,3.01,250.0,75.5,0.28,0.6,242.9
69,40,8,350,4,4.4,2.31,240.9,86.0,0.43,1.9,250.0
65,40,18,350,4,7.17,2.28,236.6,82.0,0.19,2.4,250.0
66,40,18,350,3,6.82,1.93,250.0,87.7,0.39,2.8,250.0
68,40,7,350,5,6.47,3.37,250.0,89.1,0.46,0.5,250.0
62,40,15,350,4,5.53,4.19,250.0,86.6,0.2,2.7,237.2
71,40,14,350,5,3.32,2.4,250.0,93.8,0.5,0.6,250.0
60,40,7,350,3,3.19,4.21,224.8,82.8,0.38,0.9,224.4
59,40,16,350,4,7.18,2.34,250.0,82.0,2.85,2.6,250.0
53,40,7,350,4,5.6,2.26,215.6,79.5,1.64,1.6,250.0
68,40,9,350,5,8.7,1.72,250.0,94.6,0.15,0.5,250.0
74,40,17,350,3,5.39,2.5,250.0,86.0,0.45,2.7,250.0
61,40,16,350,4,6.27,1.99,250.0,85.2,0.14,1.3,250.0
54,40,17,350,4,4.48,2.97,250.0,80.7,0.25,0.5,250.0
72,40,15,350,3,3.46,1.9,250.0,85.5,0.26,0.9,250.0
74,40,7,350,4,8.33,1.65,250.0,92.1,0.39,2.9,235.5
63,40,14,350,5,8.79,3.53,250.0,90.8,0.31,1.9,250.0
48,40,11,350,4,4.89,3.86,219.5,86.3,0.24,0.3,250.0
65,40,7,350,4,6.9,4.21,242.2,90.4,1.36,1.6,250.0
53,40,16,350,5,8.54,3.33,250.0,73.7,0.21,1.2,250.0
61,40,15,350,4,5.84,2.47,250.0,84.6,0.47,2.9,250.0
47,40,16,350,4,6.85,4.17,250.0,80.3,0.22,2.9,250.0
73,40,16,350,5,5.38,2.26,250.0,89.9,0.3,2.5,245.6
61,40,9,350,5,4.06,4.0,249.3,81.0,0.37,2.6,250.0
75,40,9,350,3,7.4,2.37,232.4,83.5,0.42,2.9,250.0
68,40,13,350,4,3.46,4.44,250.0,88.0,0.1,1.8,210.7
63,40,13,350,3,4.06,3.73,245.6,79.0,0.23,2.6,250.0
53,40,11,350,3,3.17,1.94,202.9,78.4,0.15,1.5,238.7
70,40,7,350,5,8.23,4.48,250.0,88.0,0.23,1.1,250.0
48,40,11,350,5,3.48,3.52,231.2,82.9,0.3,2.7,250.0
75,40,7,350,5,8.65,1.67,250.0,95.0,0.26,2.7,250.0
46,40,17,350,4,4.63,3.41,245.6,79.5,0.41,2.7,250.0
62,40,11,350,4,7.76,2.9,250.0,80.5,0.4,0.7,250.0
53,40,10,350,5,8.21,3.49,247.8,82.2,0.22,2.7,250.0
49,40,16,350,5,6.55,4.1,250.0,89.5,0.1,1.8,245.6
73,40,14,350,4,6.52,3.92,250.0,83.7,0.29,2.0,250.0
55,40,10,350,4,7.1,4.22,237.8,86.6,0.33,2.6,250.0
72,40,18,350,5,4.21,1.71,250.0,95.0,0.47,2.4,250.0
68,40,14,350,5,7.23,2.18,250.0,95.0,0.29,0.8,250.0
75,40,7,350,4,5.29,2.08,250.0,91.7,0.12,1.4,226.9
62,40,18,350,3,3.23,3.83,250.0,84.9,0.25,2.3,249.6
49,40,18,350,4,6.45,3.77,220.2,84.9,0.13,1.9,250.0
53,40,16,350,4,7.38,4.33,237.8,82.9,0.16,0.7,210.4
74,40,8,350,4,5.87,3.75,250.0,95.0,0.25,0.9,250.0
53,40,7,350,4,4.65,2.18,205.6,90.0,2.97,7.4,250.0
54,40,18,350,5,4.85,4.33,250.0,71.8,0.35,0.3,250.0
75,40,7,350,3,3.81,2.22,250.0,82.4,0.33,1.5,250.0
75,40,11,350,3,6.76,3.97,250.0,90.8,0.42,1.0,250.0
68,40,15,350,4,7.73,2.73,250.0,86.8,0.17,0.2,250.0
59,40,18,350,4,4.9,2.38,250.0,86.4,0.36,0.9,250.0
49,40,15,350,4,4.91,3.34,250.0,80.8,0.19,2.8,250.0
52,40,13,350,5,8.11,3.77,250.0,88.8,0.14,1.1,250.0
70,40,17,350,3,8.49,4.31,250.0,90.7,0.36,0.1,250.0
47,40,18,350,3,7.62,3.42,250.0,74.0,0.41,3.0,229.4
71,40,14,350,5,3.8,2.31,250.0,85.0,0.39,2.8,250.0
56,40,14,350,4,8.29,1.6,212.8,89.1,0.12,1.5,250.0
65,40,18,350,3,8.15,4.29,250.0,80.5,2.14,1.3,250.0
52,40,16,350,4,8.28,2.09,250.0,82.3,0.48,0.5,232.8
73,40,11,350,4,6.85,1.87,233.5,79.9,0.41,2.7,250.0
73,40,13,350,3,6.62,2.29,223.8,95.0,0.27,0.8,212.2
65,40,8,350,5,6.76,3.63,250.0,95.0,0.23,2.9,250.0
51,40,9,350,4,3.36,3.72,205.3,78.9,0.11,0.3,223.6
69,40,7,350,5,4.63,2.59,250.0,87.0,0.21,0.4,214.0
60,40,12,350,4,6.1,3.4,220.9,87.2,0.48,1.4,250.0
61,40,13,350,3,4.22,1.97,209.4,82.6,0.18,2.8,250.0
69,40,12,350,3,7.58,3.06,250.0,87.3,0.34,1.4,250.0
52,40,12,350,5,3.77,3.65,238.9,77.7,0.27,2.1,250.0
69,40,13,350,5,5.9,3.51,250.0,90.1,0.11,2.2,250.0
51,40,16,350,3,4.88,4.24,250.0,80.8,0.13,1.0,250.0
54,40,7,350,4,7.53,1.53,250.0,89.8,0.43,1.8,179.0
59,40,14,350,5,3.6,3.49,250.0,95.0,0.42,2.9,239.8
47,40,17,350,3,6.52,1.57,166.3,78.9,0.25,1.6,250.0
46,40,8,350,5,4.02,3.81,223.3,78.3,0.26,0.9,208.0
53,40,12,350,3,8.24,2.67,250.0,90.5,0.47,2.9,250.0
63,40,12,350,3,6.27,1.54,200.9,83.6,0.31,3.0,244.2
71,40,13,350,3,4.61,3.01,250.0,78.6,0.3,8.0,250.0
52,40,16,350,5,6.75,1.86,229.1,86.1,0.39,0.2,219.8
75,40,16,350,3,6.45,3.74,250.0,77.5,1.42,0.4,250.0
51,40,10,350,4,8.63,4.02,213.3,83.5,0.42,2.4,250.0
60,40,14,350,5,7.11,2.58,250.0,94.0,0.12,1.6,250.0
70,40,17,350,3,7.8,3.36,250.0,89.5,0.34,1.4,250.0
73,40,12,350,5,3.21,2.88,250.0,87.2,0.38,0.2,250.0
66,40,16,350,5,4.94,1.87,250.0,77.5,1.51,2.2,250.0
69,40,18,350,3,3.18,3.41,250.0,83.9,0.34,0.6,250.0
68,40,9,350,3,4.04,2.19,242.9,87.6,0.19,0.6,250.0
67,40,16,350,3,4.13,3.79,250.0,88.1,0.44,2.8,250.0
48,40,10,350,5,6.13,2.41,250.0,81.1,0.47,1.0,250.0
71,40,15,350,3,5.26,2.45,250.0,88.0,1.42,1.4,250.0
47,40,16,350,5,6.13,3.68,249.7,78.5,0.37,2.0,250.0
66,40,8,350,5,7.5,1.55,250.0,90.7,0.13,1.0,240.6
65,40,8,350,5,6.41,4.02,244.1,84.0,0.47,1.6,250.0
63,40,9,350,4,3.41,2.05,235.2,80.7,0.49,1.9,250.0
47,40,10,350,5,6.38,1.55,250.0,79.6,0.4,2.2,250.0
70,40,13,350,4,5.58,1.73,245.9,84.7,0.3,0.1,250.0
74,40,15,350,4,6.37,3.37,250.0,89.8,0.11,0.7,250.0
63,40,18,350,3,3.31,2.13,245.1,84.2,0.2,2.0,250.0
57,40,12,350,4,5.75,3.17,250.0,91.7,0.3,0.2,250.0
66,40,7,350,5,5.1,4.0,250.0,92.7,0.45,1.7,250.0
61,40,15,350,3,6.41,3.51,250.0,86.2,0.48,1.1,226.2
75,40,11,350,4,6.23,4.0,250.0,87.2,0.25,2.9,250.0
46,40,14,350,4,8.73,3.04,215.1,87.4,0.43,0.4,250.0
68,40,10,350,5,5.74,3.28,250.0,93.1,0.23,1.0,250.0
61,40,18,350,3,5.19,4.29,242.4,79.1,0.46,0.7,241.2
66,40,8,350,3,7.92,2.16,250.0,87.8,0.12,1.0,250.0
58,40,7,350,4,7.76,2.4,231.9,76.1,2.3,1.9,218.2
68,40,12,350,5,5.42,1.67,250.0,94.0,0.24,0.5,250.0
46,40,13,350,3,4.51,2.12,177.1,78.2,0.48,0.9,250.0
66,40,18,350,5,8.23,2.78,250.0,88.7,0.34,2.3,250.0
74,40,10,350,5,3.96,2.43,250.0,88.5,0.24,0.6,250.0
61,40,12,350,5,3.57,3.11,250.0,92.7,0.39,2.6,250.0
60,40,18,350,3,5.97,2.26,248.8,88.1,0.26,1.5,243.6
61,40,11,350,5,4.23,4.39,250.0,95.0,0.37,8.5,250.0
69,40,9,350,3,4.65,3.07,234.4,89.5,0.44,2.2,250.0
51,40,17,350,4,7.7,1.99,218.7,84.1,0.34,0.9,245.2
73,40,12,350,4,3.59,1.99,250.0,85.3,0.43,1.4,250.0
57,40,9,350,4,5.48,4.02,236.9,80.0,0.43,9.2,219.2
75,40,18,350,5,7.18,2.24,250.0,86.3,0.2,1.1,250.0
49,40,11,350,3,7.67,2.37,180.6,82.3,0.26,2.4,250.0
71,40,12,350,5,4.72,3.41,250.0,92.0,0.42,1.2,250.0
62,40,8,350,5,8.91,3.81,250.0,84.9,0.45,1.4,250.0
53,40,7,350,5,4.59,4.22,250.0,78.8,0.25,1.2,242.4
71,40,18,350,4,4.08,4.33,250.0,92.6,0.45,2.1,250.0
47,40,10,350,5,8.96,2.48,234.4,75.2,1.33,0.7,250.0
66,40,16,350,3,7.31,2.95,250.0,84.8,0.31,1.3,250.0
71,40,10,350,3,5.39,3.68,250.0,88.2,0.28,0.6,213.9
52,40,18,350,5,5.06,3.71,250.0,84.5,0.43,1.3,227.8
47,40,16,350,3,7.34,2.26,207.6,79.4,0.27,0.4,246.2
53,40,14,350,3,4.97,3.24,216.8,84.8,0.48,2.8,250.0
60,40,9,350,3,6.08,3.76,240.7,85.0,0.45,0.7,188.6
58,40,13,350,4,6.95,1.99,234.9,86.3,0.24,0.8,250.0
50,40,16,350,3,3.92,1.79,179.4,78.5,0.42,2.6,250.0
66,40,17,350,5,6.93,3.59,250.0,88.9,1.12,0.5,245.2
63,40,13,350,4,6.89,1.7,243.9,89.0,0.21,1.0,250.0
61,40,8,350,5,3.97,1.64,226.7,84.5,0.25,0.4,250.0
70,40,15,350,4,8.29,2.64,250.0,91.6,0.38,0.1,250.0
55,40,16,350,5,7.68,2.09,250.0,80.6,0.4,9.1,250.0
61,40,16,350,4,6.45,2.67,248.0,90.6,0.42,2.1,250.0
70,40,12,350,5,3.2,4.26,250.0,95.0,0.32,0.0,250.0
62,40,15,350,5,4.07,2.11,250.0,83.4,0.15,1.8,250.0
69,40,7,350,3,6.08,3.37,250.0,89.5,0.29,9.8,250.0
49,40,13,350,5,8.7,1.95,250.0,86.4,0.27,1.8,233.0
68,40,16,350,5,3.62,4.19,250.0,94.4,2.92,0.5,250.0
51,40,11,350,4,4.09,3.99,222.7,69.3,0.39,8.0,250.0
59,40,11,350,5,6.36,2.57,250.0,83.5,0.18,0.3,180.0
75,40,9,350,4,7.99,2.31,250.0,88.8,0.11,0.7,240.2
54,40,12,350,3,5.02,1.85,176.2,79.6,0.37,0.8,250.0
46,40,18,350,5,8.77,4.33,236.1,95.0,0.23,0.2,250.0
53,40,18,350,4,6.22,3.44,250.0,76.2,0.23,2.2,250.0
73,40,9,350,5,5.18,4.33,250.0,90.9,0.25,1.5,250.0
60,40,16,350,5,7.63,3.47,246.9,90.3,0.22,1.8,246.0
74,40,15,350,5,3.16,3.16,250.0,92.8,0.45,0.8,235.4
66,40,12,350,3,6.41,2.67,236.4,82.4,0.31,2.9,250.0
48,40,9,350,5,4.97,2.72,225.8,79.3,0.39,3.0,250.0
73,40,18,350,3,8.43,3.19,250.0,73.6,0.2,2.7,250.0
49,40,16,350,5,5.26,2.57,234.3,83.8,0.22,2.2,243.5
55,40,16,350,5,4.48,1.97,250.0,78.4,0.14,1.7,250.0
57,40,13,350,3,5.85,3.07,232.5,90.6,1.38,9.9,250.0
59,40,7,350,4,5.43,1.97,250.0,84.2,0.3,2.7,250.0
61,40,18,350,4,6.78,4.18,229.7,80.8,0.26,0.0,250.0
67,40,7,350,5,6.33,3.61,239.8,83.1,0.12,2.7,241.0
68,40,13,350,5,8.88,3.64,250.0,88.0,0.43,0.4,250.0
64,40,14,350,3,6.06,2.94,229.8,82.9,0.26,1.2,250.0
48,40,8,350,5,5.46,3.29,247.6,78.2,0.32,1.6,241.5
63,40,17,350,5,8.39,2.65,250.0,94.0,0.49,2.6,250.0
61,40,17,350,3,7.0,3.19,231.1,75.7,0.29,0.6,250.0
64,40,9,350,4,5.0,2.58,250.0,81.8,0.44,1.3,245.4
48,40,8,350,5,5.03,4.13,250.0,82.0,0.36,7.9,250.0
64,40,18,350,3,7.46,3.09,234.3,88.4,0.47,0.3,250.0
52,40,18,350,5,7.57,2.37,226.9,93.9,0.17,0.8,250.0
64,40,11,350,3,3.28,1.86,250.0,91.0,2.11,7.5,250.0
65,40,9,350,4,8.64,2.67,250.0,80.5,0.24,0.3,250.0
74,40,10,350,3,3.65,3.98,250.0,89.4,0.14,2.7,250.0
70,40,17,350,5,7.26,2.82,250.0,89.3,0.42,7.6,250.0
50,40,11,350,4,5.15,3.11,250.0,86.7,0.23,2.2,205.7
53,40,11,350,5,8.36,3.73,227.8,88.4,0.46,0.4,215.2
48,40,14,350,4,5.81,3.59,194.6,75.3,1.77,2.7,250.0
47,40,9,350,4,3.94,3.56,206.9,78.8,2.57,1.7,250.0
72,40,13,350,5,3.41,4.04,250.0,95.0,0.17,9.3,250.0
52,40,13,350,5,7.04,4.05,250.0,84.9,0.37,9.4,250.0
75,40,15,350,3,6.65,3.64,250.0,78.8,0.22,2.6,243.3
51,40,12,350,4,8.36,3.18,220.2,74.7,0.23,1.2,250.0
53,40,7,350,5,6.61,2.05,230.9,83.2,0.16,2.7,250.0
61,40,7,350,5,4.55,2.35,250.0,83.4,0.37,1.8,237.4
51,40,16,350,4,6.93,3.36,244.1,83.9,0.24,1.0,192.9
53,40,8,350,5,4.19,2.04,225.5,74.1,0.33,0.3,250.0
51,40,14,350,3,5.77,2.63,185.8,81.2,0.47,2.4,226.0
59,40,16,350,5,3.63,4.39,250.0,85.7,0.43,1.3,250.0
58,40,7,350,3,5.83,1.84,210.5,80.1,0.38,2.7,250.0
72,40,11,350,3,5.32,3.34,245.8,84.9,0.34,1.4,250.0
72,40,17,350,4,4.96,4.37,250.0,93.1,0.42,2.5,250.0
59,40,11,350,5,5.05,4.12,250.0,81.0,2.82,0.1,240.0
57,40,12,350,4,5.69,3.42,250.0,86.4,0.29,3.0,221.4
51,40,11,350,3,8.5,2.87,197.4,78.4,0.25,2.5,250.0
48,40,14,350,3,6.97,2.04,206.6,82.8,0.31,1.6,232.8
74,40,11,350,3,8.41,3.76,250.0,87.1,2.6,0.6,250.0
61,40,13,350,3,5.24,1.85,222.5,72.9,2.02,0.3,245.7
68,40,18,350,5,8.12,4.17,250.0,85.2,0.4,2.5,217.2
56,40,13,350,3,3.45,2.53,214.3,90.9,0.47,8.9,250.0
49,40,12,350,4,5.0,1.57,202.5,74.9,1.29,8.4,250.0
49,40,18,350,5,8.67,1.65,213.2,91.0,0.41,1.6,239.2
70,40,11,350,5,4.33,4.29,250.0,84.9,0.31,0.4,250.0
56,40,9,350,4,5.97,2.75,227.4,78.9,0.14,2.6,250.0
66,40,8,350,5,8.19,4.32,250.0,90.5,0.21,7.8,250.0
63,40,16,350,4,7.41,4.46,250.0,95.0,0.33,2.7,250.0
62,40,9,350,3,8.38,1.58,222.8,83.7,0.14,1.0,249.4
58,40,10,350,4,5.63,4.21,248.5,78.7,0.38,2.8,250.0
58,40,14,350,5,7.6,4.18,243.8,90.2,0.36,1.5,213.2
68,40,13,350,5,7.78,1.99,250.0,95.0,1.54,1.6,250.0
50,40,12,350,3,3.32,2.68,202.5,78.5,0.13,2.0,250.0
57,40,8,350,3,3.72,1.95,250.0,83.5,0.42,0.5,241.4
56,40,11,350,4,7.22,3.58,244.2,79.0,0.43,2.0,250.0
49,40,7,350,5,5.31,3.54,233.4,76.8,2.19,1.0,250.0
61,40,11,350,3,7.62,3.78,239.1,79.9,2.29,2.1,250.0
50,40,7,350,5,4.98,3.96,250.0,79.8,0.3,1.1,250.0
56,40,8,350,3,6.44,3.81,214.8,72.4,0.17,2.8,250.0
53,40,10,350,5,5.26,2.57,250.0,85.2,0.35,2.4,250.0
63,40,14,350,5,3.33,1.77,250.0,84.4,0.21,1.9,250.0
57,40,11,350,3,8.09,3.96,250.0,87.1,0.29,1.5,250.0
68,40,14,350,4,4.31,3.22,250.0,82.0,0.38,0.8,226.9
53,40,16,350,4,5.56,3.8,243.0,86.5,0.39,0.4,248.8
59,40,17,350,3,6.42,3.12,218.4,77.9,0.33,0.7,235.6
74,40,7,350,5,3.26,2.2,241.6,94.6,0.39,0.9,250.0
68,40,15,350,4,4.18,1.91,228.2,85.0,0.25,2.4,250.0
70,40,15,350,5,6.65,3.87,250.0,92.4,0.11,1.1,223.2
59,40,12,350,4,6.71,1.78,250.0,81.8,0.24,2.5,235.2
65,40,11,350,4,3.41,2.48,217.7,85.8,1.65,2.3,250.0
48,40,11,350,5,7.89,2.65,222.9,78.7,0.28,1.8,222.4
67,40,18,350,5,4.8,4.16,250.0,87.3,0.34,9.2,250.0
47,40,18,350,3,5.11,3.53,211.9,76.8,0.36,0.2,250.0
64,40,7,350,5,3.42,2.24,228.9,81.6,0.4,1.2,250.0
63,40,18,350,3,5.4,2.75,250.0,92.1,0.35,2.7,250.0
74,40,13,350,4,5.97,4.24,250.0,80.9,0.15,0.4,250.0
63,40,9,350,4,8.75,4.49,250.0,89.8,0.36,2.7,250.0
63,40,8,350,5,5.63,1.95,250.0,91.9,0.44,2.0,232.9
55,40,18,350,3,7.36,4.21,242.2,77.3,0.24,0.7,250.0
64,40,13,350,3,6.28,2.52,219.3,83.7,0.23,9.3,250.0
60,40,15,350,4,3.41,4.02,245.4,77.7,0.16,2.2,221.6
63,40,18,350,5,4.69,3.89,250.0,85.6,0.48,2.1,250.0
46,40,14,350,5,3.71,3.19,211.5,91.8,0.27,1.8,250.0
48,40,9,350,3,8.92,4.24,250.0,74.3,0.47,0.9,250.0
67,40,11,350,3,3.29,4.2,242.2,77.0,0.33,0.5,206.2
65,40,9,350,4,4.35,3.3,250.0,82.8,0.35,2.7,235.7
51,40,15,350,3,3.51,2.05,199.5,79.9,0.46,0.3,250.0
59,40,9,350,4,3.36,4.47,221.0,78.5,0.41,8.0,250.0
57,40,16,350,4,6.86,3.65,246.6,83.3,0.12,2.8,243.6
50,40,15,350,5,4.08,3.14,242.6,92.4,0.11,1.3,234.3
66,40,11,350,3,5.71,3.96,232.0,90.3,2.94,2.6,250.0
60,40,16,350,4,3.55,3.56,228.1,76.0,1.33,1.6,250.0
70,40,9,350,5,3.77,2.42,250.0,93.3,0.36,1.9,250.0
54,40,17,350,5,8.23,2.76,250.0,83.8,0.4,1.1,250.0
69,40,12,350,4,7.52,3.13,250.0,95.0,0.34,1.2,250.0
74,40,16,350,3,7.72,2.7,250.0,85.0,0.31,2.4,250.0
67,40,15,350,4,4.59,3.38,241.4,90.1,0.47,1.2,250.0
64,40,11,350,5,6.79,3.08,250.0,88.3,0.23,1.1,249.0
64,40,8,350,3,4.75,2.26,250.0,86.8,0.48,0.0,226.3
51,40,13,350,4,7.84,3.54,241.7,86.6,1.77,0.8,250.0
50,40,13,350,5,5.71,2.09,219.1,88.6,0.18,2.8,250.0
68,40,13,350,4,8.06,3.79,250.0,91.9,0.21,0.5,242.3
72,40,7,350,4,5.78,4.42,250.0,91.7,0.18,2.9,250.0
62,40,7,350,5,7.22,3.56,237.4,90.0,0.27,2.2,250.0
60,40,9,350,4,6.33,3.28,250.0,90.5,0.45,2.2,233.4
62,40,9,350,4,3.45,4.27,250.0,80.1,0.13,9.4,250.0
58,40,8,350,4,7.66,2.79,218.9,80.6,0.25,1.5,235.6
46,40,8,350,4,8.45,3.41,217.5,80.8,0.46,0.1,250.0
52,40,17,350,5,6.02,3.04,226.6,78.1,0.1,0.6,248.2
54,40,10,350,5,7.21,4.38,250.0,75.2,0.23,2.6,250.0
56,40,7,350,5,3.51,3.9,244.6,92.3,0.12,2.4,222.9
59,40,8,350,3,4.83,4.47,238.5,73.1,0.32,2.4,250.0
57,40,11,350,3,3.46,1.95,212.7,76.7,0.34,1.6,250.0
72,40,13,350,5,6.69,3.71,250.0,88.9,0.15,1.0,206.8
62,40,14,350,5,7.38,3.06,250.0,94.4,0.42,9.0,246.2
46,40,13,350,3,8.95,2.65,201.0,72.3,0.2,0.1,206.4
54,40,14,350,3,4.63,3.77,208.4,83.2,0.44,0.1,250.0
48,40,14,350,4,5.8,2.71,203.1,87.7,0.12,1.4,250.0
54,40,18,350,3,3.77,3.19,250.0,85.9,1.01,0.3,250.0
73,40,12,350,5,6.55,2.58,250.0,89.9,0.35,1.0,239.2
72,40,9,350,3,8.95,3.53,236.0,88.4,0.33,7.0,246.8
54,40,10,350,4,7.59,3.04,230.4,82.1,0.34,2.7,250.0
51,40,18,350,4,4.81,3.0,217.4,77.8,0.15,2.4,250.0
53,40,17,350,5,6.08,3.82,250.0,89.8,0.12,0.7,250.0
68,40,14,350,4,7.67,3.77,250.0,75.6,0.13,0.6,250.0
70,40,13,350,5,8.04,1.95,250.0,89.6,0.48,1.2,250.0
59,40,8,350,5,6.63,3.26,250.0,85.1,0.48,2.6,242.0
63,40,15,350,3,7.6,3.09,250.0,89.5,0.21,2.8,250.0
47,40,15,350,4,7.08,1.9,225.7,80.1,0.13,1.2,250.0
73,40,13,350,4,7.91,1.89,250.0,91.1,1.84,1.6,250.0
69,40,18,350,3,7.95,1.88,250.0,82.6,0.49,0.9,250.0
66,40,7,350,4,6.39,3.83,249.5,83.1,0.28,9.0,250.0
59,40,17,350,3,8.45,4.43,250.0,84.1,0.41,2.5,250.0
59,40,12,350,5,8.39,2.03,235.9,85.0,0.18,2.2,250.0
68,40,15,350,5,3.28,3.36,250.0,89.1,0.41,0.7,221.9
51,40,15,350,5,5.48,4.03,250.0,91.6,2.03,0.6,250.0
64,40,17,350,3,6.85,2.11,213.3,78.7,0.5,1.2,250.0
59,40,15,350,3,7.96,4.37,220.1,79.8,0.27,1.1,250.0
70,40,17,350,4,8.7,2.54,250.0,95.0,0.42,1.4,250.0
75,40,13,350,3,5.4,2.66,250.0,88.8,0.44,0.9,250.0
68,40,13,350,5,3.47,2.29,250.0,92.2,0.19,2.8,227.4
74,40,7,350,3,6.13,1.73,250.0,83.9,0.21,1.1,250.0
51,40,11,350,3,4.26,3.49,214.7,72.7,0.22,2.9,250.0
75,40,8,350,5,7.84,2.84,250.0,93.7,0.5,7.1,250.0
63,40,10,350,5,3.82,3.08,250.0,90.8,0.1,1.7,234.8
52,40,18,350,5,7.75,3.79,250.0,78.6,0.46,7.3,250.0
62,40,8,350,4,4.24,4.29,227.3,79.5,0.35,1.3,232.9
73,40,9,350,3,8.51,1.88,250.0,76.7,0.35,2.9,250.0
68,40,16,350,3,5.26,1.73,223.1,81.8,0.27,0.3,250.0
73,40,11,350,5,5.18,2.47,250.0,93.0,0.22,2.9,201.8
54,40,15,350,5,7.71,3.38,250.0,83.7,0.2,0.6,250.0
46,40,13,350,4,8.26,3.67,188.3,83.1,0.4,2.3,250.0
71,40,8,350,4,5.86,3.21,250.0,82.6,0.21,0.5,250.0
71,40,18,350,4,7.34,3.0,250.0,93.8,2.84,1.4,250.0
69,40,8,350,3,6.96,4.35,250.0,90.8,0.37,0.1,250.0
75,40,16,350,4,4.84,2.66,250.0,91.5,0.26,1.0,225.1
57,40,16,350,5,7.61,2.89,246.5,85.5,0.21,3.0,250.0
49,40,9,350,5,6.08,1.61,217.7,85.5,0.36,1.8,237.2
53,40,12,350,5,4.09,4.04,250.0,84.8,0.34,0.9,223.4
48,40,15,350,5,4.88,4.1,225.5,74.4,0.44,2.0,250.0
60,40,8,350,4,3.25,3.09,215.1,82.3,0.12,2.5,250.0
65,40,14,350,4,4.83,4.13,250.0,84.4,0.27,2.1,229.0
75,40,9,350,5,4.48,4.29,250.0,86.8,0.24,1.0,250.0
56,40,7,350,5,4.27,2.45,217.6,85.6,0.31,0.4,250.0
49,40,9,350,5,5.75,1.79,250.0,71.1,0.25,9.4,250.0
67,40,9,350,5,6.03,1.95,250.0,95.0,2.33,2.3,222.3
53,40,15,350,4,7.6,4.17,250.0,83.0,0.29,0.1,221.4
48,40,9,350,3,6.18,3.64,179.3,76.8,0.17,0.1,250.0
58,40,9,350,3,7.56,2.9,216.7,82.6,0.31,1.8,250.0
59,40,14,350,5,4.8,3.33,250.0,81.3,0.5,9.4,250.0
55,40,8,350,5,8.44,4.15,243.2,77.7,0.5,1.1,218.0
59,40,18,350,5,3.41,3.62,250.0,90.0,0.42,2.4,250.0
52,40,14,350,5,6.3,2.38,206.6,87.5,0.46,2.3,238.2
71,40,12,350,4,5.19,4.35,250.0,89.3,0.15,1.7,250.0
50,40,13,350,4,3.38,3.7,223.2,83.2,0.19,0.5,218.6
55,40,11,350,4,6.79,3.38,242.0,88.0,0.2,2.5,248.4
47,40,8,350,5,8.26,2.62,214.0,91.7,0.1,8.8,250.0
56,40,17,350,5,3.33,3.38,236.7,88.3,0.1,0.5,230.6
69,40,14,350,5,8.14,1.92,250.0,95.0,0.21,2.7,250.0
53,40,10,350,5,4.41,2.72,227.3,82.8,0.28,2.9,250.0
63,40,17,350,5,8.8,4.46,250.0,85.4,0.42,1.1,250.0
75,40,13,350,5,8.55,3.46,250.0,91.1,0.44,8.3,250.0
64,40,7,350,4,7.93,3.9,247.6,83.9,0.4,0.4,250.0
70,40,18,350,5,7.79,2.16,250.0,95.0,2.94,1.6,250.0
72,40,10,350,5,8.75,3.23,250.0,91.5,0.47,1.6,216.6
52,40,10,350,4,4.36,1.54,217.6,78.5,0.47,2.3,250.0
51,40,18,350,3,3.22,1.59,203.9,77.6,0.36,2.9,243.8
63,40,14,350,4,5.6,2.39,247.4,89.7,0.27,2.0,250.0
53,40,18,350,4,3.41,2.37,228.3,74.3,0.11,0.7,199.4
57,40,13,350,4,7.77,3.36,241.5,90.3,0.19,7.3,250.0
46,40,12,350,5,5.92,2.15,195.3,86.4,0.33,1.9,247.9
69,40,8,350,3,5.21,3.23,222.4,88.0,0.1,2.5,250.0
63,40,15,350,3,7.7,2.36,236.3,84.1,0.39,8.3,250.0
74,40,10,350,4,5.57,3.39,250.0,90.9,0.11,0.6,185.2
51,40,8,350,3,5.3,3.19,219.0,83.4,0.47,2.7,250.0
57,40,9,350,3,4.03,1.7,181.4,78.1,0.3,9.3,250.0
56,40,8,350,5,4.78,3.05,243.0,85.4,0.15,0.1,240.7
47,40,10,350,5,7.58,3.83,233.2,75.5,0.29,0.2,207.0
65,40,8,350,3,3.86,2.28,238.1,78.7,0.18,2.7,250.0
48,40,13,350,3,5.84,2.31,202.0,81.2,0.22,0.9,214.8
53,40,7,350,5,5.11,3.41,237.8,83.5,0.15,7.7,250.0
50,40,10,350,3,7.1,3.63,208.3,74.5,0.19,2.7,250.0
65,40,14,350,4,8.2,3.97,245.6,91.8,0.14,1.3,235.6
64,40,17,350,3,8.01,3.6,250.0,80.3,0.45,0.9,237.9
56,40,12,350,3,8.18,4.07,229.0,77.5,0.33,1.9,250.0
63,40,7,350,3,4.45,4.39,228.0,91.6,0.11,0.5,250.0
65,40,16,350,4,5.83,3.54,250.0,89.0,0.11,0.4,250.0
54,40,18,350,3,6.11,2.9,250.0,80.6,0.49,1.7,195.9
73,40,7,350,5,8.27,2.62,250.0,84.2,0.23,1.4,250.0
46,40,11,350,4,6.99,2.35,182.6,76.0,0.21,2.5,250.0
72,40,12,350,3,7.03,4.29,250.0,93.9,1.68,2.2,243.7
62,40,9,350,3,4.87,4.46,250.0,81.1,1.9,0.9,250.0
55,40,17,350,3,5.06,4.26,210.8,73.7,0.18,0.6,250.0
74,40,11,350,5,8.24,1.8,250.0,85.5,0.36,2.3,250.0
68,40,18,350,5,4.46,2.56,250.0,89.7,0.29,1.3,229.7
54,40,13,350,5,5.97,4.46,250.0,82.1,0.25,2.7,236.8
59,40,16,350,3,3.77,4.39,220.8,83.7,0.29,1.8,229.6
55,40,12,350,3,4.77,2.89,223.6,79.9,0.23,0.8,250.0
56,40,13,350,4,3.33,2.33,218.9,85.6,0.11,2.3,250.0
68,40,15,350,4,6.67,4.41,250.0,95.0,0.1,2.1,219.8
72,40,16,350,5,7.84,2.68,250.0,92.4,0.32,1.3,250.0
54,40,10,350,3,7.72,2.32,210.9,78.0,0.34,2.2,250.0
71,40,8,350,5,7.03,3.41,250.0,89.6,1.75,2.7,250.0
59,40,12,350,5,8.3,3.61,250.0,90.8,0.12,1.6,250.0
56,40,18,350,5,7.63,2.85,250.0,83.3,0.27,0.6,236.2
73,40,14,350,3,6.43,1.98,250.0,84.9,0.39,2.3,231.0
48,40,18,350,4,6.21,3.58,230.0,77.7,0.49,1.2,250.0
51,40,17,350,3,5.06,3.66,217.1,73.8,0.22,8.8,250.0
63,40,18,350,4,3.61,3.85,246.6,80.1,0.43,2.8,210.4
51,40,12,350,4,4.16,2.77,235.6,79.7,0.3,0.7,250.0
47,40,8,350,4,7.15,2.18,194.1,85.1,0.11,3.0,250.0
51,40,12,350,5,7.39,4.28,250.0,84.0,0.25,1.4,247.6
62,40,17,350,4,5.63,4.47,250.0,85.7,1.62,0.5,250.0
58,40,13,350,4,3.53,3.07,239.0,86.8,0.23,1.1,250.0
73,40,7,350,3,3.91,3.78,250.0,83.8,0.18,2.7,250.0
68,40,17,350,5,8.21,4.45,250.0,91.6,0.43,2.1,250.0
69,40,9,350,5,8.81,3.65,250.0,95.0,0.49,2.3,231.2
54,40,16,350,4,7.17,4.2,250.0,73.1,0.39,2.4,241.2
46,40,12,350,5,6.69,2.89,215.8,86.9,0.12,2.8,250.0
70,40,9,350,3,7.02,3.65,227.0,89.2,0.41,0.5,250.0
74,40,7,350,3,7.53,2.04,250.0,95.0,0.16,1.9,249.8
66,40,11,350,5,3.77,3.16,250.0,90.5,0.15,0.1,250.0
63,40,15,350,3,7.39,2.19,240.8,85.7,0.45,2.2,250.0
60,40,12,350,3,5.1,4.06,250.0,79.8,0.2,2.8,238.8
73,40,18,350,3,7.1,2.7,250.0,87.1,0.44,2.5,233.8
53,40,10,350,4,5.91,3.77,226.0,76.1,0.48,1.9,250.0
51,40,11,350,4,4.01,3.67,218.4,82.1,2.8,8.2,250.0
67,40,18,350,3,6.03,2.34,238.2,81.8,0.2,1.8,233.6
46,40,15,350,4,6.32,3.12,250.0,74.3,0.14,0.9,250.0
53,40,18,350,5,4.63,2.55,224.3,91.5,0.17,2.1,250.0
53,40,15,350,5,4.2,3.09,250.0,82.3,0.25,0.2,218.8
60,40,14,350,4,3.23,2.92,250.0,81.4,0.18,0.4,240.8
46,40,13,350,3,5.54,2.85,214.3,66.0,0.38,2.7,250.0
54,40,12,350,4,8.18,3.14,236.7,86.4,0.47,8.4,250.0
65,40,13,350,3,3.72,2.67,239.4,90.5,0.2,8.2,250.0
65,40,13,350,4,5.72,2.5,248.3,87.6,0.16,2.4,210.2
67,40,9,350,3,6.57,3.67,250.0,72.9,0.45,2.7,250.0
56,40,7,350,4,5.22,2.24,199.4,84.3,0.29,2.3,250.0
53,40,10,350,3,6.56,3.04,250.0,75.6,0.28,7.4,250.0
75,40,10,350,3,8.96,2.37,250.0,81.3,1.72,1.4,250.0
52,40,18,350,4,8.62,2.08,234.7,78.6,0.16,1.8,239.0
68,40,12,350,3,6.6,4.3,234.4,89.3,0.34,2.8,250.0
53,40,15,350,4,5.36,3.32,230.3,85.4,0.3,0.1,244.0
66,40,17,350,3,6.96,3.73,250.0,77.5,1.86,0.4,250.0
48,40,15,350,5,3.91,2.53,239.2,78.0,0.41,2.9,233.3
65,40,14,350,3,3.4,3.05,250.0,75.6,0.33,8.4,250.0
51,40,8,350,3,6.43,4.35,217.0,82.0,0.24,2.3,250.0
46,40,8,350,5,3.21,3.85,216.8,73.5,0.49,0.1,244.4
67,40,16,350,3,4.93,2.07,240.0,89.6,0.44,1.5,204.6
57,40,14,350,3,8.4,4.05,236.7,83.1,0.31,2.1,242.6
49,40,14,350,3,5.69,2.78,192.8,76.2,0.24,0.3,250.0
59,40,18,350,5,5.58,2.93,230.6,94.2,0.36,2.3,250.0
61,40,16,350,4,8.81,1.93,245.8,76.7,0.24,1.9,221.2
60,40,11,350,5,5.17,4.05,250.0,91.8,0.12,1.3,250.0
46,40,13,350,4,5.92,1.58,211.0,78.9,0.15,2.3,229.5
61,40,14,350,3,4.6,4.33,250.0,74.0,0.16,2.8,250.0
48,40,10,350,5,3.37,3.36,219.2,75.9,0.46,1.6,250.0
62,40,7,350,5,7.88,3.21,245.6,91.5,0.5,1.9,250.0
66,40,18,350,5,7.14,1.98,250.0,86.9,0.3,0.0,250.0
70,40,10,350,4,3.91,3.17,250.0,83.7,0.42,1.3,250.0
59,40,15,350,4,8.78,2.54,246.5,79.6,0.48,2.8,233.7
75,40,17,350,4,4.36,3.67,250.0,91.0,0.22,9.5,250.0
52,40,14,350,4,7.41,2.43,216.7,72.0,0.14,0.8,250.0
57,40,7,350,4,7.5,4.19,231.8,87.6,0.26,1.4,217.7
68,40,14,350,5,7.78,3.31,250.0,90.0,0.12,1.7,239.4
49,40,8,350,4,8.61,3.86,208.9,76.3,0.26,2.6,232.8
60,40,7,350,5,3.26,3.63,231.6,88.1,0.21,2.1,250.0
71,40,9,350,3,7.55,1.64,219.8,83.1,0.16,2.7,223.6
58,40,10,350,4,3.67,1.9,250.0,85.9,2.52,9.6,250.0
48,40,7,350,4,4.88,3.63,211.7,80.4,0.45,9.8,250.0
65,40,12,350,5,6.77,4.02,250.0,86.5,0.21,1.4,250.0
71,40,13,350,4,4.2,3.14,250.0,90.1,0.17,0.3,250.0
70,40,9,350,4,7.53,2.93,241.9,81.7,0.12,1.8,250.0
61,40,9,350,4,7.49,2.65,250.0,83.8,0.27,1.1,250.0
69,40,17,350,5,4.54,2.63,250.0,95.0,0.17,1.4,178.6
68,40,15,350,3,6.31,3.02,245.9,79.6,0.15,0.8,250.0
49,40,12,350,3,7.23,3.29,171.2,77.1,0.2,0.5,249.8
67,40,15,350,5,8.75,2.93,250.0,90.2,0.15,2.5,250.0
66,40,13,350,3,3.56,2.19,245.0,87.4,0.35,2.3,250.0
54,40,15,350,5,3.28,1.71,250.0,79.7,2.85,2.9,250.0
57,40,14,350,4,4.47,3.04,250.0,77.9,0.39,9.0,250.0
55,40,7,350,5,8.76,1.78,233.0,82.8,0.37,0.1,250.0
73,40,9,350,3,7.88,3.94,250.0,84.7,0.11,2.8,244.4
64,40,18,350,4,3.89,4.38,250.0,89.8,0.11,2.4,250.0
57,40,10,350,4,6.43,1.74,232.9,82.2,1.35,1.6,241.0
73,40,14,350,5,8.83,2.61,250.0,95.0,0.42,2.0,250.0
64,40,9,350,3,6.59,2.61,215.1,83.2,0.45,1.1,250.0
66,40,12,350,5,5.3,2.17,250.0,83.7,1.39,1.7,250.0
72,40,10,350,3,5.75,3.36,250.0,84.9,0.5,1.9,250.0
64,40,17,350,3,3.72,3.49,249.1,78.8,0.33,2.7,250.0
75,40,14,350,4,6.07,2.09,250.0,95.0,0.16,1.4,250.0
69,40,9,350,5,8.24,4.29,250.0,95.0,0.34,1.5,237.8
67,40,12,350,5,8.35,2.79,250.0,86.0,0.24,3.0,250.0
59,40,15,350,5,5.37,1.73,227.5,82.1,0.24,2.2,250.0
75,40,10,350,3,7.1,2.17,247.1,95.0,0.14,0.0,240.6
74,40,11,350,5,7.59,3.13,250.0,95.0,0.28,2.5,250.0
57,40,15,350,4,6.64,3.41,238.5,79.2,0.14,1.3,250.0
57,40,15,350,5,6.5,2.52,250.0,85.1,0.22,7.6,250.0
69,40,14,350,3,6.79,3.08,245.9,79.1,0.38,2.4,225.3
71,40,18,350,3,6.84,1.92,250.0,83.8,0.18,1.9,238.2
51,40,9,350,4,4.29,2.16,211.2,81.6,0.26,1.5,224.2
48,40,9,350,4,7.18,2.81,228.8,84.6,0.35,1.3,250.0
51,40,16,350,3,6.35,2.87,215.1,73.0,0.38,9.8,246.4
69,40,14,350,4,6.07,4.0,250.0,89.4,1.19,0.8,250.0
48,40,14,350,4,5.5,2.76,206.4,77.9,0.14,1.6,226.6
48,40,9,350,5,5.79,1.78,250.0,76.7,0.45,1.0,203.6
51,40,15,350,4,3.32,3.41,218.9,79.2,0.48,2.3,250.0
55,40,11,350,3,3.94,3.22,193.3,89.1,0.34,0.9,250.0
69,40,13,350,5,8.11,1.7,250.0,76.8,0.15,0.1,220.0
69,40,11,350,4,4.32,1.58,250.0,94.6,0.29,1.1,250.0
53,40,13,350,3,3.6,3.61,217.4,72.8,0.22,1.2,250.0
70,40,18,350,3,8.55,2.73,250.0,82.0,0.44,1.6,188.4
52,40,18,350,5,3.44,3.98,250.0,79.4,0.39,1.9,250.0
46,40,11,350,3,4.61,1.54,176.2,74.5,0.24,9.5,250.0
48,40,14,350,5,3.73,1.67,250.0,77.5,2.89,2.7,250.0
72,40,18,350,5,8.63,3.0,250.0,89.4,0.26,0.5,250.0
58,40,11,350,3,6.26,4.37,236.2,94.0,0.33,1.6,250.0
53,40,12,350,3,8.41,1.7,250.0,76.4,0.22,1.6,198.0
70,40,15,350,3,5.13,2.18,250.0,85.8,0.12,1.8,250.0
47,40,15,350,3,5.2,2.61,189.1,81.3,0.17,1.3,250.0
67,40,17,350,5,7.79,2.37,250.0,91.2,1.0,2.7,250.0
73,40,12,350,5,7.6,2.97,250.0,95.0,2.0,1.9,250.0
65,40,11,350,3,8.44,2.33,235.8,81.1,0.23,0.2,250.0
46,40,14,350,4,4.1,3.3,236.0,78.0,0.36,9.3,250.0
61,40,14,350,5,6.11,2.67,250.0,86.8,0.23,0.1,250.0
75,40,16,350,4,3.6,3.23,250.0,95.0,0.24,1.7,250.0
71,40,12,350,4,4.64,3.86,250.0,86.6,0.27,0.7,250.0
72,40,16,350,5,8.11,2.32,250.0,85.7,0.28,0.0,250.0
64,40,12,350,5,4.53,4.14,250.0,79.5,0.17,0.7,226.8
71,40,10,350,3,6.03,3.47,249.6,84.3,0.11,1.3,250.0
47,40,17,350,3,7.85,3.91,221.8,74.9,0.47,2.2,241.0
56,40,10,350,5,5.34,4.31,244.4,85.4,0.4,0.1,238.0
55,40,10,350,5,4.7,2.41,226.2,76.3,0.48,1.8,250.0
56,40,16,350,4,8.67,2.96,231.7,75.7,0.26,1.9,250.0
53,40,9,350,3,4.41,1.78,250.0,84.6,0.32,2.6,221.2
62,40,13,350,5,6.71,3.34,250.0,91.4,0.43,0.2,195.8
61,40,17,350,3,3.56,3.37,207.3,85.6,0.29,0.4,236.0
48,40,11,350,3,8.67,2.17,188.7,77.0,0.18,2.5,250.0
63,40,18,350,4,4.82,2.47,230.3,88.1,0.35,1.2,250.0
66,40,17,350,3,4.76,3.09,250.0,78.8,0.37,1.8,250.0
56,40,9,350,5,8.4,3.91,250.0,86.9,2.34,0.0,250.0
75,40,8,350,5,3.35,3.35,250.0,95.0,0.16,2.9,248.4
74,40,16,350,3,5.23,4.33,250.0,87.7,0.45,2.1,250.0
59,40,18,350,4,3.73,3.4,235.9,78.9,0.47,10.0,250.0
64,40,11,350,4,6.96,4.14,250.0,81.3,0.37,2.5,235.2
58,40,11,350,3,6.8,2.84,214.3,88.7,0.43,2.2,243.2
67,40,13,350,3,8.5,2.79,220.9,76.1,0.31,0.1,250.0
48,40,14,350,4,6.39,3.18,229.1,86.0,0.42,1.8,250.0
73,40,18,350,3,6.86,3.59,250.0,87.2,0.44,1.6,214.0
67,40,14,350,4,7.89,1.94,250.0,88.7,0.29,2.2,250.0
48,40,18,350,5,8.94,1.83,201.8,87.7,0.32,1.9,250.0
54,40,18,350,3,6.98,3.52,243.6,86.2,0.33,1.3,198.3
58,40,16,350,3,3.46,2.6,247.2,77.2,2.4,7.2,250.0
50,40,9,350,4,7.08,2.0,188.8,77.8,0.19,2.6,250.0
60,40,11,350,4,4.67,4.14,227.2,88.8,0.4,2.7,250.0
58,40,15,350,3,5.0,4.28,250.0,90.8,0.44,7.5,250.0
63,40,18,350,3,6.78,1.82,244.2,75.7,0.37,1.3,242.8
47,40,7,350,5,8.42,3.04,250.0,67.5,0.38,0.8,248.4
60,40,15,350,4,3.56,3.03,232.7,77.4,1.45,0.5,236.8
64,40,7,350,5,6.11,4.06,239.9,89.9,0.46,1.4,250.0
61,40,12,350,4,5.82,1.87,213.3,89.2,0.38,1.9,248.4
49,40,10,350,5,5.78,2.12,239.4,84.8,0.31,7.8,240.4
69,40,9,350,3,3.8,1.97,236.1,86.4,0.11,9.6,250.0
46,40,9,350,5,4.06,2.47,208.5,85.1,0.17,2.3,232.6
61,40,9,350,5,5.77,3.37,250.0,86.5,0.33,1.4,249.4
56,40,18,350,3,8.59,2.22,222.0,81.8,0.31,1.0,247.0
63,40,8,350,4,3.46,3.29,239.6,85.3,0.36,1.2,244.7
64,40,14,350,3,5.94,3.03,238.9,78.9,0.15,0.6,223.2
50,40,15,350,5,4.26,4.24,235.1,75.4,0.41,0.3,227.0
58,40,9,350,3,5.18,1.86,218.8,82.4,0.24,1.5,216.2
49,40,7,350,3,4.9,3.56,219.8,76.7,0.28,1.1,250.0
52,40,7,350,3,6.45,4.16,207.4,76.4,0.26,2.0,250.0
60,40,14,350,3,5.63,3.75,250.0,78.1,1.76,9.4,250.0
69,40,14,350,5,6.97,2.74,250.0,86.4,0.45,1.6,250.0
66,40,14,350,5,4.24,2.61,250.0,92.3,0.35,2.8,250.0
57,40,10,350,5,8.45,2.87,240.4,85.6,0.49,0.8,250.0
74,40,18,350,3,8.76,2.65,250.0,82.5,1.55,1.7,249.8
72,40,7,350,4,5.14,4.14,250.0,90.7,2.81,0.5,250.0
46,40,18,350,3,5.25,1.75,220.6,79.5,0.34,0.8,246.1
73,40,17,350,3,8.19,4.48,241.8,84.0,0.2,1.5,250.0
70,40,15,350,3,4.43,2.22,238.2,92.9,0.49,0.4,245.0
55,40,7,350,5,8.44,2.71,250.0,82.1,0.13,1.8,250.0
72,40,8,350,5,4.27,1.56,236.3,91.7,0.5,2.2,250.0
64,40,15,350,5,6.79,4.12,250.0,89.3,0.34,1.2,221.6
69,40,11,350,4,5.6,3.5,243.4,82.8,0.24,1.7,250.0
47,40,17,350,5,4.97,1.61,212.3,82.2,0.25,0.8,250.0
49,40,17,350,3,6.48,2.13,250.0,64.3,0.47,8.2,250.0
66,40,14,350,5,7.78,2.66,250.0,93.3,0.39,0.4,250.0
47,40,13,350,5,5.73,3.23,247.0,81.8,0.35,9.1,250.0
60,40,17,350,5,4.82,3.76,250.0,84.6,0.47,2.8,217.8
60,40,17,350,3,3.89,2.67,250.0,78.7,0.32,0.1,238.2
50,40,12,350,3,3.6,1.89,201.0,80.6,0.19,1.8,217.4
67,40,7,350,4,4.91,1.79,233.1,85.6,0.42,2.9,250.0
66,40,7,350,3,8.28,1.67,208.3,84.1,0.41,0.8,250.0
53,40,16,350,5,3.88,3.57,235.6,80.1,0.22,2.9,228.8
71,40,17,350,3,6.06,1.66,250.0,93.5,0.13,0.1,231.1
58,40,8,350,3,3.94,3.52,215.4,82.3,0.46,2.9,250.0
60,40,9,350,4,4.01,1.7,228.8,87.4,0.43,0.9,224.6
75,40,17,350,5,7.2,3.22,250.0,90.5,0.38,7.8,250.0
52,40,7,350,4,3.3,4.07,215.0,78.8,0.14,2.0,250.0
64,40,10,350,4,4.01,3.2,237.1,89.3,1.36,2.8,250.0
74,40,16,350,3,6.12,2.72,250.0,91.3,0.11,2.8,250.0
48,40,13,350,5,3.48,2.96,220.1,84.5,0.24,1.1,250.0
71,40,8,350,4,6.97,4.09,250.0,90.2,0.48,2.8,250.0
61,40,18,350,4,8.8,4.14,250.0,86.1,0.39,3.0,250.0
70,40,11,350,5,7.2,3.46,250.0,85.9,0.33,0.3,250.0
69,40,17,350,4,3.18,2.79,250.0,91.0,0.36,1.9,242.6
75,40,12,350,5,7.13,2.5,250.0,92.6,0.3,1.7,250.0
55,40,9,350,5,7.57,4.24,230.6,83.4,0.49,2.0,250.0
66,40,15,350,3,3.84,2.43,250.0,81.2,0.41,8.6,250.0
68,40,7,350,5,7.57,3.14,250.0,85.1,0.23,2.6,250.0
67,40,13,350,3,4.88,3.69,228.6,81.9,0.47,2.6,225.4
71,40,14,350,4,8.64,3.46,250.0,89.7,0.32,1.8,214.5
56,40,10,350,3,8.29,3.78,209.3,81.2,0.42,2.0,250.0
51,40,13,350,3,3.53,3.39,203.4,78.8,0.19,2.3,250.0
67,40,13,350,4,3.62,3.31,238.7,88.3,0.4,1.2,240.8
57,40,18,350,5,6.4,3.28,250.0,91.8,0.41,1.0,250.0
58,40,12,350,5,5.09,2.24,230.6,85.0,0.33,2.9,247.9
56,40,18,350,4,7.47,2.41,250.0,81.3,0.11,1.3,250.0
68,40,10,350,3,6.51,2.94,232.8,92.7,0.16,1.6,250.0
70,40,14,350,3,5.04,3.12,250.0,95.0,0.22,1.3,250.0
71,40,8,350,3,8.19,3.4,246.6,78.4,0.4,0.7,250.0
49,40,15,350,5,4.36,2.68,250.0,76.7,0.14,2.1,214.6
64,40,9,350,4,7.18,2.29,250.0,80.8,0.47,0.8,250.0
61,40,7,350,3,8.44,1.73,205.2,80.8,0.14,1.8,250.0
64,40,12,350,5,3.18,2.37,249.1,91.8,0.4,2.7,250.0
68,40,15,350,5,4.23,2.34,250.0,89.3,0.44,1.2,250.0
48,40,7,350,5,8.93,3.16,250.0,83.8,0.28,1.4,222.2
57,40,15,350,5,8.03,4.07,250.0,81.5,0.35,8.2,250.0
50,40,7,350,4,6.43,1.64,213.1,79.8,0.5,1.5,210.2
57,40,11,350,5,3.32,4.1,247.9,81.3,0.31,0.7,244.5
52,40,10,350,3,6.7,2.25,197.5,82.8,0.21,0.1,211.1
66,40,18,350,3,5.41,1.72,237.4,78.0,0.38,0.2,250.0
58,40,8,350,3,6.24,1.69,207.6,79.2,0.22,2.7,250.0
74,40,16,350,5,4.48,3.23,250.0,95.0,0.27,1.3,250.0
69,40,11,350,4,7.9,1.88,250.0,83.6,0.15,2.9,250.0
64,40,17,350,4,3.5,3.38,250.0,89.2,0.19,10.0,250.0
66,40,12,350,5,4.81,3.81,250.0,90.2,0.27,0.1,250.0
71,40,7,350,5,7.54,3.88,250.0,89.3,0.48,0.8,216.9
66,40,18,350,5,3.75,2.21,250.0,83.9,0.36,0.4,250.0
53,40,15,350,3,5.37,1.65,206.9,75.0,0.38,2.5,250.0
70,40,15,350,5,8.26,1.91,250.0,92.9,0.13,7.6,250.0
63,40,18,350,5,5.45,3.41,250.0,82.3,1.71,7.7,250.0
72,40,12,350,5,5.36,2.8,250.0,95.0,0.44,0.7,222.8
53,40,7,350,5,8.73,4.32,245.7,89.0,0.24,2.2,235.2
70,40,8,350,3,4.37,2.06,213.8,87.8,0.3,1.1,199.0
61,40,18,350,3,3.61,3.76,223.9,84.2,0.41,1.1,250.0
51,40,18,350,3,6.08,2.02,190.7,71.2,0.41,2.2,250.0
48,40,7,350,5,8.11,3.93,250.0,83.7,0.38,1.6,250.0
75,40,14,350,5,3.19,3.18,250.0,95.0,0.42,1.0,250.0
65,40,13,350,4,8.21,4.4,250.0,90.8,0.49,1.3,250.0
75,40,11,350,4,8.94,2.67,250.0,92.7,0.18,8.7,250.0
62,40,10,350,4,8.0,3.7,242.6,89.0,1.16,0.5,250.0
72,40,12,350,3,6.93,3.27,228.8,89.6,0.26,1.8,222.8
73,40,8,350,5,4.87,3.54,250.0,94.3,2.62,3.0,250.0
55,40,13,350,3,6.88,2.21,212.6,72.9,0.28,2.6,250.0
49,40,11,350,5,6.93,2.96,222.3,84.4,0.34,0.4,250.0
53,40,10,350,5,6.29,3.77,238.8,86.6,0.26,2.1,178.0
69,40,7,350,4,8.82,2.62,250.0,83.7,0.4,1.0,250.0
46,40,7,350,3,5.97,1.61,166.8,80.1,0.37,1.7,250.0
68,40,14,350,3,8.46,2.69,250.0,87.4,0.47,2.7,250.0
50,40,17,350,4,6.92,4.45,250.0,81.2,0.12,1.3,250.0
67,40,16,350,4,4.17,3.71,250.0,90.0,0.31,0.6,250.0
73,40,8,350,3,8.67,2.68,250.0,85.6,0.3,7.3,250.0
50,40,18,350,5,8.61,3.44,250.0,87.3,0.24,2.8,213.8
54,40,16,350,5,4.89,3.79,250.0,89.9,0.15,1.6,250.0
47,40,11,350,4,5.85,2.29,200.4,80.8,0.21,2.4,243.0
67,40,8,350,4,6.4,2.19,250.0,91.3,0.4,2.6,250.0
58,40,18,350,5,4.39,4.02,231.4,84.4,0.44,1.7,250.0
65,40,10,350,5,5.86,2.29,250.0,91.9,0.37,0.2,250.0
56,40,14,350,4,5.07,3.76,250.0,91.4,0.37,9.8,250.0
72,40,15,350,5,3.96,2.02,243.7,94.3,0.13,0.8,209.6
64,40,12,350,4,7.68,2.32,233.9,86.3,0.17,1.5,231.3
51,40,8,350,4,6.03,2.26,204.8,81.7,0.24,2.0,250.0
47,40,17,350,3,7.39,4.24,223.5,79.4,0.19,0.3,250.0
57,40,16,350,5,7.24,1.87,250.0,73.7,0.39,2.8,250.0
57,40,18,350,4,7.06,4.45,250.0,78.2,1.85,0.6,250.0
72,40,18,350,5,6.82,3.75,250.0,93.6,2.01,2.8,250.0
47,40,18,350,4,7.49,3.33,250.0,75.3,0.38,0.8,250.0
57,40,8,350,5,3.86,2.25,236.5,84.7,0.44,2.5,250.0
70,40,18,350,5,5.59,3.84,250.0,87.4,0.13,0.6,218.2
53,40,8,350,5,4.29,2.97,247.6,81.8,2.46,2.8,250.0
46,40,7,350,5,6.89,2.75,214.1,71.0,0.22,1.3,250.0
51,40,16,350,5,4.18,4.1,238.7,80.7,0.29,1.0,245.8
72,40,18,350,5,4.45,2.04,250.0,81.0,0.19,1.1,250.0
57,40,14,350,4,5.49,2.84,237.9,78.7,0.47,1.4,250.0
57,40,8,350,4,3.16,3.83,250.0,81.9,0.14,2.1,250.0
57,40,13,350,5,7.25,2.85,250.0,74.4,0.13,2.1,250.0
53,40,11,350,3,4.93,2.3,250.0,75.2,0.45,9.3,249.2
50,40,11,350,4,7.46,1.66,250.0,74.1,2.31,1.2,250.0
48,40,13,350,4,4.08,3.32,209.9,86.7,0.14,2.1,250.0
66,40,17,350,3,4.81,2.86,250.0,84.2,0.11,1.3,250.0
75,40,9,350,5,6.0,3.62,250.0,95.0,2.98,0.3,250.0
73,40,12,350,5,5.26,4.22,250.0,90.7,2.04,0.6,233.2
68,40,12,350,4,5.15,3.27,250.0,86.4,0.38,1.9,250.0
48,40,18,350,3,8.06,3.03,200.5,80.9,0.16,1.5,250.0
71,40,8,350,3,7.53,3.57,249.4,87.6,0.41,2.8,250.0
51,40,15,350,5,8.49,2.44,245.5,78.4,0.25,0.1,250.0
60,40,10,350,4,5.75,4.27,250.0,86.7,0.19,2.1,240.8
74,40,11,350,4,5.64,2.2,250.0,88.1,0.23,1.7,250.0
73,40,7,350,3,4.14,1.68,230.6,88.6,0.45,9.6,250.0
68,40,8,350,4,4.96,4.48,247.0,89.3,0.24,1.0,250.0
71,40,13,350,5,7.47,4.28,250.0,85.9,0.42,9.7,250.0
61,40,18,350,3,4.52,2.59,250.0,78.2,0.48,2.5,250.0
48,40,17,350,4,6.49,4.48,249.5,75.3,0.18,1.6,250.0
60,40,11,350,5,5.46,2.4,246.5,83.1,0.46,1.4,250.0
63,40,15,350,4,5.0,2.41,249.6,90.6,0.2,0.7,241.8
65,40,13,350,3,3.63,2.91,239.2,89.5,1.7,7.3,250.0
58,40,12,350,5,5.46,1.76,236.4,87.0,0.32,1.9,250.0
67,40,17,350,3,8.39,2.94,250.0,81.6,0.23,1.6,217.8
61,40,11,350,5,5.52,3.03,250.0,91.5,0.3,2.9,250.0
51,40,8,350,4,7.93,4.25,208.8,87.6,0.39,2.9,207.8
54,40,14,350,4,5.35,2.46,250.0,90.6,0.14,8.7,224.4
53,40,15,350,3,4.22,1.88,191.8,75.1,0.49,1.1,250.0
46,40,14,350,3,8.03,1.89,191.9,74.2,0.49,2.3,250.0
64,40,15,350,5,5.58,1.91,250.0,79.6,0.14,1.4,250.0
71,40,13,350,5,3.81,4.27,250.0,95.0,0.34,3.0,250.0
58,40,13,350,5,6.45,2.49,250.0,83.5,2.73,2.6,250.0
48,40,17,350,5,3.8,3.26,247.5,78.7,0.28,1.9,231.2
71,40,16,350,3,4.38,4.07,250.0,87.8,0.18,7.4,250.0
56,40,10,350,4,6.27,3.85,220.3,77.5,0.49,0.1,250.0
60,40,14,350,3,8.2,2.78,250.0,74.5,0.3,2.8,250.0
54,40,8,350,3,6.49,2.38,250.0,77.5,0.35,0.4,210.8
73,40,18,350,4,5.27,4.44,250.0,94.0,1.64,1.2,250.0
56,40,15,350,3,3.8,2.84,204.2,75.9,0.32,10.0,250.0
69,40,17,350,3,4.14,2.01,248.5,85.8,0.15,3.0,214.6
69,40,17,350,3,5.61,3.59,237.5,92.0,0.38,1.8,250.0
54,40,11,350,3,6.28,1.61,201.9,81.8,0.42,0.8,250.0
68,40,8,350,4,8.82,2.43,250.0,87.1,0.49,0.5,250.0
73,40,15,350,4,8.77,4.47,250.0,91.6,0.14,1.2,250.0
73,40,11,350,5,7.23,4.08,250.0,92.5,0.22,8.7,250.0
68,40,7,350,5,3.57,3.31,245.8,83.5,0.15,0.7,211.4
63,40,10,350,4,6.32,4.04,250.0,78.3,0.15,8.2,250.0
54,40,12,350,3,8.18,2.11,206.7,87.1,0.24,2.0,250.0
64,40,15,350,5,7.34,4.17,250.0,85.2,0.1,1.0,250.0
66,40,8,350,5,3.41,3.56,250.0,81.9,0.34,0.8,206.1
70,40,16,350,3,4.39,3.04,250.0,78.4,1.38,1.2,250.0
50,40,10,350,5,5.34,2.33,198.2,80.8,0.25,0.3,233.5
75,40,11,350,4,6.1,3.85,250.0,83.6,0.43,2.8,250.0
55,40,8,350,5,6.31,3.68,228.7,72.9,1.77,8.9,250.0
49,40,11,350,3,4.75,3.82,250.0,80.8,0.11,0.4,241.6
46,40,16,350,5,3.64,1.84,207.0,83.5,0.47,2.0,250.0
48,40,16,350,3,7.83,4.4,238.5,73.8,0.5,0.5,239.0
53,40,10,350,5,5.34,3.81,250.0,83.6,0.3,7.3,250.0
57,40,11,350,3,4.76,1.76,229.7,82.7,0.5,2.8,250.0
72,40,7,350,4,8.53,2.28,249.0,91.1,0.29,7.3,250.0
75,40,10,350,3,3.38,2.31,250.0,89.8,0.23,9.8,250.0
51,40,8,350,5,6.16,3.97,250.0,86.3,0.46,2.6,218.9
71,40,18,350,4,7.65,2.36,250.0,84.2,0.35,1.4,250.0
52,40,10,350,4,6.43,4.02,202.9,78.5,0.43,1.4,250.0
66,40,11,350,5,7.5,3.17,249.4,89.6,0.43,1.3,250.0
54,40,18,350,3,3.78,3.83,249.0,79.9,0.45,2.0,250.0
59,40,17,350,5,6.6,4.42,250.0,82.6,0.1,0.9,250.0
54,40,13,350,3,6.81,3.65,250.0,81.2,0.2,1.1,250.0
67,40,11,350,3,3.44,4.33,250.0,84.6,0.37,1.2,238.4
46,40,18,350,5,7.86,1.53,250.0,89.4,0.39,9.6,250.0
51,40,13,350,4,4.28,2.33,228.6,89.0,0.45,0.2,250.0
65,40,16,350,4,4.27,2.62,244.1,83.7,0.18,2.7,250.0
60,40,13,350,3,6.78,3.22,250.0,89.5,0.31,0.9,227.3
51,40,8,350,5,6.39,4.4,239.9,85.2,0.39,7.6,250.0
73,40,8,350,3,6.44,1.8,219.5,84.8,0.25,2.4,250.0
65,40,11,350,5,3.38,2.57,249.0,78.5,0.41,1.8,250.0
66,40,11,350,5,3.69,3.66,250.0,95.0,0.17,1.6,250.0
70,40,14,350,4,7.49,3.6,250.0,95.0,0.21,1.4,229.4
67,40,13,350,3,6.66,3.35,250.0,81.9,0.27,1.1,250.0
58,40,17,350,3,8.65,1.7,221.4,84.7,0.14,2.9,246.6
70,40,15,350,5,7.77,1.95,250.0,91.1,0.16,1.5,198.2
47,40,11,350,4,5.03,2.27,234.4,87.6,0.4,1.0,241.0
48,40,8,350,4,8.43,4.37,190.6,84.4,0.36,0.8,242.0
67,40,9,350,3,5.93,3.22,231.5,82.7,0.12,1.4,236.9
62,40,18,350,3,7.95,1.71,233.8,83.8,0.22,0.9,200.2
52,40,10,350,5,8.87,3.26,230.2,72.8,0.18,2.1,250.0
51,40,8,350,4,3.26,2.67,193.7,85.9,0.38,2.6,232.2
61,40,16,350,5,6.67,1.87,250.0,84.9,0.16,1.7,250.0
55,40,18,350,3,6.54,1.81,217.4,79.1,0.41,1.0,241.0
63,40,7,350,5,8.32,3.93,248.9,88.6,1.15,0.5,234.5
62,40,15,350,4,7.94,1.79,231.4,86.6,0.2,0.3,250.0
49,40,9,350,5,7.07,2.44,215.5,84.2,0.27,1.2,250.0
72,40,18,350,5,6.65,3.37,250.0,90.2,0.27,0.5,250.0
70,40,7,350,5,5.64,4.21,250.0,86.5,0.34,1.2,250.0
66,40,12,350,3,5.68,3.33,250.0,88.5,2.88,9.8,250.0
70,40,9,350,5,8.48,3.5,250.0,89.6,0.39,1.2,237.4
59,40,10,350,3,5.71,1.67,220.0,82.4,0.19,2.4,250.0
60,40,7,350,4,6.23,2.57,227.3,82.8,0.19,2.2,240.4
66,40,12,350,5,7.69,2.18,250.0,87.8,0.14,2.6,231.3
61,40,8,350,4,6.59,3.12,229.8,75.1,0.43,2.1,250.0
48,40,12,350,4,3.35,3.01,220.1,83.4,0.24,1.9,250.0
75,40,12,350,5,6.9,4.42,250.0,89.1,0.2,1.1,227.4
72,40,8,350,5,8.25,3.8,250.0,93.5,1.75,1.0,238.6
58,40,12,350,4,7.01,2.71,220.5,82.4,0.32,9.5,250.0
47,40,16,350,5,4.29,1.85,208.9,85.6,0.22,2.3,227.7
61,40,9,350,3,5.49,2.28,250.0,93.5,0.48,1.2,250.0
53,40,8,350,4,5.13,4.43,216.3,89.0,0.15,0.3,250.0
64,40,10,350,3,8.53,4.29,250.0,74.3,0.19,1.0,250.0
74,40,9,350,3,6.84,1.94,250.0,95.0,0.44,8.7,250.0
63,40,11,350,4,3.75,4.02,250.0,85.1,0.42,2.7,250.0
52,40,7,350,5,4.24,3.61,218.8,82.1,0.49,1.5,225.6
63,40,12,350,3,4.53,1.52,250.0,86.1,0.32,0.6,250.0
65,40,12,350,3,3.49,4.17,213.0,82.0,0.2,1.9,250.0
56,40,9,350,5,4.76,2.29,250.0,83.8,0.46,9.6,250.0
59,40,12,350,5,5.13,3.14,250.0,91.9,2.43,1.3,250.0
70,40,17,350,4,6.4,3.92,245.4,95.0,0.38,7.1,250.0
58,40,16,350,3,8.62,4.14,236.1,76.8,0.29,0.0,250.0
70,40,8,350,4,3.82,3.42,226.6,89.8,2.18,9.7,250.0
58,40,12,350,5,8.77,4.42,250.0,90.5,0.17,2.6,250.0
75,40,18,350,5,5.29,2.02,250.0,82.7,0.32,2.8,250.0
59,40,11,350,5,8.61,4.26,250.0,82.3,0.29,2.7,250.0
67,40,10,350,5,6.62,2.09,250.0,94.0,0.32,0.6,242.2
55,40,18,350,4,6.38,2.22,241.7,85.6,0.31,9.7,250.0
53,40,8,350,4,7.95,2.13,235.3,86.1,0.3,0.3,209.4
68,40,14,350,3,5.45,1.88,250.0,75.6,0.26,1.0,250.0
49,40,13,350,4,4.18,4.2,203.9,85.3,0.23,1.3,250.0
66,40,8,350,5,8.07,3.02,250.0,91.9,0.46,2.2,250.0
58,40,18,350,4,4.26,4.28,250.0,86.7,0.5,1.2,250.0
72,40,15,350,5,4.62,2.35,250.0,93.0,0.29,2.5,226.0
66,40,12,350,5,4.86,3.08,250.0,90.9,0.25,0.1,250.0
52,40,17,350,4,8.96,2.76,212.9,73.3,0.26,0.6,203.9
60,40,18,350,5,8.13,3.57,250.0,86.1,0.32,2.7,207.2
51,40,17,350,3,8.76,2.73,197.9,73.3,0.37,1.2,250.0
53,40,10,350,3,3.87,1.97,193.0,76.6,0.21,1.8,250.0
68,40,8,350,5,6.02,1.72,250.0,91.2,2.71,1.0,250.0
51,40,18,350,3,3.8,1.77,250.0,88.1,0.26,2.4,250.0
73,40,10,350,4,7.75,3.08,250.0,95.0,0.39,2.5,250.0
74,40,16,350,3,8.94,3.91,250.0,81.9,0.19,0.8,221.8
68,40,16,350,5,5.56,3.96,250.0,88.5,0.42,2.9,250.0
55,40,8,350,4,3.93,3.7,216.2,87.6,0.14,0.2,250.0
62,40,9,350,4,7.73,1.92,250.0,86.6,0.34,2.5,250.0
62,40,14,350,5,5.83,1.72,250.0,92.2,0.29,0.7,250.0
54,40,7,350,4,8.23,3.91,250.0,84.4,0.23,2.2,250.0
54,40,17,350,3,5.67,4.06,244.6,81.1,0.28,0.7,250.0
63,40,14,350,5,5.76,2.5,250.0,82.0,1.51,0.2,250.0
50,40,15,350,5,7.31,1.68,250.0,78.5,0.24,1.1,250.0
63,40,16,350,3,3.2,2.44,240.9,76.9,0.34,0.6,250.0
63,40,13,350,5,4.67,1.52,250.0,95.0,0.14,1.1,206.0
69,40,14,350,3,3.81,2.71,247.3,94.7,0.45,8.4,250.0
46,40,14,350,4,8.34,2.76,200.0,77.9,1.88,1.8,250.0
54,40,12,350,3,3.22,3.66,243.2,79.7,0.39,0.1,229.2
56,40,9,350,4,8.11,1.75,218.4,80.7,0.21,0.8,248.4
49,40,11,350,3,6.93,4.44,223.0,79.0,0.41,2.1,247.9
64,40,15,350,3,7.9,1.54,242.4,81.2,0.27,0.2,241.4
46,40,18,350,4,3.21,2.8,234.4,74.4,0.48,1.3,250.0
63,40,15,350,3,4.39,1.79,236.6,81.1,1.66,0.7,250.0
68,40,9,350,5,7.48,3.67,250.0,94.1,2.68,1.0,250.0
54,40,12,350,5,3.96,2.57,250.0,80.8,0.12,1.9,248.8
67,40,11,350,3,3.72,2.7,239.3,83.9,0.44,0.2,250.0
64,40,7,350,5,6.97,2.58,240.4,95.0,0.28,0.4,250.0
53,40,14,350,4,7.3,2.6,247.6,81.2,0.46,0.8,250.0
75,40,10,350,5,3.73,2.85,250.0,90.4,0.42,0.1,250.0
55,40,18,350,5,7.58,2.69,250.0,87.9,0.11,2.4,250.0
60,40,16,350,3,7.95,2.61,247.0,80.2,0.16,0.3,250.0
61,40,8,350,5,6.58,2.61,250.0,92.9,0.32,1.5,223.6
54,40,17,350,5,5.4,3.81,250.0,82.3,0.29,1.3,234.6
52,40,7,350,3,7.7,4.29,213.5,78.1,0.42,2.5,233.8
55,40,12,350,5,7.61,1.98,225.7,80.7,0.21,7.2,250.0
64,40,10,350,3,6.11,3.14,218.7,83.2,0.47,0.6,239.6
51,40,11,350,4,7.8,3.87,229.3,75.3,0.37,2.2,250.0
62,40,17,350,4,7.41,2.0,230.4,95.0,0.11,2.5,250.0
72,40,15,350,4,5.29,4.23,250.0,82.2,0.38,0.7,250.0
56,40,17,350,4,8.8,3.31,250.0,82.1,0.33,1.2,250.0
65,40,8,350,5,3.78,2.5,250.0,85.0,0.46,0.8,242.5
65,40,7,350,4,8.47,4.23,250.0,92.6,0.36,2.2,200.1
62,40,13,350,3,6.55,2.6,232.8,89.2,2.11,0.7,250.0
50,40,14,350,3,4.42,2.11,187.0,83.5,0.14,10.0,250.0
68,40,16,350,3,6.14,3.17,250.0,86.2,0.32,1.0,250.0
71,40,17,350,3,8.99,1.86,250.0,81.5,1.46,2.6,250.0
46,40,13,350,5,8.77,3.43,250.0,85.7,0.2,2.8,250.0
51,40,17,350,3,4.35,4.46,250.0,72.3,0.46,1.2,250.0
65,40,10,350,3,6.57,2.55,241.4,85.1,0.49,0.0,250.0
70,40,13,350,5,4.52,2.26,250.0,92.4,0.29,2.3,250.0
66,40,15,350,5,5.84,3.79,250.0,88.0,0.23,1.7,250.0
49,40,14,350,3,3.5,3.69,250.0,77.6,0.34,1.2,250.0
72,40,8,350,4,8.79,3.36,250.0,88.4,0.41,1.8,250.0
74,40,8,350,4,7.69,2.62,250.0,85.1,0.42,0.5,250.0
61,40,16,350,5,6.55,3.42,250.0,86.4,1.13,2.1,250.0
58,40,18,350,5,6.46,3.18,250.0,81.3,0.28,0.3,250.0
61,40,12,350,5,5.6,3.41,250.0,92.7,0.48,0.3,226.8
68,40,9,350,5,5.77,3.7,250.0,90.3,0.27,1.8,250.0
52,40,18,350,5,4.59,2.65,218.5,79.5,0.2,2.0,239.7
67,40,7,350,5,7.11,3.43,250.0,95.0,0.38,2.7,250.0
63,40,7,350,4,6.78,3.09,229.7,87.2,0.28,1.2,250.0
46,40,17,350,3,3.19,3.91,250.0,73.8,0.27,1.7,250.0
71,40,13,350,5,5.8,3.11,250.0,92.6,0.5,0.0,250.0
60,40,15,350,5,4.0,4.19,250.0,94.6,0.46,1.4,244.0
57,40,15,350,5,8.98,1.95,250.0,90.5,0.39,0.7,225.9
46,40,12,350,5,8.53,4.34,232.2,75.3,1.79,1.4,250.0
55,40,7,350,4,3.4,2.63,217.6,78.2,0.44,2.2,222.9
69,40,11,350,3,4.44,4.15,248.2,89.6,0.38,1.1,250.0
48,40,15,350,3,7.48,1.8,208.6,80.8,0.48,2.8,219.3
60,40,12,350,5,7.19,1.99,250.0,77.0,1.12,2.9,250.0
48,40,15,350,3,7.63,3.05,202.3,73.2,0.45,2.7,250.0
60,40,12,350,3,7.14,3.92,233.9,73.0,0.17,1.1,245.6
51,40,18,350,4,7.14,3.37,250.0,84.7,0.38,8.5,241.8
60,40,12,350,5,6.51,2.66,239.2,81.3,1.7,2.6,250.0
47,40,7,350,5,3.54,1.54,206.3,82.6,0.32,2.3,218.4
74,40,12,350,4,4.98,2.78,250.0,90.8,0.46,1.8,245.5
51,40,8,350,3,4.93,3.46,205.5,84.6,0.31,1.2,250.0
51,40,16,350,3,6.95,3.9,232.3,78.1,0.29,1.6,247.0
71,40,12,350,4,8.09,2.94,250.0,89.5,0.37,2.9,250.0
56,40,13,350,4,4.35,3.35,237.0,88.6,0.44,2.3,250.0
75,40,17,350,5,5.19,2.14,250.0,95.0,0.43,2.2,250.0
74,40,13,350,4,3.5,3.04,250.0,95.0,0.4,1.3,232.4
66,40,16,350,5,8.72,3.6,250.0,92.5,0.26,1.1,250.0
65,40,10,350,3,6.9,2.55,221.9,88.7,0.18,1.1,250.0
67,40,14,350,5,3.97,3.24,250.0,93.0,0.2,0.9,250.0
46,40,15,350,4,6.54,3.3,250.0,76.2,0.24,2.7,250.0
74,40,12,350,5,4.49,2.41,250.0,95.0,0.46,1.4,250.0
69,40,9,350,5,4.73,1.58,241.1,86.2,0.2,0.2,250.0
75,40,18,350,5,6.48,3.7,250.0,90.1,0.31,2.6,245.4
65,40,14,350,5,8.26,3.29,250.0,85.2,0.22,7.1,250.0
63,40,12,350,4,7.51,2.77,231.7,83.1,0.16,2.5,226.0
71,40,14,350,4,4.39,1.94,250.0,83.5,1.76,0.8,250.0
52,40,16,350,5,6.98,3.21,214.8,80.2,1.66,0.5,250.0
55,40,15,350,3,7.86,1.66,228.9,71.6,2.77,2.9,248.1
59,40,12,350,5,3.73,4.03,250.0,85.6,0.32,0.3,228.8
52,40,8,350,5,4.64,2.24,196.4,83.2,0.35,9.9,250.0
51,40,16,350,5,7.59,1.82,223.0,80.5,0.45,2.2,250.0
56,40,8,350,3,3.27,2.83,210.8,77.9,0.13,2.7,221.8
54,40,14,350,4,7.74,2.9,235.7,88.3,0.28,7.7,250.0
46,40,7,350,5,7.63,2.56,210.4,77.2,0.32,2.1,250.0
67,40,18,350,3,7.4,4.38,250.0,80.7,0.38,0.1,250.0
59,40,17,350,3,8.04,2.61,250.0,76.6,0.13,0.1,250.0
65,40,12,350,4,4.56,1.74,249.0,84.9,0.32,0.2,221.1
51,40,13,350,3,4.18,4.04,250.0,83.8,0.12,0.6,250.0
47,40,11,350,3,4.86,3.48,215.6,71.2,0.4,1.9,250.0
69,40,13,350,3,6.91,2.95,250.0,77.3,2.4,9.9,250.0
53,40,11,350,5,4.26,2.82,250.0,73.9,0.5,1.2,250.0
64,40,9,350,3,6.09,2.09,220.7,82.9,0.37,0.6,245.6
73,40,17,350,5,3.73,3.95,250.0,92.8,0.22,1.6,223.9
68,40,10,350,3,8.8,2.21,238.0,88.6,0.12,1.5,250.0
58,40,9,350,3,6.23,2.33,215.0,80.4,2.19,1.8,250.0
71,40,10,350,4,6.63,4.27,250.0,85.8,0.28,2.2,214.3
46,40,9,350,4,5.54,2.35,216.2,76.7,0.17,0.6,250.0
51,40,9,350,3,5.59,1.8,202.4,75.6,1.94,0.3,250.0
75,40,10,350,5,6.49,3.4,250.0,89.1,0.22,0.4,250.0
67,40,9,350,5,4.16,4.47,250.0,90.5,0.11,9.5,250.0
68,40,12,350,5,7.69,2.38,250.0,95.0,0.34,9.1,250.0
68,40,16,350,3,3.61,2.97,231.0,84.3,0.15,0.2,246.6
55,40,18,350,5,4.67,2.2,250.0,91.8,1.44,2.1,225.4
68,40,10,350,3,7.03,3.44,243.6,81.8,0.28,1.8,226.8
46,40,14,350,3,6.14,2.43,196.5,72.9,2.67,2.7,250.0
58,40,8,350,3,8.81,3.62,216.3,86.3,0.41,0.2,221.8
64,40,10,350,4,8.94,2.87,238.0,77.3,0.11,2.5,250.0
52,40,8,350,4,8.71,3.58,215.0,83.6,0.18,0.5,250.0
47,40,13,350,5,3.92,2.58,250.0,85.2,0.1,2.6,250.0
74,40,16,350,4,8.01,2.1,250.0,84.0,0.27,0.7,250.0
65,40,18,350,4,4.72,1.86,247.6,95.0,0.14,0.4,209.3
70,40,11,350,4,8.11,2.59,250.0,95.0,0.47,0.9,226.6
46,40,10,350,4,6.79,4.25,205.8,80.2,0.24,1.0,250.0
49,40,8,350,3,5.78,4.09,216.4,73.9,0.2,2.0,250.0
73,40,11,350,3,7.84,3.88,250.0,92.1,1.65,1.6,250.0
70,40,12,350,5,4.37,3.56,250.0,89.4,0.12,1.1,250.0
55,40,18,350,4,4.03,1.98,250.0,80.0,0.17,2.0,250.0
68,40,16,350,5,7.25,1.86,250.0,86.7,0.39,1.9,217.4
68,40,17,350,4,3.79,2.91,250.0,89.2,0.21,0.1,250.0
51,40,16,350,4,3.39,2.05,204.9,78.8,2.09,1.8,250.0
73,40,8,350,4,3.16,2.81,250.0,89.5,0.36,2.5,250.0
65,40,14,350,4,5.79,4.26,250.0,87.6,0.25,2.3,250.0
57,40,7,350,5,3.6,3.68,236.0,83.0,0.12,1.8,237.6
61,40,15,350,5,7.51,1.79,250.0,84.4,0.5,2.8,250.0
57,40,8,350,4,6.36,1.7,229.5,82.9,0.36,2.3,250.0
54,40,12,350,5,8.41,3.82,250.0,77.3,0.23,1.5,203.7
50,40,18,350,4,8.78,3.68,241.1,79.9,0.33,1.1,250.0
55,40,14,350,3,5.43,4.18,195.0,79.1,0.1,9.4,250.0
71,40,14,350,3,7.33,3.81,250.0,84.9,0.31,1.8,192.6
52,40,16,350,4,3.16,3.97,220.1,81.0,0.45,1.1,250.0
47,40,11,350,4,6.25,2.98,181.6,76.1,0.19,2.6,249.6
69,40,17,350,5,7.33,3.64,250.0,91.6,0.34,1.1,250.0
69,40,13,350,3,7.81,3.28,237.6,87.7,0.1,0.1,246.6
74,40,7,350,4,4.57,2.53,250.0,90.3,1.07,0.8,230.0
62,40,7,350,5,3.96,2.52,244.7,87.6,0.16,7.9,250.0
47,40,12,350,4,3.59,3.82,211.1,76.5,0.47,0.7,250.0
74,40,10,350,4,6.42,4.23,250.0,86.6,0.15,1.3,210.2
62,40,13,350,5,4.88,4.36,250.0,81.7,0.21,2.5,236.0
51,40,11,350,3,6.66,4.18,203.4,87.5,0.16,2.8,227.3
58,40,11,350,3,6.26,3.7,224.1,72.1,0.29,1.0,233.6
63,40,11,350,3,6.81,3.26,215.1,78.3,0.22,2.9,225.0
51,40,12,350,3,5.29,2.58,225.7,82.9,0.38,1.1,195.2
55,40,10,350,3,6.34,2.02,211.6,75.5,1.09,0.2,250.0
46,40,7,350,3,4.61,2.58,185.7,76.3,0.3,2.4,242.2
53,40,13,350,4,4.61,4.16,250.0,87.2,0.28,0.8,221.8
52,40,18,350,5,8.96,3.84,229.3,84.4,0.39,2.8,250.0
46,40,10,350,4,7.3,2.99,214.8,73.2,0.27,2.1,218.6
51,40,12,350,5,6.3,2.65,241.9,83.4,0.3,1.8,250.0
47,40,18,350,3,5.37,2.39,207.2,76.1,0.13,1.1,250.0
47,40,11,350,5,4.78,2.08,250.0,75.2,0.33,0.4,250.0
61,40,11,350,4,6.18,3.2,250.0,79.5,0.25,2.8,250.0
66,40,14,350,5,7.93,4.16,250.0,91.1,0.27,1.5,250.0
63,40,14,350,5,4.45,2.61,250.0,80.0,0.49,0.7,250.0
55,40,16,350,3,7.49,4.2,241.3,69.3,0.21,1.3,229.1
54,40,18,350,5,4.44,4.22,250.0,82.1,0.44,2.7,250.0
52,40,14,350,3,6.23,2.68,221.4,70.2,2.01,0.7,250.0
55,40,8,350,5,8.13,2.88,250.0,81.3,0.35,1.9,239.0
68,40,17,350,3,5.04,3.44,224.4,81.2,0.27,0.4,250.0
58,40,8,350,4,7.64,2.12,227.1,74.0,0.46,2.3,250.0
64,40,8,350,4,7.58,1.77,248.4,85.2,0.29,2.6,250.0
75,40,10,350,3,6.79,2.65,250.0,85.4,0.3,2.9,250.0
66,40,7,350,4,3.74,4.22,250.0,84.9,2.79,1.5,250.0
60,40,16,350,5,4.27,2.36,250.0,87.0,0.27,2.9,250.0
60,40,15,350,3,6.07,2.42,250.0,92.1,0.42,1.8,227.6
66,40,8,350,4,8.14,3.57,250.0,86.6,0.15,0.9,229.1
64,40,12,350,3,6.02,2.47,215.0,88.8,0.35,1.5,250.0
53,40,9,350,4,4.71,2.01,223.7,82.7,0.15,0.4,250.0
65,40,13,350,4,5.15,2.1,246.7,79.9,0.33,2.5,250.0
74,40,14,350,5,7.61,2.65,250.0,88.5,0.35,0.3,250.0
48,40,14,350,5,3.74,3.92,237.6,88.2,0.35,1.6,250.0
65,40,16,350,5,4.67,2.51,250.0,87.9,2.89,1.7,250.0
75,40,15,350,3,7.9,4.06,250.0,95.0,0.43,1.5,250.0
72,40,11,350,4,5.95,1.55,250.0,78.6,0.19,1.6,250.0
47,40,16,350,4,3.58,4.49,250.0,84.1,0.44,7.2,250.0
64,40,9,350,5,5.84,4.26,250.0,94.7,2.04,2.5,250.0
61,40,13,350,5,8.5,3.03,238.6,91.5,0.18,0.9,250.0
64,40,8,350,5,4.9,1.52,233.0,92.5,0.14,0.6,210.9
49,40,18,350,5,5.39,4.38,250.0,76.8,0.24,0.7,250.0
63,40,7,350,3,4.02,3.71,206.7,90.6,0.1,0.1,250.0
65,40,15,350,5,5.09,2.03,250.0,85.7,0.4,0.8,235.3
68,40,13,350,4,5.72,2.87,250.0,87.8,0.15,2.0,250.0
57,40,14,350,3,3.8,4.48,226.5,85.9,2.11,3.0,250.0
74,40,11,350,5,6.92,3.12,250.0,91.4,0.13,8.3,250.0
62,40,16,350,5,7.74,2.33,244.0,85.3,0.45,2.4,250.0
73,40,10,350,4,5.42,1.98,240.6,89.3,0.5,2.1,226.0
48,40,15,350,5,4.5,2.57,250.0,80.4,0.31,2.0,230.4
68,40,10,350,3,4.4,2.68,211.1,75.5,0.31,2.9,241.7
51,40,10,350,5,4.97,2.32,218.8,86.7,0.5,0.8,250.0
57,40,9,350,3,7.51,3.18,226.9,83.9,0.43,9.9,250.0
61,40,18,350,5,8.98,2.51,250.0,85.6,0.2,1.3,234.0
56,40,13,350,5,5.38,3.79,250.0,80.6,0.45,8.4,250.0
57,40,11,350,4,7.65,2.39,226.5,85.2,1.51,2.5,250.0
54,40,10,350,5,6.47,2.78,250.0,87.7,1.07,1.1,250.0
46,40,17,350,3,3.58,2.49,220.9,83.5,0.11,0.1,246.6
68,40,11,350,3,3.29,3.88,250.0,82.2,0.49,8.4,250.0
66,40,11,350,4,7.42,4.39,244.6,85.6,0.38,1.7,241.0
66,40,15,350,5,4.5,2.07,250.0,88.0,0.13,2.5,237.3
56,40,15,350,5,5.49,1.74,229.4,80.6,0.14,0.0,250.0
68,40,16,350,3,3.4,1.8,226.6,85.2,0.49,0.5,250.0
67,40,14,350,5,8.92,4.38,250.0,91.1,0.37,0.2,213.2
61,40,17,350,4,4.46,4.21,250.0,86.7,0.12,2.3,250.0
50,40,10,350,4,8.54,2.82,207.0,74.9,0.3,0.9,246.4
67,40,11,350,3,7.29,3.43,250.0,87.6,0.21,2.4,250.0
69,40,8,350,3,8.96,2.47,238.7,86.8,0.5,1.2,250.0
51,40,8,350,4,7.33,4.42,241.8,85.6,0.32,0.6,243.2
61,40,17,350,4,4.61,4.4,244.6,81.6,0.4,2.7,250.0
75,40,11,350,3,3.29,3.41,236.3,95.0,0.25,3.0,245.8
66,40,9,350,5,7.73,2.2,250.0,85.4,2.59,1.1,250.0
58,40,9,350,3,5.89,3.82,231.5,77.1,0.25,0.2,214.6
70,40,17,350,5,4.67,3.33,250.0,95.0,0.4,0.3,250.0
48,40,9,350,5,6.67,4.03,210.2,87.7,0.39,2.2,239.2
73,40,15,350,3,8.77,3.17,250.0,89.5,0.17,0.2,250.0
60,40,16,350,3,7.66,3.81,225.6,80.5,0.49,0.1,250.0
57,40,14,350,5,8.73,2.32,250.0,88.7,0.42,2.5,235.0
72,40,14,350,3,3.96,4.05,250.0,93.7,2.05,2.5,239.9
71,40,8,350,4,5.14,1.53,219.9,83.7,0.32,0.3,250.0
51,40,9,350,3,8.84,3.84,200.4,70.0,0.25,1.3,250.0
65,40,18,350,3,4.03,3.23,250.0,87.8,0.38,0.3,231.8
66,40,9,350,5,5.0,3.96,250.0,90.4,0.28,0.0,207.5
52,40,12,350,3,4.89,3.53,225.1,77.2,0.34,2.2,224.5
48,40,14,350,3,5.33,3.27,203.3,76.4,0.38,1.7,244.6
52,40,7,350,4,3.25,3.56,211.7,79.3,0.34,2.2,250.0
52,40,12,350,4,8.12,3.93,232.9,78.4,2.64,1.4,250.0
65,40,7,350,5,6.82,2.79,250.0,88.9,0.18,1.5,250.0
72,40,12,350,5,8.01,3.38,250.0,93.6,0.21,2.4,250.0
47,40,13,350,5,6.15,2.24,250.0,83.7,0.36,8.6,250.0
72,40,8,350,3,6.47,1.88,250.0,83.4,0.22,0.3,250.0
55,40,18,350,5,6.76,2.99,250.0,84.0,0.32,1.8,250.0
56,40,8,350,4,4.59,4.1,250.0,82.4,0.32,2.9,250.0
65,40,13,350,3,3.78,2.72,250.0,81.8,1.42,2.3,250.0
70,40,14,350,5,5.29,3.24,250.0,87.5,0.18,0.2,250.0
67,40,11,350,3,8.36,1.73,222.8,81.6,0.18,2.1,235.6
74,40,8,350,4,8.19,3.53,250.0,84.2,0.26,0.1,250.0
61,40,8,350,5,7.43,2.46,225.5,81.0,0.4,7.5,231.2
61,40,17,350,5,5.94,2.45,250.0,82.6,0.44,9.3,250.0
46,40,13,350,5,7.69,2.58,199.0,70.5,0.4,1.0,250.0
53,40,13,350,5,8.71,3.75,250.0,88.2,0.33,0.0,217.6
57,40,18,350,4,5.9,3.8,250.0,80.3,0.41,0.3,221.0
52,40,12,350,4,5.02,2.91,212.6,81.5,0.2,2.7,250.0
47,40,16,350,4,4.49,3.21,213.8,85.0,0.21,1.6,250.0
62,40,13,350,3,3.56,3.11,250.0,90.8,0.38,1.8,250.0
65,40,7,350,3,5.97,2.86,250.0,71.6,0.44,1.8,250.0
75,40,16,350,4,6.91,3.84,250.0,91.4,0.46,2.8,250.0
73,40,15,350,3,3.18,3.26,242.7,85.6,2.87,2.8,250.0
55,40,14,350,3,3.2,2.45,239.3,75.6,0.28,0.7,250.0
70,40,15,350,4,6.58,3.35,250.0,81.2,0.4,0.4,215.8
71,40,12,350,5,7.95,3.17,250.0,78.6,0.22,0.6,250.0
51,40,7,350,3,5.35,1.77,208.4,77.3,0.46,1.8,250.0
59,40,10,350,3,8.4,3.05,250.0,74.2,0.47,0.2,250.0
47,40,9,350,4,7.33,2.54,250.0,77.5,0.12,1.5,234.4
58,40,16,350,4,5.21,2.91,250.0,91.3,0.23,2.2,222.2
74,40,9,350,3,4.34,2.94,227.3,78.7,0.48,0.4,250.0
47,40,16,350,3,3.91,3.5,211.1,76.7,0.48,7.7,250.0
64,40,8,350,3,5.98,4.47,250.0,88.9,0.2,9.9,250.0
61,40,9,350,4,8.84,3.68,219.6,85.3,1.01,2.0,250.0
68,40,18,350,5,7.13,1.7,250.0,89.8,0.49,1.6,250.0
73,40,9,350,5,8.86,2.06,250.0,85.9,0.43,0.5,250.0
72,40,8,350,5,8.25,3.09,250.0,89.4,0.24,7.9,231.4
68,40,14,350,4,3.92,1.74,250.0,88.6,1.99,7.5,250.0
54,40,8,350,3,6.16,2.35,200.2,81.4,0.45,2.4,250.0
73,40,10,350,4,7.15,1.61,250.0,95.0,0.34,1.0,249.6
60,40,12,350,4,3.65,2.06,250.0,82.4,0.39,2.4,250.0
59,40,8,350,3,3.98,2.83,241.0,84.2,0.33,2.0,232.0
70,40,18,350,5,4.47,3.99,250.0,94.3,0.25,8.4,250.0
55,40,8,350,4,8.37,1.79,220.1,74.2,0.45,0.3,192.3
56,40,17,350,4,6.73,3.87,237.6,84.6,0.32,2.1,250.0
54,40,7,350,3,3.63,3.48,184.5,83.9,0.26,2.5,250.0
67,40,15,350,4,6.8,3.18,250.0,82.3,0.18,0.3,215.4
71,40,11,350,5,4.95,3.09,250.0,76.9,0.15,2.7,250.0
54,40,9,350,3,7.29,4.37,211.7,81.9,0.29,8.4,250.0
51,40,15,350,5,5.65,3.88,246.2,88.3,0.41,2.8,250.0
66,40,18,350,5,4.39,3.47,250.0,91.6,0.43,0.3,250.0
57,40,16,350,5,8.86,4.42,250.0,87.4,2.82,2.7,250.0
75,40,17,350,3,7.07,3.62,250.0,88.9,0.29,8.2,250.0
55,40,14,350,3,6.46,3.05,250.0,85.1,0.28,1.7,224.0
56,40,7,350,5,3.87,3.8,226.4,77.0,1.61,1.8,250.0
55,40,9,350,5,6.71,1.68,213.8,86.0,0.39,2.7,242.5
60,40,11,350,3,4.42,3.06,220.0,72.5,0.17,0.8,250.0
51,40,9,350,4,3.25,3.46,227.2,77.2,0.12,1.7,234.4
59,40,14,350,5,7.56,2.05,250.0,83.8,0.27,0.6,250.0
51,40,16,350,4,8.22,3.55,226.6,81.9,0.22,1.9,250.0
55,40,15,350,4,8.56,4.19,250.0,77.1,1.92,2.5,250.0
74,40,10,350,4,5.47,3.57,250.0,84.6,0.48,7.3,250.0
59,40,13,350,5,8.72,4.13,250.0,82.6,0.16,2.1,250.0
50,40,10,350,4,6.02,2.87,231.4,84.1,0.2,2.0,236.0
58,40,9,350,5,4.42,3.16,244.8,92.0,0.41,1.8,217.3
48,40,18,350,4,4.41,3.7,226.0,79.7,0.45,1.9,216.9
47,40,8,350,3,7.46,4.5,204.8,84.1,0.42,0.2,250.0
62,40,14,350,3,5.43,2.07,203.5,79.5,0.11,2.5,250.0
68,40,13,350,5,3.94,3.79,248.0,94.7,0.26,0.6,250.0
68,40,12,350,5,8.46,4.15,250.0,86.4,0.18,2.9,250.0
72,40,18,350,5,6.22,3.64,250.0,81.9,0.2,2.9,250.0
73,40,18,350,3,3.83,2.34,250.0,87.6,0.16,0.9,249.4
61,40,13,350,5,3.28,2.21,250.0,92.6,1.52,9.7,250.0
69,40,10,350,3,3.35,2.97,243.9,95.0,0.43,1.7,247.9
53,40,12,350,5,3.34,2.51,222.2,84.9,2.11,1.0,250.0
48,40,13,350,5,6.27,4.12,235.5,83.1,0.28,2.3,217.0
69,40,14,350,4,4.93,3.97,250.0,80.3,0.12,0.1,246.2
47,40,15,350,4,8.74,2.55,204.8,78.9,0.47,0.7,250.0
58,40,18,350,3,6.33,3.26,244.1,93.7,0.18,1.5,205.0
71,40,10,350,4,5.58,3.75,250.0,86.5,0.33,2.1,250.0
60,40,13,350,3,8.32,1.93,197.0,82.8,0.44,2.5,234.0
72,40,11,350,4,4.66,4.1,250.0,87.5,0.15,2.2,250.0
48,40,8,350,3,7.71,2.79,218.6,84.2,0.22,1.3,250.0
59,40,11,350,5,7.39,3.12,243.6,91.0,0.44,0.5,222.4
66,40,9,350,5,7.92,3.98,250.0,90.2,0.36,2.2,250.0
49,40,12,350,5,6.96,3.63,214.0,84.7,0.45,0.3,250.0
47,40,12,350,5,8.4,3.69,250.0,78.8,0.17,1.4,250.0
61,40,14,350,5,8.2,2.76,250.0,80.2,0.39,0.5,250.0
57,40,16,350,5,6.62,3.87,250.0,88.9,0.22,8.9,250.0
51,40,8,350,4,6.43,4.15,246.1,75.8,0.22,2.8,250.0
60,40,12,350,5,3.38,2.91,229.0,85.2,0.18,0.1,233.0
56,40,14,350,3,7.33,2.01,250.0,75.7,0.38,0.8,250.0
46,40,15,350,5,7.89,1.59,230.0,74.8,0.31,2.8,250.0
73,40,14,350,4,4.0,3.81,250.0,86.5,0.23,1.2,211.0
72,40,11,350,4,4.31,1.95,250.0,81.1,0.45,2.7,250.0
56,40,9,350,4,5.17,1.75,203.3,85.9,0.35,2.3,250.0
74,40,18,350,4,7.39,2.14,250.0,95.0,0.22,1.8,227.8
75,40,16,350,3,8.58,2.82,250.0,82.7,0.41,2.4,241.8
60,40,17,350,3,3.86,2.55,218.2,86.4,0.39,7.2,250.0
48,40,17,350,3,4.59,3.59,227.2,83.9,0.19,2.5,235.3
59,40,16,350,3,8.71,3.06,222.6,88.5,0.4,1.0,250.0
56,40,16,350,3,5.78,2.42,223.7,69.8,0.22,2.5,250.0
62,40,15,350,4,7.8,2.16,244.1,79.6,0.45,1.8,250.0
49,40,15,350,4,7.2,2.22,250.0,82.9,0.37,2.5,250.0
58,40,16,350,3,5.96,2.46,237.7,82.8,0.19,2.9,250.0
75,40,15,350,3,8.48,3.47,250.0,78.9,0.28,0.8,248.3
56,40,17,350,5,5.61,3.94,250.0,92.7,0.16,0.8,250.0
61,40,10,350,3,5.25,3.22,241.3,89.2,0.27,0.3,250.0
72,40,17,350,5,3.33,2.7,250.0,89.3,0.11,2.0,243.8
54,40,11,350,4,7.57,4.38,249.5,82.1,0.23,2.5,250.0
58,40,18,350,5,6.17,3.87,235.2,79.6,0.29,1.6,215.4
68,40,14,350,5,7.95,3.46,250.0,94.5,0.44,1.6,243.6
56,40,7,350,3,5.77,3.21,205.5,73.8,0.15,1.5,239.1
68,40,15,350,3,4.66,4.45,231.4,84.3,0.3,0.8,250.0
68,40,16,350,3,6.37,4.05,231.6,84.7,0.47,2.3,250.0
66,40,17,350,4,7.24,3.63,250.0,86.2,1.64,9.5,250.0
75,40,18,350,4,6.96,4.27,250.0,89.6,0.48,0.3,250.0
73,40,16,350,3,4.23,4.12,250.0,83.7,0.15,2.6,250.0
63,40,18,350,5,4.83,2.5,250.0,89.6,0.44,2.5,250.0
58,40,8,350,4,8.27,3.42,250.0,86.4,0.29,1.4,250.0
59,40,10,350,5,8.27,2.21,239.4,84.6,0.41,0.4,250.0
59,40,8,350,4,3.68,2.36,250.0,86.8,0.16,0.2,218.6
67,40,15,350,5,6.3,3.27,246.1,90.4,0.23,1.9,250.0
55,40,14,350,4,8.88,4.28,215.5,79.1,0.41,2.1,231.4
60,40,8,350,4,7.57,3.93,250.0,82.7,0.38,1.1,250.0
54,40,12,350,5,6.82,2.6,217.9,81.4,0.12,7.2,250.0
65,40,16,350,4,6.95,3.11,250.0,77.4,0.36,2.4,215.1
56,40,17,350,3,6.56,3.32,250.0,80.8,0.42,8.1,250.0
57,40,7,350,3,6.57,2.44,201.3,80.5,0.38,0.1,250.0
59,40,18,350,5,4.82,2.71,237.7,89.4,0.25,0.4,250.0
69,40,18,350,4,4.27,3.35,250.0,93.4,0.3,1.2,234.1
67,40,7,350,3,4.19,2.3,250.0,86.0,0.22,0.5,201.9
59,40,9,350,3,7.21,2.31,225.4,67.7,0.49,2.5,250.0
51,40,16,350,3,8.82,2.15,196.8,83.8,0.47,7.8,250.0
72,40,12,350,4,3.54,4.44,250.0,84.4,0.35,9.8,250.0
60,40,8,350,4,3.97,4.46,218.1,82.8,0.2,0.6,250.0
70,40,11,350,4,6.44,1.87,250.0,81.1,0.26,2.9,227.2
64,40,17,350,4,3.84,3.22,245.8,84.7,0.23,0.6,227.6
68,40,8,350,3,8.49,1.55,213.2,86.5,0.14,1.3,240.6
54,40,7,350,4,7.66,2.3,222.0,82.5,0.24,7.4,250.0
64,40,8,350,3,4.77,2.85,234.0,85.4,0.31,1.5,250.0
68,40,10,350,5,7.66,4.02,250.0,89.9,0.15,1.6,233.4
56,40,18,350,4,4.7,2.54,250.0,82.1,0.39,7.5,250.0
53,40,11,350,3,8.24,3.25,225.5,87.0,0.24,2.8,250.0
59,40,12,350,4,6.98,2.88,241.6,82.6,2.33,0.2,235.3
63,40,11,350,5,7.82,2.14,250.0,92.1,0.29,1.5,250.0
62,40,11,350,3,8.25,1.84,199.7,91.7,0.26,1.6,248.2
70,40,8,350,5,7.0,3.07,250.0,95.0,0.49,9.1,250.0
68,40,16,350,5,3.54,1.78,238.7,94.8,0.43,9.4,250.0
59,40,17,350,5,6.79,1.55,245.4,82.1,0.37,9.2,250.0
62,40,13,350,3,6.9,3.54,250.0,74.9,0.28,1.6,250.0
58,40,18,350,3,4.1,2.72,250.0,81.7,0.25,1.6,250.0
72,40,12,350,4,7.34,2.92,250.0,82.7,0.48,0.7,206.0
61,40,18,350,4,5.66,2.23,250.0,88.4,0.18,2.5,250.0
47,40,7,350,3,3.93,2.22,196.3,62.1,0.26,2.2,205.5
65,40,7,350,5,7.71,4.43,250.0,95.0,0.39,0.9,250.0
57,40,8,350,3,5.33,1.82,193.9,78.8,0.1,0.8,250.0
66,40,17,350,5,7.37,2.79,250.0,88.6,0.11,2.4,250.0
75,40,10,350,3,8.5,3.87,250.0,83.0,0.15,2.6,250.0
57,40,16,350,5,6.43,4.49,248.4,78.4,0.35,3.0,250.0
67,40,11,350,3,6.02,4.42,250.0,78.3,1.41,0.5,204.8
49,40,18,350,4,5.71,1.61,250.0,79.0,0.16,2.4,250.0
47,40,13,350,3,8.2,1.93,181.9,83.1,0.14,7.8,219.0
71,40,13,350,5,7.5,3.06,250.0,89.2,0.48,2.8,236.0
46,40,17,350,3,5.14,1.85,189.6,78.7,0.1,3.0,250.0
60,40,11,350,3,6.34,4.47,219.0,87.7,0.13,2.4,250.0
73,40,13,350,4,6.65,2.86,250.0,90.4,0.47,9.5,250.0
60,40,17,350,3,8.02,2.99,245.3,86.7,0.4,1.4,250.0
72,40,16,350,3,7.59,2.87,250.0,83.0,0.22,2.0,244.5
50,40,14,350,3,5.64,2.8,250.0,83.2,0.17,9.0,245.6
62,40,10,350,4,5.65,2.22,234.2,80.0,0.1,2.2,232.1
55,40,10,350,4,4.33,1.87,211.5,85.3,0.45,0.8,250.0
62,40,13,350,3,3.62,3.35,222.9,82.6,0.48,2.7,250.0
74,40,18,350,4,7.28,3.98,250.0,95.0,0.32,2.3,250.0
65,40,14,350,4,3.68,1.95,243.8,86.2,2.77,2.7,250.0
65,40,13,350,5,6.81,3.51,250.0,86.4,0.32,0.9,233.0
64,40,18,350,4,6.0,2.31,250.0,85.3,0.14,1.6,250.0
64,40,9,350,4,4.44,1.56,225.0,72.9,0.23,2.5,250.0
47,40,15,350,4,8.17,3.4,250.0,73.1,0.47,1.1,250.0
60,40,9,350,5,8.92,2.19,242.7,83.3,0.45,1.5,250.0
71,40,16,350,5,8.52,3.49,250.0,93.0,0.28,1.8,250.0
70,40,11,350,3,8.75,3.82,250.0,91.5,0.25,0.2,233.8
65,40,14,350,3,6.52,2.74,243.8,83.1,0.39,2.4,250.0
51,40,14,350,4,5.9,3.1,229.3,88.9,0.23,1.6,223.4
59,40,14,350,5,6.38,3.79,250.0,90.4,0.49,1.0,226.0
50,40,13,350,3,3.69,4.42,214.4,79.6,2.29,1.7,250.0
52,40,17,350,5,8.54,1.91,215.1,85.2,0.31,2.5,224.9
64,40,14,350,5,6.5,3.67,250.0,89.7,0.1,1.0,250.0
47,40,8,350,4,8.37,3.1,211.5,80.4,2.31,2.3,248.4
57,40,13,350,5,6.51,2.22,249.4,85.1,0.27,0.4,213.3
64,40,9,350,3,5.28,3.13,205.7,82.2,0.17,7.4,250.0
57,40,12,350,4,6.77,1.79,207.8,80.4,0.49,7.4,250.0
52,40,14,350,5,3.51,3.87,249.3,87.5,0.19,9.7,250.0
49,40,10,350,4,7.82,1.6,220.1,73.6,0.4,1.2,241.0
63,40,11,350,5,5.31,2.48,250.0,86.5,0.23,1.4,236.8
67,40,13,350,3,5.61,2.57,230.8,86.6,1.02,2.2,221.6
48,40,17,350,4,8.27,2.74,228.4,84.9,0.36,0.5,201.2
50,40,8,350,3,5.51,3.15,198.6,79.1,1.54,9.2,250.0
47,40,8,350,3,3.26,1.91,194.1,82.2,0.42,0.8,213.1
62,40,8,350,5,7.85,3.9,250.0,90.8,1.33,1.7,250.0
50,40,14,350,3,5.63,3.49,204.0,78.3,0.18,2.9,250.0
74,40,10,350,3,8.09,4.02,250.0,88.3,0.4,2.4,250.0
75,40,11,350,5,5.29,3.92,250.0,83.5,0.17,0.4,233.0
72,40,18,350,3,3.23,1.91,250.0,82.0,0.24,1.8,250.0
67,40,12,350,3,4.16,3.55,229.1,92.9,0.46,2.6,250.0
65,40,16,350,3,4.75,2.6,249.3,85.5,0.36,2.7,250.0
73,40,15,350,5,7.62,2.85,250.0,92.6,0.46,2.5,250.0
67,40,10,350,3,7.13,4.33,250.0,82.3,0.2,2.6,250.0
67,40,10,350,3,5.06,3.55,249.9,83.7,0.44,0.6,240.3
70,40,18,350,5,6.76,1.56,250.0,95.0,0.46,0.4,216.5
68,40,11,350,3,3.92,3.38,231.6,88.6,0.2,0.9,247.8
46,40,12,350,5,6.4,1.96,208.2,79.6,0.19,1.7,250.0
50,40,18,350,5,6.82,3.41,241.6,78.9,0.26,0.2,250.0
73,40,13,350,3,8.15,1.97,250.0,75.7,0.24,0.7,250.0
72,40,8,350,5,7.87,1.92,250.0,88.7,0.38,2.7,250.0
74,40,15,350,5,6.09,2.67,250.0,93.0,0.38,0.6,187.4
73,40,7,350,4,8.57,2.03,250.0,82.4,0.38,0.6,250.0
48,40,10,350,3,8.43,1.9,179.6,73.6,0.4,2.3,250.0
75,40,10,350,3,8.98,3.37,250.0,88.2,0.29,0.3,197.6
65,40,7,350,3,8.86,1.92,237.5,88.1,0.32,9.9,250.0
55,40,11,350,3,6.34,2.11,192.2,77.3,0.29,2.8,236.0
65,40,14,350,5,8.82,1.89,250.0,82.9,0.28,0.5,250.0
46,40,18,350,3,7.15,3.74,221.9,70.1,0.13,2.1,212.5
62,40,10,350,5,8.75,2.03,250.0,81.2,0.26,2.5,250.0
48,40,16,350,3,8.5,2.19,203.2,79.7,0.14,2.6,250.0
62,40,8,350,5,6.79,2.02,250.0,76.0,0.4,2.5,213.0
67,40,7,350,5,3.96,3.69,250.0,89.1,0.24,1.2,250.0
48,40,10,350,3,6.09,1.94,198.3,69.7,0.36,0.2,243.0
57,40,15,350,5,8.69,2.28,249.2,86.8,0.45,2.1,250.0
49,40,12,350,5,7.85,3.13,236.9,81.5,0.47,0.6,229.2
73,40,7,350,5,5.47,4.28,250.0,93.1,0.38,2.4,250.0
63,40,7,350,3,5.14,3.29,220.1,87.4,0.26,0.4,250.0
67,40,15,350,5,6.42,1.65,250.0,87.2,0.32,8.8,250.0
52,40,10,350,5,6.42,3.79,250.0,79.6,0.26,1.5,232.8
55,40,15,350,5,6.97,3.75,250.0,88.1,0.17,0.6,250.0
48,40,10,350,5,3.19,3.49,223.6,78.3,0.15,0.5,250.0
66,40,7,350,4,6.49,3.1,247.0,87.1,0.31,0.1,218.6
71,40,17,350,4,7.89,1.88,250.0,93.2,0.21,2.3,250.0
56,40,11,350,3,3.27,3.79,213.6,71.0,0.31,2.9,250.0
46,40,14,350,3,3.18,1.77,250.0,73.0,0.33,1.2,250.0
49,40,11,350,4,6.86,4.11,250.0,82.6,1.3,1.6,239.9
62,40,10,350,4,6.72,2.81,244.5,83.3,0.45,2.9,250.0
61,40,16,350,4,7.5,1.66,214.8,94.4,2.17,8.4,250.0
67,40,9,350,4,7.13,2.36,248.1,83.0,0.35,2.4,250.0
70,40,9,350,4,3.42,4.05,250.0,87.0,1.0,0.0,250.0
74,40,11,350,3,4.44,2.03,250.0,86.5,0.23,0.5,250.0
74,40,15,350,5,5.54,3.31,250.0,93.4,0.34,1.1,242.4
69,40,11,350,5,5.87,2.37,250.0,86.7,0.14,1.9,247.4
49,40,13,350,5,4.98,4.06,233.4,87.6,0.16,9.7,239.0
61,40,15,350,4,4.34,3.25,238.6,86.0,0.38,0.1,250.0
53,40,9,350,3,4.12,2.23,202.6,82.7,0.15,0.5,246.9
73,40,10,350,4,6.0,1.93,250.0,92.1,0.5,0.4,250.0
56,40,18,350,4,4.68,2.98,242.9,82.7,0.1,2.4,246.9
75,40,12,350,4,8.8,2.53,250.0,95.0,0.11,2.3,250.0
50,40,14,350,3,3.43,4.18,237.0,84.4,2.94,1.9,250.0
72,40,11,350,3,7.18,2.64,250.0,89.3,0.39,1.8,250.0
74,40,13,350,3,4.72,3.45,250.0,86.2,0.16,3.0,234.4
67,40,15,350,5,8.65,4.03,250.0,91.2,0.37,2.3,230.2
53,40,7,350,4,8.47,1.98,221.5,80.3,0.38,2.2,250.0
49,40,8,350,5,4.48,2.41,216.6,83.7,1.53,1.7,250.0
48,40,15,350,4,7.52,1.9,250.0,83.2,0.39,0.7,231.0
57,40,10,350,5,7.61,2.93,226.8,87.0,0.45,1.0,250.0
52,40,15,350,5,6.61,3.23,222.7,83.8,0.25,0.8,206.4
57,40,8,350,4,7.06,3.75,250.0,79.1,0.32,0.7,250.0
57,40,18,350,3,3.79,2.02,199.9,67.5,0.48,0.5,221.8
50,40,12,350,4,7.64,2.88,250.0,80.5,0.49,1.5,250.0
56,40,14,350,3,6.69,4.46,212.8,78.1,0.27,2.0,250.0
72,40,11,350,4,7.74,4.44,250.0,77.3,0.3,0.8,219.9
70,40,18,350,3,7.76,1.89,250.0,86.1,0.44,1.4,222.7
51,40,16,350,4,7.78,3.59,212.6,76.5,0.2,1.7,250.0
50,40,15,350,3,5.02,3.02,211.2,74.5,0.37,1.3,250.0
69,40,7,350,4,6.32,2.62,246.7,88.6,0.42,9.1,250.0
48,40,8,350,4,5.07,3.39,250.0,83.7,0.12,2.3,250.0
62,40,14,350,5,8.3,2.76,250.0,89.2,0.41,0.6,220.8
55,40,7,350,3,7.61,3.66,250.0,76.6,0.4,0.1,250.0
47,40,17,350,5,3.47,1.95,212.5,84.5,0.16,9.2,250.0
59,40,18,350,4,3.43,3.28,250.0,90.7,0.1,0.1,250.0
50,40,17,350,4,8.27,2.14,229.6,72.8,0.42,9.3,237.0
53,40,18,350,5,6.83,4.49,250.0,81.1,0.45,2.0,234.0
49,40,10,350,3,7.34,3.6,198.1,81.3,0.17,1.4,250.0
48,40,15,350,3,3.65,3.39,220.3,77.5,0.23,1.5,209.6
75,40,12,350,5,8.14,1.63,250.0,80.1,0.21,2.5,250.0
51,40,11,350,4,3.28,2.23,200.9,74.3,0.3,2.0,250.0
62,40,16,350,5,6.45,2.75,250.0,83.1,0.37,1.9,247.4
50,40,15,350,5,7.72,4.3,250.0,81.0,0.18,1.7,235.0
48,40,12,350,5,3.46,2.43,235.2,73.1,0.43,0.9,250.0
65,40,8,350,4,8.15,2.21,226.3,86.8,0.28,2.8,250.0
61,40,10,350,5,8.97,1.81,250.0,86.9,0.26,2.3,250.0
64,40,13,350,3,3.61,1.59,243.7,74.2,0.44,2.0,250.0
66,40,12,350,3,7.61,2.45,245.5,85.4,0.14,1.2,224.1
72,40,17,350,3,6.17,3.07,250.0,93.2,0.12,2.8,250.0
62,40,8,350,3,5.51,2.96,217.8,83.6,0.49,0.5,250.0
57,40,16,350,4,8.24,2.16,250.0,82.3,0.49,1.2,211.2
60,40,16,350,4,4.72,3.31,250.0,87.6,0.45,1.4,250.0
46,40,18,350,3,3.26,2.78,199.6,64.5,0.48,0.8,250.0
71,40,9,350,3,8.17,3.93,250.0,86.5,0.14,1.2,250.0
69,40,17,350,5,5.7,3.21,250.0,95.0,0.25,9.9,250.0
65,40,17,350,4,8.58,2.57,250.0,89.1,0.38,2.0,247.8
64,40,14,350,5,6.82,3.82,250.0,88.1,0.41,1.1,210.7
61,40,13,350,4,4.8,2.14,235.1,84.5,0.32,1.1,250.0
47,40,9,350,4,8.46,2.52,200.7,84.0,0.25,0.5,250.0
74,40,14,350,4,4.79,3.71,250.0,90.4,0.41,2.0,250.0
61,40,13,350,3,4.63,2.37,250.0,80.6,0.1,7.7,250.0
65,40,9,350,5,5.37,1.8,250.0,94.5,0.22,0.8,250.0
65,40,16,350,5,7.63,4.38,250.0,84.2,0.36,2.7,235.8
71,40,16,350,4,8.2,2.37,249.0,86.6,0.18,1.6,250.0
48,40,8,350,5,3.52,3.37,221.0,74.4,0.15,1.3,241.9
63,40,7,350,5,6.38,2.33,250.0,88.0,1.8,9.9,250.0
60,40,12,350,3,5.08,3.56,235.1,87.7,0.13,2.4,227.8
54,40,14,350,5,5.76,2.08,211.1,85.4,1.68,1.9,250.0
68,40,8,350,3,3.43,2.5,217.5,82.0,0.24,1.9,193.2
68,40,10,350,5,3.47,3.18,250.0,95.0,0.32,9.0,250.0
49,40,8,350,4,7.37,2.98,183.0,75.8,0.46,1.4,247.1
61,40,15,350,4,4.54,3.47,244.6,95.0,0.36,1.9,211.6
67,40,10,350,4,3.23,2.62,235.3,85.7,0.13,7.3,250.0
48,40,11,350,3,7.14,2.17,199.6,68.2,0.47,1.8,250.0
70,40,10,350,5,8.25,3.19,250.0,89.4,0.2,0.4,250.0
63,40,8,350,5,5.82,2.46,250.0,86.8,0.15,8.9,250.0
68,40,9,350,5,8.26,2.41,250.0,92.6,0.41,2.2,227.4
65,40,10,350,4,4.62,2.91,238.2,92.2,0.16,2.6,250.0
47,40,18,350,3,8.68,3.7,213.5,73.3,0.4,1.8,250.0
58,40,16,350,5,8.7,3.59,250.0,75.9,2.05,8.5,250.0
52,40,17,350,5,3.66,2.23,240.9,87.3,0.12,0.8,250.0
73,40,9,350,5,6.73,1.65,250.0,95.0,0.44,2.6,237.1
60,40,14,350,4,6.47,2.36,250.0,81.8,0.19,0.1,193.6
54,40,11,350,3,5.69,1.86,221.4,76.2,0.37,1.1,250.0
54,40,10,350,3,3.64,2.55,190.4,83.4,0.17,2.4,250.0
68,40,13,350,4,6.76,2.27,250.0,89.2,0.46,2.3,230.2
59,40,14,350,4,8.11,4.02,250.0,81.5,0.26,2.4,250.0
49,40,16,350,4,8.97,3.61,215.2,79.2,0.26,0.9,250.0
58,40,17,350,4,5.66,3.98,250.0,79.9,0.14,1.4,250.0
67,40,7,350,4,5.34,2.98,250.0,87.9,0.35,0.1,230.5
57,40,14,350,5,8.74,3.28,250.0,80.1,0.39,2.8,250.0
55,40,17,350,4,5.62,1.74,224.9,72.8,0.45,0.9,250.0
54,40,14,350,5,6.13,2.3,250.0,85.7,0.44,1.0,232.6
57,40,7,350,4,6.31,3.25,250.0,89.0,0.21,2.7,250.0
51,40,11,350,5,8.96,2.33,222.5,91.4,0.34,0.5,250.0
71,40,15,350,5,3.36,1.81,250.0,86.8,0.21,1.6,222.2
75,40,16,350,4,7.44,2.65,250.0,95.0,0.21,1.5,250.0
58,40,15,350,4,7.88,1.89,213.4,81.2,0.34,2.9,250.0
69,40,15,350,5,6.15,3.77,250.0,88.6,0.46,1.0,250.0
49,40,9,350,4,6.24,3.82,250.0,76.2,0.49,2.3,250.0
71,40,14,350,4,7.5,1.99,250.0,88.7,0.14,1.7,240.4
68,40,8,350,4,3.68,1.96,242.4,87.6,2.02,1.4,250.0
60,40,13,350,3,4.03,4.06,232.3,74.8,0.14,1.2,250.0
64,40,9,350,3,8.59,4.21,250.0,83.7,2.51,2.3,250.0
74,40,17,350,3,4.51,1.72,250.0,86.0,0.49,7.1,250.0
60,40,12,350,3,5.55,4.24,231.2,79.6,0.29,0.9,201.5
47,40,11,350,4,5.1,1.94,250.0,78.5,0.21,0.8,250.0
48,40,16,350,4,6.09,3.47,194.0,76.1,0.21,8.9,250.0
75,40,15,350,5,5.3,2.23,250.0,95.0,2.97,2.2,250.0
67,40,7,350,4,6.57,1.77,244.4,85.8,0.11,2.2,250.0
50,40,10,350,3,5.3,4.03,237.0,78.7,0.49,1.9,235.9
75,40,16,350,5,5.68,3.69,250.0,91.7,0.41,1.1,250.0
47,40,16,350,3,5.24,4.08,221.9,73.5,0.37,0.6,250.0
69,40,9,350,4,5.54,2.1,250.0,90.4,0.17,2.1,250.0
69,40,7,350,4,3.19,3.36,250.0,94.1,0.27,2.5,250.0
66,40,15,350,5,4.87,4.22,250.0,94.4,0.3,0.4,250.0
64,40,16,350,4,5.8,2.54,250.0,92.5,0.11,7.1,250.0
69,40,17,350,3,8.21,3.5,250.0,79.7,0.22,2.8,199.0
49,40,16,350,3,3.69,2.87,250.0,81.8,0.39,2.9,219.2
47,40,9,350,3,7.18,1.79,185.9,76.8,0.19,1.0,205.6
48,40,9,350,3,3.74,4.29,203.2,72.3,0.42,2.2,242.2
50,40,16,350,4,7.68,1.67,199.2,85.8,0.47,0.4,242.2
59,40,7,350,5,6.87,2.87,228.2,91.2,0.45,2.2,250.0
63,40,17,350,4,8.07,1.78,233.7,92.0,0.4,2.1,227.8
54,40,14,350,5,7.06,4.15,250.0,83.1,0.27,2.3,250.0
51,40,16,350,3,5.66,2.01,214.4,74.5,0.43,1.1,250.0
60,40,15,350,3,7.86,2.76,249.1,83.0,1.5,2.8,250.0
60,40,9,350,4,6.18,4.1,250.0,89.9,2.31,8.5,250.0
62,40,10,350,4,7.53,3.23,239.2,79.6,0.12,1.6,250.0
59,40,18,350,4,3.5,2.73,244.5,84.0,0.36,0.6,250.0
68,40,14,350,4,7.81,2.21,250.0,84.6,0.5,1.5,219.6
51,40,10,350,5,7.12,3.33,243.6,87.8,0.15,1.6,250.0
49,40,10,350,3,5.61,3.63,206.8,75.3,0.28,0.4,250.0
75,40,18,350,3,6.26,3.38,250.0,89.6,0.46,2.0,243.7
54,40,13,350,5,8.27,3.33,250.0,84.9,0.13,0.4,230.6
55,40,11,350,5,3.78,3.33,229.8,77.5,0.41,2.8,250.0
72,40,7,350,3,6.75,2.14,227.2,87.1,0.11,1.3,250.0
58,40,7,350,5,6.66,4.37,248.4,76.2,0.49,1.7,250.0
49,40,17,350,5,6.58,3.58,248.7,86.9,2.68,1.8,250.0
57,40,9,350,5,8.2,3.67,250.0,84.6,0.35,9.1,239.3
62,40,12,350,4,6.79,4.31,238.2,95.0,0.27,1.8,238.4
56,40,11,350,4,8.86,2.89,202.2,74.9,0.46,0.1,250.0
73,40,13,350,3,7.75,3.13,228.1,84.5,0.12,2.9,250.0
69,40,14,350,5,3.32,2.31,250.0,90.6,0.2,3.0,250.0
51,40,9,350,5,3.97,4.34,245.6,85.1,0.26,2.8,250.0
46,40,13,350,5,8.41,3.69,237.1,94.1,0.39,0.2,250.0
53,40,13,350,4,4.95,4.07,249.6,79.5,0.43,1.0,250.0
56,40,14,350,5,7.61,3.25,250.0,78.4,0.13,1.1,250.0
75,40,11,350,3,7.23,3.2,250.0,95.0,0.18,0.5,250.0
67,40,10,350,4,3.3,3.76,246.3,79.6,0.12,0.9,223.2
71,40,10,350,4,7.05,2.93,250.0,86.1,0.44,1.7,250.0
57,40,8,350,4,3.29,3.18,218.2,87.6,0.49,2.8,250.0
72,40,7,350,5,3.34,3.49,250.0,92.4,0.12,1.8,209.1
65,40,12,350,5,8.78,3.87,250.0,90.0,0.27,0.8,244.4
50,40,9,350,4,4.02,1.58,201.0,80.3,0.49,8.3,250.0
65,40,13,350,5,6.61,2.64,237.6,84.3,0.49,2.9,250.0
65,40,7,350,3,3.27,3.76,250.0,82.7,0.12,1.0,239.4
60,40,15,350,3,6.4,3.95,243.6,86.8,0.4,2.9,228.6
50,40,16,350,4,4.22,3.95,234.1,81.5,0.26,0.9,242.8
46,40,12,350,5,4.73,2.16,212.5,78.9,0.22,0.4,250.0
59,40,16,350,4,6.07,3.83,235.8,82.5,0.21,8.5,229.3
71,40,12,350,3,6.26,2.51,250.0,76.3,0.17,7.3,250.0
58,40,8,350,3,6.1,1.91,196.4,83.0,0.15,2.1,250.0
61,40,16,350,5,4.1,3.63,250.0,80.5,0.34,0.4,250.0
73,40,8,350,5,5.69,3.6,250.0,92.6,0.34,1.0,237.2
75,40,12,350,3,3.31,2.21,250.0,88.1,1.15,0.8,233.6
58,40,15,350,3,4.56,3.2,228.6,78.2,1.59,1.1,250.0
56,40,9,350,3,8.95,3.07,213.5,86.2,0.13,9.6,250.0
56,40,8,350,3,7.44,4.15,225.2,84.7,0.47,0.4,250.0
52,40,11,350,4,4.19,4.04,230.6,76.0,0.34,1.8,218.7
65,40,7,350,5,6.71,3.16,250.0,93.0,0.43,2.6,235.2
47,40,9,350,4,5.19,2.85,207.3,81.3,0.23,1.9,250.0
54,40,11,350,3,7.67,3.51,219.6,81.8,0.28,0.6,250.0
64,40,7,350,5,5.16,2.85,250.0,82.8,0.14,0.8,250.0
55,40,8,350,4,6.81,4.27,250.0,87.9,0.11,0.7,250.0
51,40,9,350,5,4.95,3.51,250.0,79.7,0.13,1.6,250.0
72,40,15,350,3,8.72,1.71,250.0,85.8,0.12,2.6,241.5
51,40,18,350,4,6.88,2.44,250.0,75.6,0.49,7.6,249.2
52,40,11,350,4,4.09,4.11,230.6,83.9,1.52,1.8,250.0
50,40,18,350,3,7.99,2.51,215.3,85.1,0.26,2.3,195.8
51,40,13,350,5,5.2,3.56,250.0,85.1,0.14,1.7,225.8
46,40,12,350,4,7.42,2.08,183.8,83.2,0.23,1.5,242.5
54,40,12,350,4,5.34,2.87,217.8,83.2,0.35,1.0,227.8
74,40,10,350,4,7.95,1.73,233.8,88.4,0.43,1.3,199.9
48,40,18,350,4,8.53,3.75,219.0,80.0,0.13,1.1,248.9
49,40,11,350,3,6.83,3.03,188.9,80.3,0.33,0.9,219.8
57,40,17,350,3,4.35,4.4,243.1,88.3,0.23,0.2,210.0
51,40,7,350,4,6.85,1.96,211.7,79.9,0.23,8.7,250.0
48,40,18,350,4,4.32,4.01,205.8,72.5,0.42,1.7,250.0
68,40,18,350,5,4.46,2.77,250.0,95.0,1.29,0.8,250.0
69,40,10,350,5,6.39,2.44,250.0,86.1,0.48,0.6,238.7
63,40,15,350,4,8.36,3.15,250.0,76.5,0.13,0.2,250.0
67,40,16,350,4,5.77,1.55,229.4,89.7,0.26,2.3,250.0
73,40,10,350,3,3.73,2.48,250.0,92.2,0.39,1.6,250.0
62,40,11,350,4,3.3,3.76,238.8,86.4,1.77,1.1,250.0
69,40,15,350,3,4.57,4.09,250.0,91.0,0.44,9.4,250.0
64,40,17,350,3,8.35,4.36,245.4,85.3,0.3,2.7,204.1
57,40,13,350,4,7.54,3.01,250.0,77.0,0.48,1.1,250.0
47,40,11,350,4,6.98,2.05,190.2,72.3,0.13,2.4,235.2
75,40,14,350,3,4.98,3.23,250.0,91.8,0.24,1.5,250.0
56,40,14,350,5,6.58,3.78,224.9,86.5,0.12,1.5,250.0
68,40,12,350,3,8.65,3.45,250.0,84.0,0.44,8.9,250.0
75,40,8,350,4,8.33,4.16,250.0,85.0,0.12,2.8,211.9
68,40,10,350,4,7.19,2.99,250.0,94.3,0.1,2.2,250.0
49,40,10,350,3,7.62,3.89,200.3,76.2,0.23,1.9,234.9
71,40,18,350,3,4.25,3.06,250.0,84.5,0.39,1.5,211.1
61,40,9,350,5,3.68,2.11,224.8,86.2,0.5,2.3,242.4
58,40,9,350,3,5.16,3.9,200.0,81.8,2.6,2.2,228.4
59,40,15,350,3,6.63,2.32,226.8,85.0,0.18,0.6,250.0
48,40,7,350,3,8.19,1.9,181.7,75.4,0.35,0.4,250.0
65,40,10,350,5,7.18,2.37,250.0,88.1,0.46,1.9,250.0
64,40,15,350,5,3.7,3.02,250.0,90.1,0.47,8.3,250.0
54,40,17,350,3,5.36,1.78,250.0,82.6,0.37,2.0,250.0
46,40,15,350,4,6.51,2.91,216.2,83.0,0.28,2.9,250.0
51,40,11,350,5,5.58,3.34,250.0,87.5,0.21,3.0,248.2
62,40,10,350,5,3.87,2.56,250.0,85.5,0.21,1.9,212.5
49,40,11,350,4,8.97,4.07,234.5,75.1,0.38,1.8,250.0
55,40,15,350,3,6.1,1.88,202.7,76.1,0.11,1.1,250.0
66,40,15,350,3,5.3,2.94,250.0,78.4,0.26,2.5,213.4
74,40,15,350,3,5.47,1.75,250.0,87.6,0.31,2.2,229.2
50,40,16,350,3,6.78,3.44,200.7,79.9,0.1,1.0,250.0
50,40,12,350,4,8.36,3.73,216.9,71.3,1.45,0.1,250.0
62,40,13,350,5,5.34,3.98,250.0,86.0,0.13,1.1,250.0
64,40,12,350,5,7.42,4.39,250.0,80.0,0.18,2.2,250.0
68,40,14,350,4,6.88,4.46,250.0,86.4,0.26,2.3,250.0
50,40,12,350,5,7.06,3.63,250.0,78.5,0.25,2.3,250.0
69,40,15,350,4,6.43,3.21,250.0,88.1,0.21,0.3,229.7
75,40,15,350,5,8.54,3.7,250.0,91.6,0.5,0.3,226.4
60,40,9,350,4,7.14,2.88,225.5,84.3,0.25,1.4,250.0
57,40,11,350,4,7.56,2.52,217.9,84.2,0.26,2.4,250.0
49,40,11,350,3,8.33,2.0,250.0,82.3,0.3,1.2,250.0
66,40,17,350,4,6.82,3.66,244.2,90.2,0.42,2.1,243.4
52,40,7,350,3,3.48,3.78,250.0,78.0,0.14,0.0,235.1
70,40,9,350,4,3.17,1.97,229.7,81.2,0.29,3.0,250.0
54,40,10,350,4,5.01,3.46,233.0,72.6,0.38,1.9,250.0
54,40,17,350,5,5.71,4.08,250.0,88.4,0.29,0.6,206.8
47,40,13,350,5,6.92,3.54,250.0,82.1,1.68,2.9,250.0
51,40,14,350,3,4.45,3.98,200.3,79.5,0.43,2.7,224.8
60,40,15,350,5,7.9,3.94,250.0,71.4,0.32,0.6,226.2
58,40,12,350,3,6.21,2.79,208.9,83.8,0.49,7.5,248.6
54,40,12,350,5,3.29,3.33,219.3,85.6,0.2,1.1,250.0
47,40,7,350,5,5.95,3.32,215.0,84.1,0.33,0.6,217.2
69,40,7,350,5,6.53,4.22,250.0,88.2,0.35,2.2,250.0
48,40,10,350,4,3.49,2.0,210.2,71.5,0.31,1.6,250.0
72,40,16,350,5,3.47,1.59,250.0,94.0,0.4,1.3,239.2
70,40,18,350,3,8.98,2.49,250.0,83.4,1.23,2.7,250.0
67,40,14,350,3,3.7,2.04,228.7,84.4,0.23,1.6,250.0
68,40,8,350,5,5.58,1.67,229.9,95.0,0.35,0.2,236.8
50,40,7,350,3,3.18,3.36,250.0,77.7,0.15,1.9,189.9
66,40,9,350,3,3.9,3.72,230.9,83.5,0.27,1.3,250.0
47,40,8,350,4,4.47,2.06,181.0,69.3,0.43,2.8,250.0
66,40,12,350,3,7.19,4.02,245.3,83.2,0.15,2.8,250.0
46,40,16,350,4,8.63,3.92,250.0,74.0,2.7,2.4,250.0
61,40,7,350,5,8.32,2.95,250.0,89.0,0.35,3.0,238.8
62,40,14,350,5,4.77,4.43,250.0,95.0,1.86,0.8,250.0
58,40,16,350,3,5.15,2.83,223.1,76.6,0.45,1.2,250.0
49,40,17,350,4,5.5,2.12,227.2,80.7,0.35,0.5,230.7
64,40,14,350,4,8.46,4.01,250.0,87.2,0.49,0.1,214.4
53,40,17,350,3,6.09,3.58,223.7,84.3,0.2,2.6,250.0
59,40,13,350,4,4.05,1.93,206.7,78.7,2.21,0.7,250.0
72,40,10,350,5,6.39,1.63,250.0,91.0,0.37,2.6,230.8
74,40,13,350,4,7.52,1.64,250.0,87.2,0.13,2.5,250.0
57,40,9,350,3,4.97,2.86,216.2,78.1,0.45,1.1,250.0
61,40,10,350,5,5.13,2.77,249.0,90.5,0.38,2.7,250.0
69,40,12,350,5,5.2,3.06,250.0,95.0,0.49,2.9,250.0
57,40,16,350,3,6.95,4.49,250.0,81.2,0.48,3.0,248.1
74,40,12,350,3,7.81,4.48,250.0,84.2,0.19,0.2,250.0
49,40,15,350,5,5.09,1.52,230.4,85.7,0.49,2.7,250.0
59,40,16,350,5,6.27,2.5,248.8,94.7,0.29,7.7,250.0
64,40,14,350,5,6.77,2.37,250.0,85.8,0.18,1.7,231.3
55,40,7,350,5,7.38,2.69,250.0,85.0,0.25,0.6,228.6
56,40,18,350,3,3.73,1.92,222.7,83.2,0.21,2.2,233.0
55,40,12,350,4,5.2,2.63,222.7,80.8,0.49,0.5,250.0
53,40,14,350,5,3.34,2.46,222.1,84.0,2.81,1.5,250.0
52,40,12,350,4,7.52,3.45,250.0,79.3,0.12,0.7,224.4
61,40,10,350,3,6.69,3.3,231.1,72.5,0.16,1.0,207.1
60,40,7,350,4,5.94,2.63,220.2,85.9,0.47,0.3,250.0
50,40,15,350,4,3.62,2.35,201.2,79.6,2.6,1.2,231.6
73,40,16,350,4,3.59,3.84,250.0,91.7,0.49,1.0,250.0
53,40,13,350,3,5.58,4.31,188.4,74.9,1.95,0.1,250.0
72,40,8,350,5,3.77,3.73,250.0,92.6,0.47,2.5,250.0
75,40,12,350,4,8.64,4.35,250.0,78.1,0.27,2.8,247.8
57,40,14,350,4,5.57,3.04,237.6,81.9,0.28,2.4,220.0
62,40,14,350,3,7.18,1.64,233.9,82.3,0.49,1.0,250.0
47,40,10,350,3,8.49,4.06,207.4,74.4,0.12,0.2,224.7
55,40,14,350,3,7.6,2.38,250.0,79.0,0.5,1.2,250.0
55,40,15,350,4,8.91,2.55,222.2,81.9,0.33,2.0,250.0
64,40,8,350,5,3.52,4.25,250.0,88.7,0.27,1.1,250.0
66,40,16,350,3,3.53,3.5,250.0,84.5,0.4,2.3,250.0
52,40,13,350,3,8.08,1.61,250.0,85.8,0.39,2.2,250.0
71,40,11,350,5,5.34,4.14,250.0,83.6,0.45,1.7,250.0
65,40,17,350,3,8.25,3.61,250.0,78.2,1.66,2.8,250.0
57,40,15,350,4,5.93,1.72,250.0,81.1,0.3,0.6,250.0
67,40,10,350,3,4.89,2.37,250.0,88.6,0.28,0.5,250.0
75,40,14,350,5,8.5,3.97,250.0,81.9,0.33,1.7,222.3
68,40,8,350,5,8.83,3.84,250.0,91.3,0.13,2.8,250.0
59,40,12,350,3,4.48,3.4,211.4,88.3,0.29,1.0,236.4
75,40,16,350,3,8.24,3.48,249.9,87.5,0.14,1.3,250.0
48,40,15,350,5,7.85,2.17,228.5,82.6,0.14,0.3,250.0
74,40,12,350,4,5.93,2.18,250.0,91.8,2.26,0.8,250.0
63,40,18,350,5,8.45,2.87,250.0,75.5,0.46,1.0,250.0
74,40,15,350,3,7.53,1.76,250.0,82.2,0.27,0.2,190.0
63,40,13,350,3,5.79,3.65,245.6,74.5,0.11,9.8,250.0
48,40,7,350,5,4.89,1.72,185.2,87.3,0.15,1.0,229.6
64,40,17,350,3,7.94,3.07,227.8,85.8,0.26,0.7,250.0
51,40,13,350,5,8.53,1.87,223.9,77.9,1.53,1.3,250.0
74,40,9,350,3,7.03,1.6,250.0,84.6,1.77,8.1,250.0
68,40,15,350,4,6.81,2.18,236.1,87.0,0.1,1.9,250.0
55,40,14,350,4,6.54,2.03,208.7,76.7,0.34,1.6,250.0
75,40,12,350,3,3.88,1.95,250.0,90.5,0.11,2.0,250.0
67,40,7,350,3,3.49,2.5,250.0,84.7,0.38,1.2,250.0
61,40,9,350,5,6.01,4.14,250.0,95.0,0.42,2.6,250.0
75,40,9,350,3,7.58,4.22,250.0,90.6,0.4,2.8,250.0
64,40,13,350,5,8.65,2.42,250.0,85.7,2.93,0.1,240.3
65,40,12,350,5,6.59,3.24,250.0,95.0,0.5,1.7,231.2
51,40,10,350,3,3.74,1.94,196.0,82.1,1.99,0.8,250.0
63,40,15,350,3,8.9,3.09,217.8,77.9,0.36,1.7,225.4
73,40,17,350,4,7.32,1.97,248.4,90.9,0.43,0.7,230.3
50,40,14,350,3,8.97,3.34,214.0,79.0,0.16,9.3,250.0
47,40,12,350,4,6.0,3.08,221.4,78.6,0.15,1.4,210.4
68,40,13,350,5,7.32,1.76,250.0,76.2,0.38,1.2,250.0
49,40,16,350,3,3.33,2.04,203.3,71.8,0.1,0.6,209.5
65,40,15,350,4,5.96,2.82,242.7,84.0,0.15,1.3,176.3
48,40,9,350,3,4.26,2.35,205.9,80.2,0.26,1.9,250.0
47,40,12,350,3,5.1,1.56,169.5,75.0,0.31,0.4,202.0
75,40,11,350,5,8.25,2.94,250.0,87.6,0.31,2.4,236.4
54,40,8,350,4,7.42,2.47,196.0,68.6,0.28,3.0,238.7
74,40,8,350,3,3.59,3.99,223.3,81.8,0.19,2.5,250.0
56,40,15,350,3,5.9,3.62,224.0,84.9,0.12,0.6,170.2
75,40,12,350,3,6.87,3.26,245.6,88.5,0.38,7.3,243.6
47,40,14,350,3,4.85,1.69,166.3,77.1,0.12,2.2,250.0
54,40,10,350,5,7.42,3.14,212.4,72.5,0.43,2.9,250.0
54,40,17,350,5,7.43,3.7,250.0,80.7,0.44,2.0,250.0
69,40,15,350,3,3.32,2.76,250.0,77.5,0.32,1.1,250.0
53,40,14,350,5,4.29,4.17,250.0,84.8,0.17,0.8,238.2
59,40,15,350,4,4.18,3.63,250.0,83.9,1.78,2.5,250.0
54,40,15,350,4,5.19,4.26,232.8,78.5,0.15,1.7,250.0
48,40,11,350,5,7.44,3.16,220.0,85.3,0.46,2.9,250.0
72,40,17,350,5,3.54,3.61,250.0,88.1,0.41,2.2,250.0
48,40,15,350,5,3.2,2.93,241.7,85.4,0.42,7.8,250.0
61,40,18,350,5,5.87,3.24,250.0,86.2,0.48,0.4,241.9
57,40,18,350,5,4.38,3.34,234.4,75.4,0.43,0.5,250.0
51,40,13,350,4,6.65,2.62,233.3,85.6,0.11,2.2,250.0
62,40,10,350,5,4.62,2.56,250.0,85.3,0.16,0.8,214.2
51,40,14,350,3,3.73,1.55,250.0,86.4,0.19,1.0,250.0
53,40,8,350,3,7.66,2.34,209.0,86.7,0.15,0.3,232.1
57,40,15,350,4,3.33,1.64,245.2,86.5,0.33,0.8,250.0
54,40,8,350,5,7.09,2.19,228.8,89.3,0.28,2.7,250.0
66,40,15,350,3,4.98,2.05,250.0,75.9,0.26,2.1,250.0
69,40,18,350,3,4.09,2.3,250.0,83.8,0.2,2.3,250.0
61,40,16,350,5,4.97,3.73,250.0,94.9,0.28,2.1,250.0
59,40,16,350,3,6.79,2.02,250.0,83.3,0.19,1.5,250.0
72,40,9,350,5,8.51,3.99,250.0,95.0,0.39,1.1,234.4
47,40,18,350,5,5.81,1.66,250.0,81.2,0.3,1.5,250.0
57,40,9,350,4,7.26,3.17,224.7,86.8,0.48,2.6,227.3
63,40,10,350,4,8.01,4.28,248.4,86.3,0.39,2.5,237.5
50,40,9,350,4,7.05,2.52,211.0,83.5,0.41,0.2,192.6
47,40,17,350,4,5.95,4.28,222.9,81.3,0.22,7.5,250.0
48,40,15,350,3,7.29,1.79,185.8,72.5,0.49,2.6,250.0
71,40,13,350,4,5.94,1.71,250.0,90.3,0.5,1.4,250.0
73,40,17,350,5,5.48,2.47,250.0,90.6,0.26,0.6,250.0
63,40,14,350,5,4.54,2.85,250.0,84.2,0.27,1.2,250.0
71,40,9,350,4,8.84,4.11,250.0,88.6,0.36,1.4,250.0
62,40,18,350,5,4.17,2.82,250.0,88.9,0.47,0.3,231.3
72,40,18,350,4,3.72,2.96,250.0,88.0,0.26,1.4,250.0
59,40,10,350,5,4.84,2.63,223.2,90.7,0.17,2.8,250.0
72,40,8,350,5,4.51,2.69,250.0,88.6,1.52,1.4,250.0
72,40,16,350,5,5.61,2.4,250.0,83.0,0.25,1.1,250.0
62,40,16,350,5,6.97,4.39,250.0,77.0,0.1,0.7,250.0
64,40,16,350,5,4.45,3.69,250.0,82.0,0.36,2.6,232.4
75,40,7,350,5,5.78,1.57,250.0,95.0,0.45,2.9,250.0
56,40,14,350,4,4.68,1.67,217.9,80.7,0.15,1.7,250.0
61,40,15,350,4,8.97,3.84,250.0,81.5,0.32,2.1,250.0
75,40,17,350,3,8.21,4.04,250.0,91.5,0.28,0.6,250.0
70,40,17,350,5,7.69,3.1,250.0,92.3,2.28,1.1,250.0
75,40,18,350,5,7.61,4.01,250.0,95.0,0.46,2.8,250.0
63,40,11,350,5,4.05,2.58,247.8,87.9,0.44,1.7,250.0
62,40,11,350,4,5.86,2.06,247.5,80.5,0.47,9.9,244.9
75,40,9,350,3,7.15,4.2,250.0,81.7,0.36,2.5,250.0
54,40,8,350,4,7.69,3.02,203.2,74.9,0.26,1.4,250.0
68,40,11,350,3,7.05,3.56,247.0,77.2,0.48,2.6,222.9
75,40,8,350,4,6.34,2.82,250.0,95.0,0.2,0.9,250.0
61,40,8,350,3,3.61,2.2,206.6,86.6,0.24,2.8,250.0
72,40,14,350,3,5.19,2.26,250.0,92.1,0.26,0.8,250.0
75,40,8,350,5,5.78,2.99,250.0,91.0,0.24,2.9,249.0
67,40,15,350,4,6.98,3.27,250.0,91.6,0.25,9.8,250.0
70,40,14,350,4,6.24,1.72,235.2,95.0,0.25,1.3,250.0
49,40,12,350,3,7.05,4.32,214.9,69.7,1.79,2.2,250.0
63,40,9,350,4,4.7,1.81,250.0,93.2,0.27,2.3,250.0
60,40,10,350,5,8.74,4.01,250.0,87.5,2.58,0.8,250.0
73,40,17,350,4,3.42,2.98,250.0,84.1,0.15,0.8,250.0
58,40,18,350,4,5.48,3.2,216.8,81.4,0.23,2.3,250.0
74,40,14,350,4,4.01,4.35,250.0,91.4,2.82,0.5,250.0
70,40,16,350,4,8.84,3.68,250.0,95.0,2.77,2.0,250.0
56,40,17,350,3,8.39,2.28,237.5,77.2,0.43,3.0,250.0
65,40,13,350,5,6.52,3.92,250.0,90.1,0.18,0.8,250.0
63,40,11,350,4,4.41,3.27,250.0,80.3,0.36,1.5,243.0
69,40,16,350,3,4.25,3.74,250.0,86.3,0.13,2.6,250.0
51,40,17,350,5,8.76,2.87,232.4,82.3,0.35,1.3,250.0
61,40,10,350,5,4.41,2.93,250.0,78.5,0.35,2.9,245.4
72,40,8,350,4,6.26,4.13,250.0,84.3,0.46,1.3,250.0
52,40,16,350,5,5.76,1.59,230.0,75.2,0.43,1.2,250.0
75,40,17,350,3,4.76,3.58,250.0,81.5,0.18,2.1,250.0
72,40,7,350,5,4.36,3.82,250.0,90.7,0.45,1.3,247.9
54,40,8,350,3,6.51,2.66,250.0,82.6,0.1,3.0,206.6
64,40,7,350,4,6.35,1.78,236.6,82.4,0.22,1.1,250.0
51,40,7,350,3,6.87,1.89,194.6,80.7,0.47,2.7,241.9
74,40,12,350,3,4.09,2.77,250.0,83.2,0.44,1.5,250.0
60,40,16,350,3,8.14,2.63,225.4,76.0,0.11,2.9,250.0
61,40,17,350,4,8.46,3.37,250.0,75.1,0.19,0.4,250.0
49,40,7,350,4,7.48,2.46,250.0,77.9,0.24,0.9,250.0
67,40,12,350,4,6.0,1.85,250.0,95.0,0.48,0.5,250.0
65,40,13,350,5,3.89,3.0,250.0,82.2,0.32,1.6,250.0
58,40,7,350,3,5.88,2.47,250.0,74.4,0.36,0.3,250.0
68,40,15,350,3,5.18,1.85,243.6,89.3,0.26,0.2,229.2
62,40,16,350,5,6.92,1.69,250.0,91.0,0.48,0.2,250.0
58,40,16,350,3,6.05,2.48,224.6,85.5,0.28,1.8,235.0
56,40,15,350,3,4.59,3.46,250.0,80.9,0.13,2.2,250.0
58,40,7,350,3,5.71,3.54,224.5,92.6,0.11,2.5,250.0
70,40,13,350,4,8.9,2.71,244.0,83.4,0.26,1.0,214.4
59,40,18,350,5,8.25,3.27,250.0,82.7,2.95,0.6,250.0
48,40,17,350,4,8.61,2.44,207.0,78.9,0.18,0.0,214.5
61,40,18,350,3,8.42,3.96,244.8,80.9,0.4,2.1,241.6
58,40,8,350,3,5.51,3.9,211.8,76.1,0.27,1.9,250.0
53,40,13,350,3,3.73,4.25,228.3,73.1,0.16,2.2,250.0
73,40,17,350,3,7.13,3.32,250.0,89.5,0.3,2.8,247.5
67,40,11,350,5,7.74,3.45,250.0,90.7,0.16,0.4,231.4
55,40,11,350,4,7.69,3.43,233.2,76.8,0.29,1.2,250.0
50,40,16,350,5,5.01,3.75,227.6,86.1,0.4,0.9,250.0
64,40,10,350,5,8.26,3.78,250.0,89.0,0.19,2.1,250.0
46,40,12,350,4,6.14,4.5,250.0,76.6,0.31,0.3,250.0
72,40,13,350,5,6.57,2.5,250.0,89.1,2.54,1.7,250.0
62,40,9,350,4,8.96,4.2,250.0,84.9,0.22,1.1,250.0
53,40,18,350,4,8.6,1.57,226.2,83.0,0.21,1.7,247.2
58,40,12,350,4,5.29,2.49,250.0,86.6,0.26,2.8,250.0
63,40,8,350,3,8.3,3.64,238.1,77.4,0.12,2.6,250.0
47,40,8,350,3,7.79,3.04,250.0,76.2,0.44,2.6,250.0
71,40,8,350,4,8.65,2.99,250.0,88.4,0.22,0.7,250.0
63,40,17,350,4,7.56,4.16,250.0,90.4,0.45,1.9,250.0
65,40,16,350,4,5.13,3.0,250.0,84.3,0.42,1.3,250.0
72,40,12,350,4,4.5,3.79,250.0,87.3,0.44,1.2,234.1
60,40,16,350,5,8.37,1.83,250.0,92.0,0.39,8.4,250.0
61,40,9,350,4,4.6,4.34,223.3,91.1,0.5,0.9,198.6
74,40,18,350,3,6.03,2.73,248.5,87.5,0.44,0.6,250.0
49,40,7,350,4,7.83,3.39,187.9,78.9,0.48,3.0,221.5
67,40,16,350,5,5.18,3.07,250.0,85.2,1.78,1.9,250.0
50,40,17,350,3,5.43,1.67,203.8,80.8,2.39,0.1,250.0
59,40,16,350,4,7.03,3.99,246.6,81.4,0.42,1.9,250.0
72,40,7,350,4,6.0,2.93,250.0,92.3,0.39,1.3,250.0
61,40,12,350,4,5.96,3.68,250.0,79.9,0.3,9.7,250.0
61,40,17,350,3,6.52,4.18,250.0,78.5,0.12,2.4,250.0
58,40,12,350,5,8.07,4.24,250.0,84.2,0.35,1.9,250.0
67,40,16,350,5,5.02,3.26,250.0,87.5,0.29,2.5,250.0
61,40,9,350,4,6.14,2.86,245.8,93.7,0.13,8.4,232.0
46,40,14,350,3,6.24,1.82,250.0,70.9,0.42,0.9,250.0
49,40,10,350,3,6.49,4.0,200.7,70.8,0.42,1.3,250.0
51,40,11,350,3,5.44,2.52,250.0,73.5,0.39,8.1,250.0
75,40,11,350,3,4.38,3.75,250.0,85.3,0.36,1.4,250.0
69,40,10,350,3,7.39,3.6,249.7,85.3,0.46,1.8,250.0
70,40,13,350,5,6.55,3.44,250.0,90.2,0.17,2.5,250.0
60,40,18,350,3,6.03,2.52,250.0,72.0,0.5,0.4,225.1
46,40,13,350,5,7.19,3.65,250.0,85.2,0.14,1.9,248.0
51,40,17,350,3,6.21,2.67,216.2,76.4,0.28,2.1,244.4
66,40,8,350,5,7.29,2.05,239.2,89.8,0.15,1.9,250.0
67,40,9,350,4,8.4,2.0,232.8,75.0,0.39,0.0,250.0
71,40,14,350,3,3.64,2.23,250.0,77.5,2.17,1.8,250.0
67,40,16,350,3,7.79,2.77,250.0,90.2,1.4,2.3,248.4
49,40,14,350,4,6.06,3.07,250.0,74.4,0.1,1.5,250.0
62,40,15,350,3,6.87,3.33,219.4,81.7,1.7,1.1,250.0
61,40,14,350,4,6.0,2.31,250.0,85.8,0.37,1.3,211.1
59,40,11,350,5,3.19,2.26,250.0,83.7,1.14,2.9,250.0
51,40,11,350,4,6.45,3.21,201.0,77.0,0.22,1.9,241.2
63,40,12,350,5,5.07,2.85,250.0,82.9,0.24,0.4,229.7
68,40,12,350,3,3.35,4.37,231.2,95.0,0.4,1.5,250.0
51,40,13,350,3,3.22,2.0,224.7,87.4,0.36,7.7,250.0
52,40,16,350,4,5.65,2.38,250.0,78.9,0.21,1.4,250.0
61,40,9,350,5,4.09,4.48,250.0,81.5,0.13,2.7,230.8
72,40,16,350,4,3.24,4.18,250.0,95.0,0.21,1.9,243.7
49,40,18,350,3,5.65,4.32,219.4,73.4,1.83,2.8,250.0
50,40,16,350,4,8.23,1.55,233.9,77.5,0.25,1.5,250.0
73,40,18,350,3,3.71,3.41,250.0,89.0,0.39,0.2,250.0
49,40,7,350,4,6.54,2.53,250.0,79.0,0.48,2.4,245.6
67,40,14,350,3,8.36,3.71,250.0,83.5,0.34,0.5,250.0
56,40,12,350,4,5.04,2.93,230.0,87.4,0.46,0.4,225.6
61,40,16,350,3,6.46,2.28,250.0,87.2,0.11,2.5,250.0
57,40,10,350,4,6.24,3.95,217.3,75.9,0.37,2.9,245.0
67,40,15,350,4,4.82,4.48,248.7,89.2,0.39,1.7,250.0
54,40,7,350,4,4.3,4.09,229.3,82.8,0.19,2.1,239.6
72,40,17,350,5,4.92,4.33,250.0,95.0,0.23,0.6,233.6
51,40,8,350,5,6.53,2.42,229.4,78.7,0.12,2.8,250.0
52,40,18,350,4,7.56,2.01,228.0,79.1,0.1,1.5,250.0
52,40,18,350,5,3.49,3.32,250.0,75.6,0.22,2.4,225.8
60,40,18,350,5,8.92,4.48,246.4,92.9,2.95,2.3,250.0
63,40,14,350,3,5.34,1.62,214.1,85.4,1.53,2.0,250.0
50,40,11,350,5,6.06,2.58,240.1,89.6,0.46,0.1,250.0
74,40,7,350,3,7.34,3.61,250.0,89.5,0.23,2.0,250.0
69,40,13,350,3,7.16,4.45,250.0,84.9,0.14,0.3,250.0
48,40,14,350,5,8.38,3.89,250.0,80.9,1.02,2.1,250.0
68,40,16,350,3,3.71,4.31,250.0,94.5,0.22,2.5,250.0
50,40,7,350,3,8.74,3.93,229.1,62.5,0.33,0.6,250.0
74,40,17,350,3,5.58,3.34,250.0,95.0,0.28,7.6,250.0
64,40,9,350,5,5.88,3.96,250.0,82.4,0.41,2.5,250.0
53,40,15,350,5,7.41,1.92,250.0,94.5,0.44,0.7,250.0
69,40,15,350,5,5.29,2.56,250.0,95.0,0.11,2.4,250.0
59,40,12,350,4,4.87,3.11,250.0,95.0,0.41,2.0,223.4
58,40,10,350,3,8.68,2.53,250.0,81.9,0.15,0.9,250.0
47,40,18,350,4,8.49,3.32,210.2,78.1,0.23,1.6,250.0
60,40,13,350,4,5.68,1.58,250.0,87.6,0.5,0.1,247.4
75,40,10,350,4,5.61,2.31,250.0,89.3,0.11,9.0,250.0
53,40,12,350,5,3.72,4.14,239.6,77.9,2.44,1.5,250.0
59,40,11,350,4,3.33,3.65,240.8,81.3,0.12,1.4,186.2
67,40,12,350,3,8.83,3.83,222.7,76.8,0.17,0.1,250.0
48,40,7,350,3,6.87,1.68,179.5,81.9,2.23,2.8,250.0
74,40,9,350,5,6.12,2.18,250.0,95.0,0.2,1.8,229.6
70,40,9,350,5,3.3,1.54,250.0,85.6,0.11,1.5,250.0
57,40,14,350,3,5.24,1.71,220.3,83.1,0.36,2.7,229.6
46,40,8,350,4,3.29,2.52,250.0,79.2,0.29,0.2,229.2
48,40,9,350,4,8.14,3.78,214.8,79.4,0.1,1.1,211.6
52,40,13,350,4,8.37,4.09,224.1,75.3,0.21,2.5,228.0
51,40,7,350,4,7.56,4.29,206.3,72.6,0.13,2.7,183.9
49,40,11,350,4,4.52,4.1,216.1,76.8,0.17,2.0,250.0
46,40,13,350,3,3.43,2.02,172.5,73.2,0.43,9.5,250.0
54,40,12,350,5,7.67,2.02,243.0,88.1,0.45,1.5,248.6
46,40,17,350,4,6.71,4.26,250.0,84.5,0.21,1.0,250.0
53,40,13,350,4,5.72,3.61,236.6,80.0,0.3,0.5,248.4
50,40,16,350,4,6.08,3.65,250.0,82.2,0.35,1.4,225.6
65,40,7,350,5,4.07,2.72,242.2,89.6,0.34,0.1,230.6
54,40,8,350,5,8.67,2.59,215.4,76.6,0.19,0.3,250.0
60,40,7,350,4,7.84,3.2,225.1,92.7,1.17,2.4,250.0
73,40,17,350,3,7.89,1.89,250.0,83.0,0.42,2.2,250.0
63,40,9,350,4,5.73,3.12,250.0,81.1,0.38,1.7,243.6
54,40,14,350,4,7.92,2.1,250.0,83.3,0.42,0.9,245.6
67,40,17,350,4,4.34,3.31,231.9,73.5,0.46,0.9,235.0
66,40,11,350,3,7.7,3.8,236.2,84.3,0.34,7.3,250.0
68,40,16,350,3,8.16,2.92,225.0,87.8,0.41,0.7,218.1
55,40,16,350,5,7.61,2.3,250.0,79.2,0.14,0.8,211.5
53,40,13,350,5,7.96,2.49,209.5,81.9,0.42,0.6,250.0
57,40,13,350,3,6.42,2.64,206.6,90.7,0.4,0.8,250.0
46,40,9,350,4,8.78,2.69,250.0,82.5,0.46,1.1,250.0
47,40,9,350,5,4.53,4.25,250.0,79.7,0.34,0.1,227.6
62,40,15,350,3,7.54,2.31,240.9,85.5,0.37,0.6,250.0
52,40,16,350,5,8.14,3.47,222.1,81.2,0.32,2.8,250.0
69,40,11,350,5,4.66,3.84,250.0,80.1,0.16,0.9,225.2
68,40,10,350,3,7.39,2.25,248.1,94.7,2.96,1.0,245.5
61,40,17,350,4,4.19,2.35,219.7,84.7,0.44,1.2,250.0
49,40,16,350,4,3.82,2.29,197.6,77.8,0.14,0.2,244.3
48,40,7,350,3,6.48,1.99,250.0,77.6,0.23,0.1,234.7
64,40,12,350,4,4.77,4.42,241.5,82.6,1.66,1.8,250.0
59,40,13,350,3,3.18,2.1,230.9,79.9,0.34,1.7,250.0
64,40,16,350,5,7.51,2.33,250.0,90.3,0.39,1.9,250.0
62,40,17,350,5,5.67,1.74,250.0,94.0,0.21,1.1,250.0
57,40,11,350,5,8.07,2.24,250.0,77.0,0.36,2.4,250.0
46,40,10,350,4,5.61,2.14,250.0,79.8,0.49,2.9,250.0
75,40,12,350,4,5.13,3.6,250.0,85.2,1.01,0.3,250.0
62,40,16,350,3,7.94,1.92,250.0,72.8,0.45,1.3,250.0
48,40,10,350,4,8.86,2.65,250.0,77.2,0.34,1.7,250.0
52,40,17,350,5,4.58,2.35,247.5,81.7,0.26,0.8,214.9
73,40,14,350,3,8.79,3.21,250.0,83.1,0.46,1.2,250.0
49,40,14,350,5,8.11,1.75,208.2,84.7,0.17,7.7,250.0
68,40,17,350,3,4.73,2.17,250.0,91.8,1.33,3.0,250.0
64,40,18,350,4,7.23,4.06,250.0,88.3,0.41,9.8,250.0
70,40,11,350,3,4.29,4.2,248.4,80.9,0.29,1.5,250.0
61,40,14,350,4,7.32,2.24,239.1,86.8,0.34,7.7,250.0
73,40,12,350,5,3.8,2.39,250.0,86.6,0.15,1.6,236.0
71,40,10,350,4,8.42,3.89,250.0,83.5,0.43,2.0,250.0
65,40,14,350,3,5.42,4.09,228.2,95.0,0.23,1.1,250.0
65,40,14,350,5,6.23,3.01,250.0,83.4,0.24,1.8,250.0
61,40,17,350,5,4.38,2.94,250.0,81.6,0.1,9.6,250.0
49,40,14,350,4,6.29,3.71,250.0,79.6,0.34,2.1,250.0
66,40,12,350,3,3.64,1.87,250.0,83.5,0.18,9.3,250.0
70,40,8,350,4,8.85,1.92,250.0,95.0,1.48,2.5,250.0
55,40,9,350,3,5.43,4.28,231.1,71.7,1.13,2.4,250.0
72,40,12,350,4,3.18,2.41,250.0,80.2,0.28,0.2,249.7
72,40,10,350,4,3.81,3.17,250.0,89.4,0.32,1.9,207.6
74,40,8,350,3,4.25,2.54,244.8,91.2,0.13,8.7,250.0
48,40,18,350,3,7.17,2.37,196.2,81.2,0.27,0.3,215.9
75,40,17,350,5,6.21,1.56,250.0,91.9,0.34,2.8,250.0
49,40,10,350,4,8.51,3.5,210.8,80.2,0.48,2.9,250.0
69,40,9,350,3,5.6,2.07,250.0,86.9,0.18,7.0,250.0
48,40,18,350,5,7.19,3.58,245.8,90.6,0.35,1.9,209.1
66,40,8,350,3,7.85,3.98,250.0,88.6,0.42,8.2,237.5
52,40,8,350,5,4.32,2.12,197.2,75.7,0.3,1.1,243.8
48,40,15,350,3,4.66,2.14,202.5,67.5,1.68,1.5,250.0
50,40,11,350,5,4.55,4.02,235.4,82.7,0.15,1.4,250.0
75,40,12,350,3,5.67,3.86,250.0,88.1,0.2,0.1,222.2
60,40,16,350,4,8.69,4.29,250.0,83.6,0.27,1.7,250.0
53,40,11,350,3,4.22,4.37,218.8,86.1,0.24,0.0,250.0
73,40,10,350,5,5.73,3.76,250.0,85.4,0.36,1.1,250.0
70,40,15,350,4,5.95,4.29,250.0,84.8,1.96,2.3,233.6
74,40,7,350,3,4.87,4.36,242.0,89.8,0.39,1.9,238.7
53,40,8,350,4,3.62,3.2,196.2,82.4,0.16,9.3,250.0
64,40,18,350,3,3.21,2.72,226.2,83.7,0.19,0.2,250.0
75,40,18,350,5,6.15,2.16,250.0,85.6,0.29,0.7,250.0
54,40,14,350,5,4.97,3.39,250.0,85.3,0.48,1.0,250.0
73,40,17,350,3,3.76,1.67,245.2,85.9,0.32,2.3,250.0
55,40,13,350,5,6.12,2.79,239.9,89.5,0.15,2.6,250.0
75,40,8,350,3,8.19,3.23,247.3,89.2,2.94,2.5,250.0
61,40,7,350,4,8.13,4.19,250.0,75.8,0.24,7.8,249.9
55,40,11,350,5,6.86,4.32,250.0,76.9,0.46,2.9,248.0
56,40,10,350,3,3.21,4.47,219.0,82.7,0.46,2.7,250.0
48,40,11,350,4,8.6,4.38,231.0,80.8,0.14,2.0,240.0
71,40,15,350,3,4.85,4.08,250.0,89.1,0.41,2.2,250.0
72,40,10,350,3,6.5,3.09,230.9,87.4,0.13,1.5,246.9
63,40,13,350,4,4.11,2.54,250.0,84.1,0.13,1.4,222.2
60,40,13,350,4,5.53,2.63,239.7,89.9,0.45,0.4,250.0
48,40,16,350,5,7.71,3.33,215.3,85.4,0.17,2.9,221.3
56,40,14,350,5,6.67,2.73,250.0,82.8,0.37,9.9,250.0
55,40,9,350,4,6.06,3.99,208.6,84.4,0.39,2.0,250.0
53,40,12,350,5,3.16,1.94,250.0,82.1,0.25,0.5,243.7
68,40,13,350,4,3.78,2.96,250.0,81.1,0.32,10.0,250.0
51,40,11,350,4,7.04,4.18,238.2,80.4,0.46,9.9,250.0
62,40,9,350,5,3.5,3.83,250.0,84.0,1.87,1.8,250.0
74,40,9,350,5,6.49,3.01,250.0,95.0,0.45,0.3,209.9
57,40,7,350,5,5.9,2.8,226.5,72.1,0.12,2.7,230.8
47,40,13,350,3,8.89,4.06,202.1,79.3,0.13,3.0,250.0
54,40,8,350,4,5.75,1.51,219.6,82.3,0.29,0.1,247.5
57,40,15,350,5,6.29,2.2,239.9,90.0,0.21,0.7,250.0
60,40,10,350,5,6.12,3.86,242.8,84.7,0.48,2.0,250.0
59,40,8,350,5,6.85,3.56,250.0,88.0,0.37,1.1,238.5
74,40,13,350,3,8.97,3.1,250.0,81.0,2.56,1.9,250.0
48,40,17,350,5,4.67,2.67,229.1,89.2,0.31,7.3,250.0
66,40,10,350,5,8.68,1.78,250.0,87.6,0.39,2.0,250.0
55,40,12,350,5,5.96,4.42,226.2,89.2,0.39,2.7,250.0
59,40,9,350,3,4.83,2.0,250.0,85.5,1.11,1.2,245.0
73,40,18,350,5,7.24,3.63,250.0,91.3,2.77,0.2,224.2
59,40,17,350,4,3.59,2.19,224.2,86.7,0.1,2.6,198.2
48,40,14,350,3,5.93,2.26,181.9,75.8,0.26,0.4,233.9
51,40,11,350,3,7.9,3.14,187.6,81.2,1.95,1.4,250.0
48,40,13,350,4,7.51,3.52,228.6,76.7,0.28,2.9,250.0
74,40,18,350,3,6.77,3.46,250.0,89.5,0.28,0.4,250.0
57,40,17,350,5,8.59,3.53,250.0,85.9,0.3,1.0,250.0
74,40,18,350,4,6.09,2.74,250.0,86.4,0.5,2.2,250.0
59,40,8,350,5,4.34,3.32,250.0,79.5,0.16,1.4,250.0
59,40,16,350,5,3.6,2.22,250.0,86.9,0.35,0.5,250.0
48,40,15,350,3,8.65,4.01,250.0,78.4,0.27,2.7,250.0
67,40,18,350,4,8.79,1.75,250.0,90.7,0.4,0.4,233.4
66,40,8,350,3,6.28,4.1,250.0,82.0,0.13,1.9,242.6
63,40,13,350,3,4.08,3.38,226.0,88.2,0.38,2.3,223.0
57,40,11,350,4,8.95,4.41,234.0,80.5,0.32,0.8,250.0
69,40,9,350,3,5.37,1.58,209.2,83.3,0.21,0.4,250.0
54,40,10,350,5,4.32,3.71,250.0,82.6,0.19,0.5,250.0
69,40,17,350,3,5.67,3.66,250.0,86.1,0.35,0.6,250.0
50,40,18,350,3,4.75,4.31,245.8,79.8,2.81,0.5,250.0
71,40,18,350,4,4.01,3.39,248.0,90.1,0.33,2.4,233.4
73,40,10,350,5,8.75,2.63,250.0,89.6,0.46,0.1,249.4
55,40,12,350,3,7.22,3.94,220.1,79.8,0.39,8.7,250.0
56,40,12,350,4,7.58,3.02,242.2,81.0,0.4,1.3,250.0
67,40,9,350,5,3.57,1.79,250.0,89.9,0.25,9.5,250.0
46,40,16,350,5,6.91,1.8,250.0,84.7,0.18,1.0,250.0
74,40,12,350,3,8.43,1.85,250.0,89.4,2.98,0.9,250.0
71,40,17,350,3,4.62,2.61,250.0,88.3,0.26,2.6,250.0
75,40,7,350,5,6.39,1.67,250.0,91.0,2.91,0.2,250.0
74,40,17,350,3,3.22,3.4,245.8,84.0,0.32,9.1,250.0
51,40,18,350,4,5.51,3.01,226.8,80.6,0.19,2.8,250.0
69,40,14,350,4,5.45,3.37,244.1,85.5,0.13,1.0,248.8
56,40,16,350,3,7.13,1.73,250.0,80.3,0.38,1.4,235.2
65,40,12,350,5,6.64,1.72,243.3,92.5,0.25,0.2,250.0
65,40,11,350,4,4.65,2.37,224.6,95.0,0.14,3.0,187.0
50,40,8,350,5,3.6,2.67,250.0,79.6,0.27,0.2,224.2
46,40,17,350,3,4.13,1.66,174.4,81.0,0.18,1.5,250.0
67,40,9,350,4,3.25,2.22,219.4,82.6,0.31,1.1,232.9
51,40,17,350,5,4.83,3.77,250.0,81.7,0.13,0.3,250.0
64,40,7,350,3,3.99,2.22,224.4,87.8,0.12,2.2,248.8
67,40,13,350,5,4.87,1.61,250.0,91.8,0.13,1.7,249.2
68,40,15,350,3,6.21,2.51,239.3,95.0,0.4,0.4,250.0
53,40,8,350,4,5.16,4.35,241.3,73.6,0.27,1.4,236.6
70,40,8,350,5,7.76,1.84,250.0,93.6,0.19,1.5,250.0
57,40,11,350,4,4.94,3.1,227.7,90.9,0.4,0.9,250.0
68,40,12,350,4,4.48,2.49,247.6,93.7,0.2,2.2,250.0
69,40,13,350,4,4.71,2.98,250.0,95.0,1.32,0.8,206.9
75,40,11,350,4,7.98,3.19,250.0,95.0,0.19,0.1,250.0
48,40,13,350,4,3.9,1.59,184.3,82.5,0.49,2.0,250.0
48,40,18,350,4,3.16,4.38,250.0,62.5,0.33,0.6,222.2
72,40,11,350,3,7.07,2.47,250.0,89.3,0.2,1.5,250.0
52,40,14,350,4,6.44,2.37,215.2,77.8,0.34,1.0,235.1
58,40,11,350,5,7.16,2.27,250.0,87.2,0.2,1.0,250.0
56,40,18,350,4,3.78,4.2,226.5,79.2,0.13,1.7,212.2
75,40,14,350,5,8.07,2.06,250.0,95.0,0.16,2.0,208.4
46,40,11,350,4,6.93,1.9,204.3,71.4,0.45,0.7,250.0
49,40,7,350,4,8.32,2.14,199.0,83.2,0.45,0.7,245.4
70,40,8,350,4,3.21,3.45,244.8,89.7,0.23,0.9,235.9
58,40,7,350,4,5.59,3.05,236.2,86.7,0.24,1.8,250.0
61,40,15,350,3,5.12,3.37,229.3,83.9,0.43,8.8,250.0
58,40,11,350,3,4.06,4.37,250.0,79.4,0.37,0.7,250.0
49,40,14,350,5,5.93,2.2,219.2,79.7,0.35,1.6,250.0
69,40,11,350,4,7.55,3.17,250.0,86.6,0.27,0.2,250.0
75,40,16,350,4,3.58,3.26,250.0,95.0,0.48,0.3,250.0
66,40,18,350,4,6.57,3.78,250.0,86.9,0.47,0.5,229.2
68,40,12,350,4,6.62,4.26,250.0,82.3,0.3,2.0,240.9
61,40,12,350,3,4.91,3.16,220.4,89.6,0.36,1.9,250.0
55,40,11,350,5,3.36,3.12,229.4,88.7,0.32,1.4,221.0
49,40,14,350,5,8.45,4.4,250.0,69.6,0.49,1.9,250.0
58,40,15,350,3,4.96,2.19,211.3,80.1,0.39,1.1,250.0
73,40,13,350,3,5.23,3.81,250.0,84.1,2.03,1.4,243.0
71,40,7,350,5,3.21,3.12,250.0,91.1,0.4,1.1,250.0
48,40,11,350,5,5.69,3.09,207.7,84.2,0.27,2.0,212.0
56,40,16,350,4,7.57,3.34,243.3,95.0,0.11,1.5,250.0
56,40,9,350,4,8.93,1.94,201.0,82.5,0.41,0.3,187.0
71,40,12,350,3,3.92,2.45,250.0,81.2,0.43,8.0,250.0
47,40,7,350,4,5.22,1.86,179.8,83.5,0.31,2.7,250.0
72,40,12,350,5,7.71,2.76,250.0,95.0,0.12,0.1,243.2
69,40,15,350,5,4.31,4.3,250.0,78.6,0.21,2.3,250.0
53,40,7,350,5,5.8,4.2,241.1,92.7,0.27,0.6,250.0
71,40,15,350,5,5.94,2.39,250.0,90.5,0.28,2.4,250.0
67,40,10,350,5,4.54,3.82,250.0,95.0,0.15,0.9,250.0
64,40,8,350,5,4.98,2.75,250.0,84.1,0.44,1.4,250.0
72,40,12,350,5,5.39,3.34,250.0,92.5,0.12,1.4,216.4
57,40,16,350,3,3.89,1.63,250.0,76.9,0.19,2.2,250.0
54,40,12,350,3,6.64,2.42,209.7,76.7,0.13,1.3,221.6
62,40,12,350,3,8.42,4.24,250.0,85.8,1.98,1.8,250.0
56,40,8,350,5,8.56,3.5,215.1,84.6,2.51,0.6,250.0
55,40,12,350,3,5.41,2.58,221.5,74.6,2.09,0.4,242.6
67,40,15,350,3,5.04,2.85,250.0,80.9,0.26,9.9,250.0
55,40,12,350,5,5.92,2.6,209.9,75.9,0.23,2.6,250.0
59,40,12,350,4,7.8,1.85,225.7,95.0,0.18,0.5,250.0
56,40,18,350,4,8.81,3.59,250.0,87.6,2.71,1.6,250.0
72,40,12,350,5,5.56,2.51,250.0,94.9,0.48,0.9,250.0
65,40,14,350,4,3.85,3.77,250.0,79.2,0.21,0.9,230.5
61,40,8,350,5,6.84,4.37,250.0,87.5,0.38,0.1,246.0
62,40,13,350,3,3.42,3.92,224.2,90.2,0.46,9.8,250.0
67,40,14,350,4,7.76,3.45,240.0,90.7,0.32,2.1,242.8
63,40,10,350,5,4.78,3.52,250.0,85.2,0.17,2.2,232.6
53,40,13,350,5,8.09,2.55,230.7,80.4,0.13,1.7,250.0
46,40,18,350,3,8.8,4.08,222.3,76.7,0.41,0.7,250.0
63,40,10,350,4,8.71,3.5,250.0,85.6,0.19,0.1,250.0
52,40,16,350,4,4.87,3.65,248.1,80.8,0.21,3.0,250.0
60,40,17,350,3,4.03,1.76,250.0,86.7,0.22,1.9,250.0
72,40,14,350,3,8.91,4.29,250.0,95.0,0.26,9.5,250.0
69,40,12,350,5,6.91,4.12,250.0,95.0,0.44,1.4,250.0
64,40,13,350,5,7.08,4.35,250.0,89.9,0.25,1.8,250.0
56,40,11,350,5,5.24,2.82,250.0,83.8,0.17,7.6,249.6
74,40,17,350,5,6.47,4.3,250.0,85.6,0.21,2.6,250.0
62,40,10,350,3,6.49,3.12,220.4,78.6,1.42,1.0,221.0
70,40,13,350,4,4.87,4.14,246.5,87.6,0.39,1.4,234.6
49,40,11,350,3,6.26,2.45,196.2,78.4,0.16,1.9,244.4
47,40,16,350,4,8.11,2.14,223.8,74.2,1.17,9.6,250.0
60,40,9,350,4,8.29,3.65,235.4,81.8,0.18,1.8,233.4
68,40,17,350,4,6.6,3.38,250.0,82.9,0.39,0.0,250.0
47,40,17,350,4,4.5,1.81,224.4,76.2,0.41,0.7,250.0
72,40,9,350,3,8.77,4.08,250.0,91.5,1.75,7.7,250.0
66,40,10,350,5,6.78,3.38,250.0,88.6,0.26,2.1,224.0
54,40,15,350,5,7.18,3.94,250.0,83.8,0.22,0.2,235.1
56,40,11,350,4,7.17,3.0,212.7,82.6,0.12,1.8,212.8
54,40,12,350,5,3.79,2.08,231.1,80.6,0.4,2.3,198.6
48,40,9,350,4,8.35,1.64,204.7,76.3,0.18,0.0,250.0
49,40,7,350,4,4.89,1.67,184.5,78.1,0.21,1.5,246.8
61,40,15,350,5,4.89,2.43,250.0,87.6,0.46,2.2,250.0
75,40,13,350,3,4.17,2.87,238.4,83.1,0.41,2.2,250.0
71,40,9,350,3,6.24,3.4,250.0,79.7,0.3,0.8,250.0
72,40,7,350,5,3.3,2.57,250.0,88.1,0.29,3.0,227.0
64,40,10,350,5,8.6,3.99,250.0,86.4,0.1,0.8,250.0
57,40,15,350,3,5.19,1.85,212.2,67.8,0.36,2.1,250.0
72,40,12,350,4,8.74,1.77,250.0,78.7,0.4,1.9,250.0
51,40,18,350,4,6.92,4.46,250.0,87.3,0.28,1.6,218.7
57,40,12,350,3,7.41,3.3,250.0,82.3,0.38,0.1,250.0
59,40,13,350,3,5.42,4.47,208.9,75.3,0.24,0.7,250.0
74,40,10,350,4,7.86,2.0,250.0,95.0,2.94,2.5,250.0
58,40,17,350,5,4.29,3.33,250.0,82.5,0.13,1.6,246.0
68,40,15,350,5,6.3,3.46,250.0,95.0,0.22,0.3,250.0
63,40,17,350,3,8.92,1.88,238.5,83.0,0.32,1.3,196.4
48,40,13,350,3,8.36,4.17,250.0,86.4,0.16,2.4,246.5
47,40,9,350,3,7.87,4.42,187.0,83.8,0.36,0.8,215.9
74,40,14,350,3,5.6,3.98,235.7,83.4,0.29,0.1,250.0
51,40,9,350,4,8.54,3.08,207.7,87.5,0.18,9.8,250.0
61,40,16,350,3,4.41,2.7,250.0,87.2,2.79,0.7,250.0
63,40,17,350,4,5.62,1.7,241.8,79.4,0.49,1.9,218.1
65,40,14,350,4,5.19,2.71,250.0,82.5,1.58,2.0,250.0
47,40,17,350,4,4.58,2.02,204.1,71.3,1.39,1.9,250.0
49,40,13,350,5,8.7,2.07,223.6,80.7,0.39,0.6,250.0
70,40,16,350,3,6.0,2.87,250.0,86.8,0.3,0.5,217.4
57,40,15,350,5,8.06,4.31,250.0,92.2,0.48,1.1,206.2
48,40,18,350,4,7.4,3.51,211.2,80.8,0.24,2.8,250.0
51,40,7,350,4,3.63,1.73,195.1,83.7,0.37,1.1,222.2
66,40,12,350,5,7.7,1.68,245.3,85.1,0.11,0.3,250.0
55,40,8,350,5,8.17,1.98,212.8,93.5,0.2,0.8,250.0
68,40,11,350,4,6.35,3.2,249.9,77.7,0.32,0.7,250.0
52,40,7,350,3,5.99,3.85,250.0,75.7,0.41,0.9,250.0
74,40,15,350,4,6.72,3.24,250.0,86.5,2.41,2.8,250.0
71,40,13,350,4,5.49,3.16,250.0,93.3,0.43,0.2,250.0
75,40,13,350,3,8.14,1.54,250.0,94.5,0.26,2.8,236.0
58,40,13,350,5,4.27,4.31,250.0,85.0,0.28,8.9,250.0
67,40,11,350,4,7.3,2.04,222.3,87.5,0.24,1.1,250.0
50,40,12,350,5,7.44,3.69,239.4,82.0,0.47,0.8,250.0
68,40,13,350,5,3.31,2.61,250.0,95.0,0.21,0.9,250.0
64,40,9,350,5,5.6,4.44,250.0,91.7,0.32,2.0,234.2
70,40,8,350,5,5.91,2.01,250.0,91.8,0.15,1.1,250.0
59,40,9,350,5,6.96,2.06,222.4,92.8,0.15,0.0,250.0
67,40,11,350,4,8.65,3.39,244.9,84.6,0.18,0.6,250.0
59,40,17,350,5,8.2,3.84,250.0,86.4,0.29,0.9,235.6
66,40,15,350,5,8.53,3.13,250.0,88.4,0.28,2.0,212.9
59,40,18,350,3,6.17,2.56,228.1,81.5,0.24,7.7,250.0
52,40,8,350,5,5.8,2.88,201.7,87.8,0.19,7.5,250.0
71,40,12,350,4,8.81,3.22,250.0,78.5,0.47,1.2,250.0
65,40,17,350,5,5.76,1.65,241.3,81.5,1.02,0.0,250.0
69,40,15,350,5,5.69,2.7,250.0,85.2,0.15,0.4,237.2
65,40,11,350,5,8.7,4.4,250.0,90.8,0.22,1.8,229.2
60,40,9,350,4,4.07,3.18,233.6,82.9,0.46,0.1,250.0
47,40,9,350,4,7.35,3.28,219.6,75.4,0.46,0.0,221.2
50,40,9,350,5,6.48,3.24,250.0,78.4,2.69,7.2,250.0
54,40,15,350,3,8.27,3.17,214.3,79.5,0.48,0.7,250.0
70,40,14,350,3,8.97,3.7,250.0,94.3,0.43,1.7,250.0
75,40,12,350,3,6.28,4.49,250.0,93.8,0.1,1.1,250.0
48,40,18,350,3,7.95,3.98,250.0,75.9,0.3,1.2,197.0
75,40,16,350,3,5.95,3.54,250.0,80.7,0.27,0.4,250.0
48,40,8,350,4,4.8,3.35,188.3,80.9,1.19,1.0,250.0
69,40,18,350,5,8.07,3.45,250.0,95.0,0.39,2.3,250.0
50,40,14,350,5,7.6,3.73,250.0,84.1,0.23,1.5,237.9
74,40,12,350,3,8.88,3.17,246.9,80.8,0.26,0.6,232.2
51,40,18,350,4,5.16,2.48,229.2,82.2,0.37,0.8,235.7
46,40,11,350,4,7.76,2.93,226.2,77.0,2.3,3.0,250.0
61,40,9,350,3,7.98,2.77,227.3,81.2,0.5,9.4,250.0
60,40,13,350,3,5.68,3.87,250.0,68.9,0.48,2.1,233.6
51,40,11,350,5,8.49,2.51,222.2,86.7,0.47,7.8,250.0
58,40,16,350,4,5.61,3.13,219.1,89.5,1.71,0.5,250.0
55,40,10,350,4,7.87,4.04,238.4,77.3,1.69,2.8,250.0
58,40,18,350,4,7.37,2.51,226.1,80.1,0.45,2.1,250.0
62,40,10,350,3,4.35,2.8,222.0,90.2,0.45,2.3,248.0
46,40,8,350,5,7.46,1.92,250.0,72.7,1.4,2.1,250.0
56,40,9,350,5,5.44,1.65,233.2,77.6,0.1,2.8,216.7
67,40,18,350,5,5.39,4.32,250.0,85.1,0.4,0.8,250.0
48,40,7,350,4,8.99,2.63,205.4,76.4,0.38,1.8,250.0
62,40,14,350,5,5.7,2.62,250.0,89.2,2.01,1.0,250.0
69,40,16,350,5,7.73,1.53,250.0,95.0,1.0,2.9,250.0
73,40,10,350,5,5.2,1.57,250.0,85.8,0.42,2.9,250.0
53,40,8,350,5,6.3,2.1,250.0,80.9,0.3,2.2,225.3
66,40,12,350,5,6.68,3.92,250.0,88.9,0.28,1.7,250.0
65,40,7,350,4,8.43,1.67,213.1,79.7,1.31,2.3,250.0
61,40,14,350,4,7.79,2.78,250.0,82.2,0.25,1.5,233.5
74,40,7,350,4,4.12,3.76,250.0,92.4,0.26,7.9,250.0
50,40,10,350,3,6.14,3.48,224.5,78.1,0.34,0.1,229.2
73,40,7,350,5,7.38,3.27,250.0,89.9,0.44,1.9,250.0
64,40,13,350,3,3.28,1.78,223.8,82.5,0.29,0.4,250.0
63,40,13,350,5,5.69,3.48,250.0,85.1,0.16,1.4,250.0
68,40,13,350,3,3.17,2.33,250.0,78.6,0.11,0.2,250.0
61,40,12,350,5,4.62,2.85,250.0,88.1,0.41,2.4,212.8
65,40,8,350,5,5.93,3.43,250.0,83.8,0.48,1.2,250.0
47,40,7,350,5,5.07,3.69,198.2,85.3,1.5,0.5,250.0
55,40,7,350,5,6.15,4.21,250.0,87.8,0.26,2.4,250.0
59,40,7,350,4,5.08,2.55,237.8,87.0,0.32,2.0,239.7
49,40,15,350,4,7.11,4.25,243.0,70.8,0.3,9.8,250.0
51,40,18,350,4,3.35,2.12,227.9,73.6,0.19,2.3,244.2
56,40,13,350,3,7.51,2.87,250.0,80.9,0.24,2.5,216.6
54,40,7,350,4,5.81,4.12,233.3,83.1,0.25,0.2,230.0
50,40,8,350,4,6.61,2.61,204.2,82.5,0.26,2.1,250.0
54,40,18,350,3,5.05,3.28,225.5,73.4,0.21,1.8,250.0
72,40,16,350,4,5.32,3.69,250.0,87.8,1.41,2.8,236.8
74,40,18,350,4,6.73,1.63,250.0,89.6,0.36,1.4,202.2
52,40,9,350,4,5.24,2.26,205.8,80.5,0.5,1.4,209.9
57,40,9,350,4,3.23,1.79,191.9,82.1,2.31,1.2,250.0
53,40,11,350,3,4.87,4.32,197.5,71.4,0.15,1.4,229.8
49,40,18,350,3,7.26,3.59,224.0,78.6,0.37,0.5,250.0
67,40,9,350,3,3.98,1.86,222.6,82.2,0.28,0.2,218.7
63,40,12,350,5,3.84,3.07,250.0,91.0,1.46,2.5,250.0
56,40,11,350,3,3.53,2.87,213.8,75.7,0.3,2.1,250.0
52,40,10,350,5,7.81,4.48,244.8,85.1,0.19,2.1,250.0
67,40,17,350,4,7.89,3.33,246.1,93.8,0.21,1.4,245.0
70,40,9,350,3,6.32,2.05,250.0,91.9,0.31,2.8,250.0
47,40,10,350,5,7.4,3.45,236.9,76.7,0.31,2.5,234.3
64,40,12,350,4,3.63,2.16,249.9,89.2,0.27,0.1,222.8
59,40,18,350,3,4.08,2.38,220.9,75.5,0.38,2.6,250.0
67,40,9,350,3,5.1,3.63,218.4,80.0,0.42,1.4,201.4
71,40,14,350,3,3.38,2.72,250.0,94.7,0.34,2.5,245.6
50,40,15,350,3,3.67,3.04,190.2,78.9,0.34,2.7,250.0
49,40,7,350,4,7.15,3.07,231.7,88.0,0.25,2.7,250.0
66,40,10,350,3,3.33,1.62,250.0,84.3,0.17,1.2,250.0
57,40,16,350,3,4.39,1.87,250.0,80.2,0.21,1.8,250.0
62,40,16,350,4,5.78,4.44,250.0,76.1,0.38,0.0,240.1
59,40,15,350,4,8.1,3.87,244.3,79.1,0.3,0.3,235.4
61,40,13,350,5,3.68,1.95,234.4,84.7,0.43,8.4,250.0
61,40,7,350,4,4.78,1.65,229.8,86.7,0.48,0.3,250.0
68,40,16,350,5,5.71,3.42,250.0,84.4,0.47,0.6,250.0
65,40,12,350,5,6.36,4.1,250.0,84.9,0.34,0.2,225.9
69,40,17,350,3,3.22,4.35,250.0,83.4,0.36,0.5,250.0
49,40,7,350,3,5.22,4.46,220.1,78.0,0.18,1.3,238.2
50,40,18,350,5,4.63,3.99,250.0,78.4,0.4,2.2,250.0
49,40,17,350,5,8.79,4.37,230.9,82.7,0.48,2.3,228.2
52,40,10,350,5,4.65,1.53,250.0,82.4,0.42,7.9,250.0
53,40,12,350,4,6.08,3.58,212.9,81.6,0.19,0.6,250.0
55,40,10,350,3,5.77,4.27,237.6,72.2,0.43,0.1,250.0
60,40,14,350,5,4.85,3.66,250.0,82.0,2.22,0.8,250.0
50,40,9,350,5,6.25,2.34,250.0,82.0,0.18,0.2,212.2
71,40,16,350,5,6.97,4.04,250.0,85.0,0.3,0.1,250.0
48,40,14,350,4,8.09,3.65,208.8,79.3,0.38,1.0,250.0
71,40,15,350,5,5.21,4.22,250.0,90.6,0.21,1.0,241.4
64,40,15,350,3,6.76,4.22,244.5,82.8,0.31,1.2,230.0
57,40,12,350,5,8.89,2.24,234.7,95.0,0.22,2.4,240.2
53,40,13,350,4,4.85,2.16,221.1,75.1,0.43,2.5,250.0
61,40,11,350,3,6.76,2.15,228.5,83.4,2.73,1.9,250.0
66,40,14,350,3,4.52,2.64,250.0,92.2,0.41,2.3,250.0
72,40,16,350,5,4.38,2.77,250.0,89.1,0.49,8.4,250.0
72,40,17,350,5,3.35,3.69,250.0,95.0,0.32,2.6,250.0
73,40,14,350,5,7.19,3.85,250.0,88.8,0.13,1.8,229.8
69,40,18,350,5,4.34,3.75,250.0,91.8,0.3,0.5,250.0
53,40,16,350,4,7.66,2.85,221.6,78.9,0.29,1.6,238.2
66,40,8,350,5,8.23,3.69,250.0,87.1,0.47,0.8,250.0
59,40,15,350,3,5.1,3.66,228.2,76.1,0.3,1.6,244.9
50,40,11,350,3,4.92,4.18,250.0,73.6,0.38,1.5,250.0
56,40,16,350,4,4.52,2.7,234.8,88.6,0.2,1.2,250.0
60,40,11,350,5,6.54,3.9,250.0,82.4,0.25,3.0,243.6
65,40,14,350,4,7.52,1.86,250.0,82.4,0.21,0.9,250.0
57,40,14,350,5,5.97,1.6,229.4,73.4,0.16,0.6,250.0
75,40,18,350,3,6.56,3.07,250.0,92.6,0.13,0.6,250.0
67,40,15,350,4,8.28,3.29,250.0,92.8,0.12,2.4,250.0
71,40,13,350,5,4.74,4.17,250.0,89.8,0.26,1.1,250.0
48,40,9,350,5,4.75,3.28,250.0,77.5,0.39,1.6,230.2
49,40,8,350,3,5.71,4.35,250.0,79.4,0.49,2.2,246.4
47,40,8,350,3,6.81,3.5,218.7,80.3,0.19,2.2,243.7
64,40,14,350,3,6.41,1.78,231.4,92.0,0.47,0.9,250.0
68,40,10,350,4,4.34,3.44,233.2,82.9,0.2,1.7,209.2
67,40,13,350,4,8.07,3.65,240.6,82.3,0.23,1.4,227.4
50,40,17,350,3,3.53,2.1,200.2,77.3,0.4,2.5,250.0
51,40,16,350,4,6.12,3.31,219.1,83.0,0.32,1.3,250.0
64,40,10,350,5,7.29,1.85,250.0,92.2,1.71,1.8,229.8
72,40,14,350,4,6.48,3.38,250.0,80.0,0.39,2.1,246.8
52,40,7,350,4,7.08,3.5,197.9,79.2,0.42,1.6,241.9
68,40,7,350,4,7.19,1.98,233.6,79.6,0.23,0.8,225.4
47,40,17,350,5,3.98,4.23,230.0,73.5,0.33,1.4,250.0
52,40,17,350,4,4.2,2.22,219.2,78.6,0.23,1.3,250.0
57,40,18,350,3,8.12,2.0,243.4,66.9,0.17,2.5,250.0
72,40,14,350,3,5.49,4.2,250.0,94.1,1.71,1.9,250.0
72,40,11,350,4,3.71,2.66,250.0,86.6,0.13,0.3,243.0
60,40,12,350,3,4.11,2.22,237.7,83.3,2.6,2.3,250.0
61,40,13,350,4,6.55,3.2,240.0,75.6,0.47,9.4,250.0
73,40,9,350,5,7.82,2.33,250.0,92.7,0.26,8.0,250.0
74,40,12,350,5,3.57,4.02,250.0,90.2,0.16,9.5,250.0
73,40,10,350,5,7.47,2.71,250.0,88.9,0.32,9.6,250.0
60,40,18,350,3,7.24,3.38,239.4,73.6,0.44,2.9,250.0
52,40,16,350,4,6.1,1.85,250.0,78.0,0.13,1.6,250.0
73,40,13,350,3,8.91,2.6,243.3,81.7,0.48,2.9,250.0
62,40,10,350,4,8.22,2.9,250.0,83.9,0.34,1.8,250.0
67,40,13,350,5,4.03,2.31,250.0,95.0,0.41,1.0,207.8
49,40,17,350,5,8.79,3.62,239.8,81.6,0.35,1.0,248.4
47,40,8,350,4,4.11,1.58,198.1,83.5,0.14,7.4,250.0
62,40,12,350,4,7.34,1.93,239.7,82.6,0.38,0.8,250.0
61,40,7,350,5,6.37,3.41,247.7,92.5,0.33,1.5,250.0
57,40,15,350,4,5.84,3.85,250.0,87.2,2.74,1.3,244.6
59,40,13,350,5,6.19,2.19,247.0,90.0,0.31,1.0,250.0
60,40,7,350,3,3.37,2.94,198.9,75.7,0.15,8.9,250.0
65,40,13,350,4,3.99,1.89,250.0,77.4,0.44,2.8,232.0
55,40,17,350,5,6.01,3.29,250.0,81.1,0.45,1.9,250.0
46,40,10,350,5,8.18,1.58,215.6,79.7,2.33,2.8,240.6
63,40,7,350,5,5.82,2.22,250.0,91.7,0.17,0.9,236.5
47,40,7,350,5,7.45,1.81,195.8,95.0,1.67,0.2,237.2
57,40,15,350,3,7.86,4.12,230.8,80.9,0.41,2.9,217.8
52,40,7,350,4,8.02,3.72,211.4,84.0,0.37,1.4,250.0
52,40,16,350,3,5.31,2.85,201.5,73.5,0.17,1.5,248.7
53,40,11,350,3,4.59,1.85,250.0,76.2,0.18,1.5,250.0
73,40,8,350,4,3.71,2.97,240.9,92.1,0.42,2.6,250.0
65,40,7,350,4,5.37,3.4,250.0,91.2,0.32,0.8,250.0
61,40,18,350,5,6.18,3.34,250.0,91.2,0.25,1.1,198.3
66,40,7,350,5,8.59,4.29,250.0,89.4,0.48,0.5,250.0
56,40,8,350,3,7.75,1.82,190.7,83.5,0.47,9.3,250.0
49,40,7,350,4,6.77,2.12,250.0,78.2,0.28,2.5,250.0
54,40,18,350,4,5.09,1.66,213.0,84.7,0.37,0.2,250.0
54,40,9,350,4,8.2,2.74,250.0,79.0,0.49,2.0,239.6
53,40,10,350,4,7.62,2.72,250.0,77.0,0.44,1.1,250.0
55,40,8,350,3,8.1,3.12,225.3,69.9,0.16,1.9,218.4
73,40,12,350,3,8.36,3.08,250.0,86.2,2.87,1.2,235.0
55,40,11,350,3,6.72,2.36,209.3,75.0,0.13,1.3,250.0
47,40,8,350,3,8.75,2.53,187.7,68.7,0.24,2.4,250.0
67,40,14,350,3,5.28,3.26,250.0,85.7,1.83,2.9,250.0
71,40,14,350,4,8.44,1.56,250.0,91.6,0.37,0.6,201.8
60,40,17,350,4,5.54,2.21,250.0,87.6,0.31,3.0,250.0
55,40,11,350,3,6.0,3.31,194.2,75.4,0.29,1.4,248.0
74,40,7,350,5,8.87,2.19,250.0,95.0,0.29,1.8,224.4
49,40,18,350,3,8.43,3.47,238.8,72.6,2.68,1.1,250.0
50,40,17,350,3,4.96,4.06,213.8,75.0,0.47,2.0,250.0
65,40,7,350,4,3.32,2.7,250.0,91.9,0.32,8.6,250.0
58,40,17,350,3,5.8,3.13,250.0,82.7,0.4,1.3,227.4
69,40,9,350,4,4.85,2.07,247.7,91.5,0.15,1.0,235.2
61,40,9,350,5,5.38,2.55,216.9,87.4,0.42,2.2,250.0
66,40,9,350,3,5.63,4.41,229.5,93.2,0.36,1.8,250.0
53,40,16,350,5,3.18,2.24,237.3,87.3,0.44,2.1,250.0
71,40,10,350,3,7.86,3.94,245.3,87.6,0.44,9.4,250.0
67,40,12,350,5,4.81,3.26,250.0,88.7,0.47,2.6,250.0
75,40,15,350,3,5.43,1.52,250.0,84.0,0.2,3.0,250.0
75,40,13,350,3,6.43,2.85,250.0,86.3,0.47,1.9,250.0
75,40,11,350,3,6.5,2.85,250.0,80.6,0.42,0.2,250.0
64,40,18,350,5,7.72,2.66,250.0,82.3,2.42,7.3,250.0
55,40,8,350,3,4.3,4.01,250.0,84.6,0.16,0.0,246.6
50,40,18,350,3,5.07,2.38,215.4,86.3,0.31,2.1,250.0
54,40,8,350,5,3.53,3.49,244.2,82.0,1.15,2.3,250.0
57,40,10,350,4,8.38,2.54,250.0,74.8,0.14,0.7,237.6
62,40,9,350,3,8.34,4.44,250.0,77.8,0.3,7.8,237.6
66,40,8,350,4,4.87,1.67,233.1,88.5,0.48,0.9,250.0
51,40,8,350,3,7.34,3.28,205.8,77.9,0.45,0.9,250.0
72,40,15,350,5,6.63,3.77,250.0,87.3,0.3,0.8,250.0
69,40,10,350,5,7.22,2.81,250.0,85.0,0.41,2.8,250.0
61,40,16,350,5,6.56,1.87,250.0,89.4,0.44,1.1,250.0
58,40,13,350,3,7.25,3.9,237.6,74.5,0.45,1.5,250.0
61,40,15,350,5,5.44,2.46,244.1,86.0,0.14,0.1,250.0
53,40,7,350,4,3.74,2.11,250.0,83.2,1.08,2.9,250.0
61,40,11,350,3,6.02,2.67,250.0,91.7,0.15,0.8,250.0
60,40,12,350,4,8.86,1.75,245.7,82.4,2.17,2.3,250.0
60,40,11,350,5,6.96,4.21,245.2,81.5,0.48,2.4,231.5
57,40,8,350,5,8.99,3.73,250.0,86.4,0.25,0.8,241.6
58,40,7,350,4,4.0,2.0,215.9,90.1,0.43,1.6,250.0
65,40,17,350,3,3.36,1.85,235.0,76.3,0.21,8.6,250.0
64,40,11,350,4,3.66,1.74,250.0,85.7,0.2,1.0,233.0
66,40,18,350,5,8.94,2.82,250.0,87.2,2.27,0.7,231.8
48,40,18,350,5,5.99,1.95,226.5,93.3,0.36,1.6,245.9
48,40,11,350,3,4.15,2.86,195.3,77.2,0.17,2.4,250.0
59,40,17,350,3,8.88,1.81,234.9,71.1,0.36,2.0,207.9
62,40,8,350,5,4.96,3.41,240.6,88.8,0.23,0.9,250.0
54,40,7,350,3,7.77,3.46,195.5,75.7,0.37,2.6,250.0
71,40,15,350,5,6.74,2.39,250.0,95.0,0.41,2.1,238.3
74,40,10,350,4,7.06,2.3,250.0,92.8,0.21,0.5,250.0
59,40,8,350,3,8.28,3.71,224.8,79.8,0.27,2.1,250.0
71,40,8,350,3,7.37,2.65,250.0,82.9,0.43,1.7,250.0
69,40,12,350,5,7.97,4.25,250.0,94.1,0.24,8.7,250.0
61,40,18,350,4,7.58,3.45,250.0,78.7,0.42,2.0,250.0
71,40,12,350,3,4.28,3.66,250.0,90.9,0.34,0.6,250.0
70,40,12,350,3,3.93,2.59,250.0,87.7,0.25,1.1,213.2
67,40,14,350,5,7.63,3.56,250.0,94.3,0.15,9.9,250.0
57,40,14,350,3,6.44,3.54,205.6,80.9,0.1,1.2,250.0
58,40,12,350,3,7.87,4.25,250.0,82.3,0.43,2.3,250.0
60,40,17,350,3,6.05,2.82,244.3,86.2,0.21,9.9,250.0
72,40,11,350,5,8.98,1.94,250.0,92.6,0.39,1.5,250.0
67,40,10,350,3,8.35,2.25,250.0,74.3,0.2,1.7,244.8
73,40,17,350,4,4.96,3.21,250.0,95.0,0.43,8.5,250.0
63,40,15,350,5,4.91,1.65,235.8,91.9,1.55,2.7,250.0
65,40,15,350,3,6.49,1.64,226.1,91.0,0.25,0.0,250.0
50,40,7,350,4,4.59,3.84,250.0,79.5,0.47,9.0,250.0
54,40,18,350,5,8.02,2.03,250.0,71.1,0.45,9.6,250.0
65,40,11,350,4,3.26,4.41,250.0,81.7,0.14,8.1,250.0
56,40,17,350,5,5.06,4.4,250.0,85.1,0.45,0.6,232.2
70,40,15,350,5,3.24,3.51,250.0,88.8,1.79,0.2,250.0
55,40,11,350,3,6.81,2.14,223.4,76.4,0.27,2.6,250.0
53,40,15,350,3,8.37,1.87,235.2,77.1,0.28,2.3,250.0
73,40,18,350,5,7.7,3.0,250.0,92.5,0.27,1.2,250.0
63,40,11,350,5,7.4,3.71,250.0,92.6,2.13,0.6,250.0
62,40,11,350,4,7.63,2.45,245.7,78.1,0.17,8.9,217.3
61,40,10,350,5,7.7,3.57,250.0,82.7,0.43,2.5,224.3
47,40,14,350,3,4.89,1.78,183.6,76.7,0.23,0.4,250.0
53,40,12,350,4,8.02,3.23,209.1,80.9,0.32,1.4,250.0
57,40,15,350,4,6.82,2.68,250.0,89.1,0.11,0.4,250.0
61,40,14,350,4,8.68,2.19,250.0,87.2,0.48,1.1,211.4
63,40,15,350,4,4.31,3.41,250.0,84.9,0.11,2.6,225.2
62,40,15,350,3,5.95,1.87,200.4,82.0,2.32,0.2,241.5
52,40,7,350,5,7.19,3.74,214.5,87.9,0.44,2.4,244.2
59,40,16,350,3,4.39,1.77,206.0,81.3,1.09,2.9,250.0
51,40,14,350,4,7.13,1.93,229.2,84.7,0.2,9.7,250.0
74,40,16,350,3,7.01,2.57,250.0,76.8,1.7,2.6,250.0
59,40,15,350,3,7.58,2.48,228.3,91.5,2.86,1.5,250.0
56,40,16,350,5,6.92,3.42,250.0,76.8,1.6,1.4,250.0
53,40,9,350,4,8.7,2.49,212.4,75.9,0.17,0.2,247.2
74,40,7,350,3,7.28,2.4,249.0,83.1,0.15,2.0,232.2
62,40,15,350,4,4.06,3.27,243.9,86.8,0.31,0.6,247.2
48,40,17,350,4,8.28,3.64,223.0,78.5,0.43,2.0,250.0
68,40,11,350,4,4.11,2.71,240.5,90.4,0.11,1.5,221.6
75,40,9,350,5,3.58,1.99,250.0,90.2,0.11,2.4,209.2
62,40,7,350,5,5.09,2.02,214.7,81.7,0.26,0.9,250.0
46,40,17,350,4,7.36,1.8,199.1,82.7,0.42,1.5,250.0
60,40,13,350,5,5.93,2.98,244.3,88.2,1.1,2.2,250.0
73,40,16,350,5,4.59,3.54,250.0,95.0,0.34,0.3,250.0
50,40,17,350,4,4.49,2.54,250.0,85.9,0.38,3.0,250.0
63,40,9,350,4,7.65,3.48,250.0,83.9,0.48,9.8,245.7
71,40,15,350,4,8.9,3.89,250.0,95.0,0.33,1.3,245.6
48,40,8,350,4,7.83,3.43,204.2,81.0,0.18,2.9,250.0
52,40,11,350,4,3.22,3.79,236.1,72.4,0.24,1.2,233.9
58,40,16,350,5,6.7,3.85,244.8,84.3,0.38,2.8,202.9
53,40,16,350,4,6.28,4.24,226.1,79.9,0.46,2.7,250.0
57,40,9,350,3,3.79,1.57,187.4,75.9,0.22,1.9,250.0
68,40,16,350,5,6.34,2.83,250.0,89.3,0.42,9.5,250.0
66,40,13,350,4,3.16,2.97,243.0,84.0,0.34,0.8,250.0
54,40,11,350,4,6.6,3.75,213.9,73.4,0.34,1.9,250.0
69,40,8,350,5,6.98,3.8,250.0,93.9,0.41,2.5,250.0
69,40,8,350,5,8.87,3.6,250.0,89.8,0.31,0.7,226.1
53,40,18,350,5,6.57,2.66,250.0,84.2,0.3,2.4,250.0
60,40,18,350,3,6.66,3.68,219.0,90.1,0.45,2.6,250.0
74,40,14,350,3,6.99,3.69,246.1,90.4,0.31,2.7,250.0
66,40,11,350,5,8.45,2.69,249.4,88.3,0.44,1.2,214.2
67,40,17,350,5,5.71,2.67,250.0,92.1,0.24,1.7,250.0
51,40,12,350,3,3.24,2.78,203.4,79.3,1.9,2.2,250.0
50,40,14,350,5,7.55,2.93,250.0,81.8,0.44,1.2,250.0
72,40,17,350,3,4.09,2.67,250.0,90.0,0.3,2.7,250.0
70,40,16,350,4,6.12,4.39,250.0,87.4,0.43,0.5,250.0
64,40,17,350,5,7.43,2.96,250.0,84.4,0.2,1.8,250.0
75,40,17,350,4,5.01,3.45,250.0,93.8,2.41,0.1,250.0
66,40,7,350,3,4.03,3.83,250.0,95.0,2.03,0.2,250.0
67,40,12,350,3,7.36,3.15,240.9,83.2,0.11,0.0,221.6
56,40,18,350,3,7.18,3.79,250.0,80.5,2.76,9.3,250.0
60,40,16,350,3,8.16,3.68,220.0,86.4,0.46,2.4,250.0
58,40,12,350,5,3.54,1.96,245.6,81.0,0.15,1.0,221.4
64,40,7,350,4,4.37,1.51,250.0,74.8,2.73,0.6,250.0
52,40,8,350,5,3.33,3.97,215.7,81.0,0.11,7.4,250.0
66,40,13,350,3,5.84,2.01,243.7,78.5,0.12,2.4,239.5
61,40,12,350,4,3.66,2.78,242.5,75.4,0.28,9.0,240.9
65,40,11,350,3,8.37,2.74,229.3,92.2,0.2,0.9,250.0
54,40,11,350,3,6.71,1.8,205.2,89.2,0.42,1.2,250.0
54,40,17,350,3,5.83,1.86,250.0,77.9,0.31,1.5,250.0
58,40,14,350,4,3.46,3.28,250.0,90.7,0.12,1.5,212.6
73,40,13,350,5,3.58,1.73,244.4,95.0,0.36,0.5,242.6
51,40,7,350,5,7.17,2.52,205.5,82.9,0.47,0.2,250.0
69,40,17,350,3,8.15,2.22,235.4,86.3,0.3,2.3,235.4
67,40,18,350,5,5.51,3.3,250.0,94.2,0.5,2.9,250.0
52,40,13,350,5,4.55,2.35,222.9,69.5,0.11,0.0,224.8
71,40,11,350,4,3.53,2.35,250.0,83.3,0.36,1.9,250.0
51,40,7,350,5,6.93,2.89,223.2,81.6,2.65,2.6,250.0
71,40,8,350,4,7.1,3.43,250.0,80.6,0.12,1.2,236.2
59,40,13,350,5,6.29,2.69,250.0,84.6,0.35,2.0,250.0
46,40,14,350,5,7.78,3.59,230.2,84.7,0.14,0.1,250.0
64,40,9,350,3,7.92,3.19,246.6,82.8,0.3,1.7,250.0
63,40,17,350,5,3.98,2.54,250.0,85.9,0.45,1.6,250.0
55,40,8,350,5,5.37,2.87,250.0,75.6,0.12,2.3,250.0
63,40,16,350,4,4.78,2.84,250.0,83.0,0.38,8.8,250.0
57,40,17,350,3,4.2,2.2,250.0,75.3,0.34,2.2,250.0
66,40,7,350,4,3.99,3.87,242.4,92.7,0.3,2.8,250.0
75,40,11,350,5,3.57,2.35,250.0,93.9,0.46,1.2,241.1
64,40,18,350,4,8.46,3.9,250.0,86.2,0.12,9.3,250.0
60,40,10,350,5,7.24,2.69,230.0,91.7,0.36,1.0,250.0
60,40,12,350,5,3.4,3.94,250.0,87.6,0.43,2.4,239.0
74,40,17,350,4,8.48,4.18,250.0,93.4,0.48,0.9,250.0
60,40,9,350,4,4.44,4.46,224.1,82.6,0.33,0.3,233.0
66,40,18,350,5,4.82,4.13,250.0,86.2,0.31,2.6,209.2
56,40,10,350,5,3.34,4.47,227.0,89.5,0.5,2.7,250.0
51,40,17,350,4,6.28,1.81,195.4,79.8,0.11,1.6,250.0
50,40,17,350,5,5.09,2.01,250.0,82.9,1.54,2.6,250.0
73,40,15,350,5,4.49,1.88,250.0,86.8,0.26,2.0,250.0
53,40,9,350,4,5.81,4.47,226.3,76.4,0.2,0.3,250.0
64,40,17,350,5,3.31,3.18,250.0,90.6,0.13,2.3,250.0
62,40,17,350,5,7.86,4.03,250.0,84.3,0.29,2.7,250.0
60,40,13,350,4,6.77,4.34,250.0,92.7,0.37,0.5,230.8
50,40,18,350,4,8.24,2.79,250.0,71.8,0.23,1.7,250.0
67,40,12,350,3,3.73,2.53,223.5,82.6,0.2,0.6,250.0
75,40,16,350,4,3.74,1.71,250.0,87.1,0.17,2.8,234.0
70,40,12,350,3,8.85,2.84,250.0,82.1,0.25,1.3,250.0
53,40,8,350,5,5.43,2.85,221.6,87.7,0.36,2.0,245.5
61,40,12,350,3,7.31,2.16,250.0,79.0,0.46,0.0,250.0
61,40,9,350,5,3.42,2.13,233.1,86.3,0.15,0.8,238.6
74,40,8,350,3,4.71,4.31,250.0,89.0,0.45,0.9,226.2
60,40,12,350,5,7.79,2.89,233.6,81.9,0.27,2.1,198.2
64,40,8,350,4,6.96,2.24,216.3,75.6,1.12,1.6,227.6
46,40,9,350,4,3.61,2.09,186.8,75.7,0.41,1.3,250.0
48,40,11,350,4,3.47,4.22,205.2,78.7,0.13,9.5,250.0
46,40,17,350,4,3.16,4.39,250.0,74.3,0.28,0.4,227.7
67,40,13,350,4,6.81,3.2,250.0,88.0,0.47,1.0,243.4
58,40,10,350,4,7.15,2.09,222.1,81.3,0.49,0.3,250.0
70,40,17,350,3,8.3,1.77,232.8,78.8,0.33,2.7,250.0
74,40,10,350,4,3.83,3.62,250.0,80.0,0.11,0.2,250.0
65,40,10,350,4,8.12,1.56,250.0,84.1,0.17,0.5,250.0
75,40,11,350,5,5.58,3.31,250.0,90.7,1.87,0.6,249.4
66,40,16,350,3,5.66,3.34,250.0,70.8,0.31,2.9,250.0
49,40,10,350,4,4.45,3.86,219.3,85.3,0.49,2.4,250.0
64,40,18,350,5,6.32,3.66,250.0,80.2,0.26,0.4,247.5
57,40,11,350,4,5.62,2.94,250.0,76.7,0.35,0.5,250.0
64,40,7,350,4,8.73,3.66,242.2,89.4,0.3,2.4,247.7
48,40,8,350,5,7.78,2.46,250.0,80.8,0.31,7.3,250.0
51,40,16,350,4,4.77,2.02,234.8,75.5,0.21,1.6,250.0
69,40,16,350,5,7.05,3.67,250.0,92.0,2.53,0.3,250.0
73,40,10,350,3,4.26,4.21,250.0,94.5,0.19,2.6,236.2
71,40,18,350,3,7.34,3.93,250.0,87.5,0.14,1.6,239.1
46,40,11,350,3,3.33,3.57,224.3,76.7,0.4,0.8,250.0
70,40,11,350,3,7.36,3.4,231.4,83.0,0.11,2.8,250.0
64,40,13,350,3,6.81,1.56,250.0,74.3,0.3,0.5,239.6
75,40,12,350,4,6.93,3.86,250.0,95.0,2.46,2.7,250.0
52,40,18,350,5,5.16,3.53,233.3,82.1,0.35,0.5,209.2
56,40,17,350,5,8.78,2.25,250.0,88.0,0.27,1.5,250.0
47,40,17,350,3,7.08,2.48,202.2,83.0,0.47,0.6,250.0
68,40,18,350,4,7.31,2.98,250.0,87.1,2.84,9.8,250.0
68,40,9,350,4,6.21,2.06,250.0,91.9,0.48,0.3,245.2
50,40,13,350,3,7.01,2.02,178.2,74.6,0.24,0.9,250.0
56,40,18,350,5,6.64,2.19,236.9,83.2,0.22,0.8,250.0
46,40,13,350,5,5.73,3.5,250.0,78.7,0.45,0.9,215.3
62,40,16,350,4,6.7,3.03,250.0,93.6,0.23,2.7,226.9
49,40,7,350,3,4.68,3.96,205.4,80.8,0.31,1.2,242.4
54,40,13,350,4,8.15,3.34,214.0,79.8,0.44,0.5,234.4
53,40,11,350,5,4.45,3.62,233.5,78.4,0.33,2.3,250.0
63,40,15,350,3,5.28,1.96,226.1,93.0,0.18,1.2,229.8
74,40,18,350,3,6.49,2.08,250.0,79.3,0.48,0.5,250.0
57,40,9,350,3,8.18,1.93,222.9,78.5,0.11,2.9,250.0
55,40,12,350,4,5.59,3.93,250.0,78.9,2.83,2.5,250.0
69,40,7,350,5,7.89,2.33,238.3,89.8,1.75,1.6,250.0
66,40,12,350,4,7.11,2.29,238.1,90.7,0.11,2.3,243.4
50,40,10,350,5,6.26,4.5,250.0,83.8,0.12,2.3,250.0
48,40,14,350,5,6.74,3.9,233.7,78.5,0.4,2.7,250.0
68,40,15,350,5,4.56,4.29,250.0,89.4,0.28,1.0,250.0
60,40,16,350,4,7.37,4.1,244.6,84.2,0.25,2.7,250.0
64,40,7,350,3,8.15,3.13,250.0,77.2,0.14,0.0,188.8
48,40,10,350,4,5.92,4.12,250.0,77.1,0.47,1.5,194.0
55,40,7,350,3,8.52,2.47,186.7,82.4,0.33,2.1,250.0
47,40,11,350,3,7.46,3.58,181.7,79.1,0.32,1.8,250.0
71,40,18,350,3,6.38,4.08,250.0,93.1,0.15,2.8,250.0
60,40,11,350,5,3.23,2.94,250.0,91.1,0.49,7.1,250.0
69,40,10,350,3,5.43,2.86,250.0,78.8,0.24,7.3,250.0
46,40,10,350,4,7.8,3.43,250.0,77.2,0.22,1.5,244.2
55,40,16,350,3,4.12,2.7,250.0,75.9,2.02,1.9,250.0
66,40,11,350,4,3.26,3.12,235.7,90.0,0.36,2.3,250.0
68,40,16,350,5,8.76,1.51,250.0,79.9,0.25,1.0,250.0
48,40,18,350,5,7.77,3.78,250.0,84.6,0.25,1.0,199.2
50,40,14,350,5,3.4,3.57,250.0,83.6,0.44,1.3,250.0
47,40,16,350,4,4.8,2.15,191.9,87.4,0.36,1.7,250.0
51,40,12,350,3,8.86,4.17,250.0,71.7,0.44,8.8,250.0
72,40,9,350,3,4.1,1.88,250.0,75.8,0.2,0.0,182.3
63,40,15,350,5,5.59,2.43,250.0,76.8,0.25,2.8,245.2
48,40,8,350,3,4.55,1.78,179.3,88.4,0.31,1.4,250.0
61,40,10,350,5,4.48,3.74,231.6,85.9,0.28,2.0,210.6
70,40,11,350,4,5.32,3.13,250.0,95.0,0.19,2.4,250.0
48,40,14,350,4,4.98,3.04,199.4,76.9,0.16,1.9,241.0
56,40,15,350,5,3.77,2.04,250.0,85.8,0.1,1.7,238.8
71,40,16,350,3,5.25,2.57,231.9,82.9,0.21,2.5,250.0
60,40,10,350,3,3.7,1.93,231.4,81.9,0.44,3.0,222.9
56,40,17,350,4,5.38,4.07,244.4,89.0,0.33,1.6,250.0
55,40,16,350,4,4.61,1.55,205.8,85.3,0.25,1.9,231.4
75,40,14,350,4,7.7,4.45,250.0,95.0,0.28,0.0,229.2
67,40,10,350,3,6.52,2.76,221.0,86.2,0.15,1.5,233.9
55,40,11,350,5,3.17,2.79,225.0,82.8,0.36,2.2,250.0
50,40,13,350,4,4.05,3.21,226.4,87.1,0.25,2.8,250.0
62,40,12,350,4,6.97,2.96,250.0,82.1,0.49,2.4,207.2
67,40,10,350,5,7.55,4.21,250.0,89.1,0.19,0.0,213.8
51,40,8,350,3,3.62,3.62,191.4,73.8,0.35,1.3,250.0
47,40,7,350,4,6.26,3.7,210.9,71.3,0.2,0.3,250.0
69,40,18,350,3,7.21,2.83,250.0,90.5,0.39,2.0,250.0
69,40,9,350,5,7.03,4.43,250.0,90.4,0.11,0.4,205.4
71,40,16,350,3,7.19,3.76,250.0,84.8,0.1,1.1,228.8
50,40,17,350,3,8.83,2.89,202.4,78.5,0.1,2.4,250.0
63,40,14,350,4,7.66,1.73,223.4,85.3,0.32,0.3,250.0
67,40,15,350,3,3.68,1.81,250.0,80.3,0.35,2.0,250.0
66,40,14,350,5,6.39,3.73,250.0,93.4,0.36,0.9,225.4
70,40,17,350,4,7.14,2.96,250.0,78.9,0.1,1.5,228.6
46,40,15,350,3,4.13,4.16,216.9,74.3,0.38,0.2,250.0
47,40,11,350,5,4.84,3.18,221.8,88.7,0.46,2.1,250.0
65,40,16,350,4,7.02,3.97,250.0,91.7,0.25,2.7,250.0
63,40,10,350,4,5.77,1.6,243.2,83.2,0.5,2.4,230.0
66,40,7,350,5,7.96,3.59,250.0,83.3,0.17,2.5,250.0
48,40,13,350,4,4.43,3.27,214.1,71.6,0.29,0.4,250.0
58,40,12,350,3,5.92,4.01,250.0,81.3,0.27,2.3,250.0
70,40,17,350,5,5.27,2.75,250.0,95.0,0.48,0.8,250.0
73,40,13,350,5,6.17,2.5,250.0,89.1,0.16,2.2,250.0
64,40,18,350,5,8.33,2.0,250.0,84.0,0.24,0.1,250.0
54,40,13,350,5,6.03,2.02,250.0,80.0,0.48,1.7,226.8
75,40,8,350,4,6.18,1.61,250.0,95.0,0.38,1.3,235.6
46,40,18,350,4,6.27,3.94,213.7,64.2,0.44,2.8,250.0
46,40,14,350,5,4.15,2.11,225.3,79.3,0.17,1.3,250.0
59,40,16,350,3,5.48,3.57,250.0,82.0,0.15,2.6,250.0
58,40,13,350,4,7.97,2.54,250.0,74.6,1.2,2.5,237.2
57,40,16,350,3,4.56,3.8,250.0,68.1,0.38,2.1,250.0
54,40,12,350,3,8.28,1.8,210.4,85.7,0.12,0.2,237.9
75,40,14,350,5,8.94,2.64,250.0,88.3,0.14,8.9,250.0
66,40,14,350,4,4.01,1.56,235.4,87.8,0.22,2.3,250.0
75,40,9,350,3,3.55,3.75,250.0,85.6,0.12,1.6,239.0
55,40,8,350,5,4.72,3.74,250.0,91.4,0.41,1.5,205.2
53,40,11,350,3,7.48,4.03,231.6,81.3,2.01,1.6,250.0
46,40,11,350,3,7.5,3.82,193.8,73.5,0.15,2.2,250.0
62,40,16,350,3,7.74,4.45,242.0,86.9,1.5,1.1,250.0
60,40,16,350,3,4.65,2.82,250.0,84.1,1.11,1.8,250.0
67,40,9,350,3,4.54,2.48,250.0,81.0,0.25,2.7,250.0
51,40,15,350,4,4.49,3.51,237.1,80.4,1.26,2.2,250.0
73,40,10,350,4,3.44,2.06,250.0,86.1,0.23,2.5,250.0
65,40,13,350,5,4.53,4.01,250.0,85.8,0.28,1.0,250.0
69,40,7,350,5,3.78,1.57,246.4,90.6,0.12,2.2,188.3
64,40,7,350,5,4.68,2.77,250.0,91.5,0.22,0.1,218.6
55,40,7,350,3,6.38,2.96,178.8,64.7,0.35,7.9,250.0
56,40,17,350,3,8.26,4.05,215.0,85.3,0.22,1.7,250.0
72,40,8,350,3,8.07,3.96,250.0,94.3,0.25,9.9,249.4
65,40,17,350,3,8.44,4.48,250.0,78.9,0.35,1.0,208.8
49,40,14,350,4,8.48,1.9,211.0,91.9,0.35,2.1,233.7
50,40,10,350,3,5.04,2.83,200.0,84.2,0.18,1.2,250.0
56,40,15,350,4,8.7,2.23,221.1,89.7,0.46,1.8,250.0
66,40,11,350,3,8.94,3.79,243.3,92.1,0.28,1.4,250.0
70,40,13,350,5,7.93,3.54,250.0,90.8,0.35,1.4,250.0
58,40,15,350,4,3.72,4.4,250.0,85.2,0.37,1.3,250.0
72,40,14,350,3,6.28,1.83,250.0,86.4,0.42,0.4,250.0
58,40,10,350,5,7.45,2.03,250.0,77.1,0.38,0.1,250.0
68,40,7,350,4,5.64,2.73,250.0,86.9,0.23,1.8,250.0
61,40,17,350,3,6.43,1.8,245.2,86.1,0.32,0.2,229.1
65,40,8,350,5,6.31,2.62,250.0,86.7,0.41,0.0,212.8
61,40,12,350,3,7.0,3.43,223.6,86.0,0.31,1.3,250.0
54,40,16,350,3,4.19,1.66,206.7,64.9,0.44,1.5,250.0
59,40,13,350,4,6.18,2.53,250.0,84.4,0.41,2.6,236.6
53,40,11,350,5,5.74,2.66,242.8,85.5,0.28,2.2,223.1
50,40,11,350,4,6.08,2.1,221.3,80.7,2.96,0.2,250.0
53,40,13,350,3,3.52,3.96,211.2,85.4,0.22,0.8,250.0
64,40,7,350,5,4.05,4.2,250.0,81.2,0.25,2.2,237.8
71,40,12,350,5,6.12,2.94,250.0,83.3,2.7,1.3,250.0
66,40,7,350,3,5.68,2.9,226.3,85.7,0.11,0.6,250.0
57,40,16,350,3,7.41,2.56,232.6,82.0,2.47,0.8,250.0
60,40,18,350,4,3.29,4.3,250.0,79.8,0.47,0.1,250.0
49,40,17,350,5,6.61,3.56,246.8,79.9,0.24,2.0,245.5
50,40,14,350,4,8.65,2.05,242.7,87.0,0.14,0.8,250.0
52,40,16,350,5,4.89,3.3,234.9,89.5,0.47,2.1,250.0
63,40,7,350,3,4.74,2.89,250.0,77.7,0.34,0.3,168.6
56,40,8,350,5,5.27,3.28,236.6,91.7,0.13,2.2,230.7
46,40,12,350,3,3.55,2.22,162.5,69.5,0.27,2.6,250.0
61,40,14,350,3,7.29,2.76,221.1,84.3,0.27,1.1,208.0
72,40,15,350,3,4.81,3.46,250.0,84.7,0.28,2.6,250.0
47,40,9,350,3,8.22,2.17,200.1,75.5,0.22,0.1,250.0
48,40,10,350,3,5.89,1.52,250.0,73.6,0.29,2.9,234.4
70,40,17,350,4,5.5,3.91,250.0,88.6,0.46,2.7,250.0
53,40,7,350,4,8.86,3.65,219.9,90.3,0.41,1.8,216.6
60,40,13,350,5,8.84,3.25,247.6,88.9,0.22,0.8,222.3
53,40,11,350,3,8.59,2.76,204.2,83.9,0.21,0.2,250.0
67,40,12,350,3,3.34,3.96,216.2,85.9,0.4,1.3,250.0
64,40,9,350,4,7.52,3.25,250.0,90.2,0.33,0.2,242.8
67,40,10,350,5,5.84,3.72,250.0,87.7,0.25,1.8,250.0
62,40,12,350,3,4.95,3.88,237.2,92.8,0.36,2.3,226.0
66,40,14,350,5,7.1,1.8,250.0,80.9,0.3,2.2,202.8
59,40,9,350,3,8.45,3.98,212.6,70.8,0.37,8.5,250.0
57,40,9,350,3,4.16,2.61,190.6,82.3,0.37,1.9,250.0
66,40,18,350,5,5.88,2.72,250.0,92.6,0.15,8.9,250.0
63,40,8,350,4,3.71,3.88,247.7,90.9,0.44,1.4,250.0
49,40,17,350,5,5.79,2.3,237.1,75.1,0.21,2.4,250.0
71,40,12,350,3,7.33,4.1,250.0,86.9,0.18,3.0,250.0
60,40,10,350,5,5.86,3.32,241.6,84.5,0.29,0.2,237.2
55,40,17,350,5,4.91,3.78,250.0,82.0,0.24,2.0,250.0
51,40,16,350,4,4.77,2.23,232.1,86.9,0.26,0.9,250.0
74,40,9,350,3,4.42,2.37,250.0,78.3,0.36,1.8,222.3
71,40,14,350,5,8.73,2.78,250.0,89.1,0.42,2.6,243.1
49,40,14,350,3,5.73,1.9,210.6,72.6,0.26,0.8,250.0
73,40,11,350,3,7.38,3.57,227.7,93.9,0.35,1.7,191.7
66,40,10,350,5,6.15,2.1,250.0,95.0,0.48,1.6,250.0
47,40,7,350,3,8.27,3.76,180.5,74.0,0.47,0.8,236.7
51,40,10,350,5,7.22,3.71,250.0,84.3,0.46,1.6,246.7
52,40,7,350,3,8.67,4.04,226.8,73.1,0.14,1.2,250.0
56,40,10,350,3,8.34,2.18,234.2,78.6,0.36,1.9,250.0
46,40,9,350,5,6.63,3.37,250.0,79.5,0.13,2.2,250.0
75,40,13,350,5,5.88,3.25,250.0,86.8,0.26,1.1,250.0
62,40,7,350,5,5.23,4.07,242.0,79.8,0.49,1.7,219.3
50,40,10,350,5,5.65,4.04,250.0,84.6,0.23,2.5,250.0
53,40,18,350,3,7.97,2.49,206.0,88.6,0.47,2.9,237.0
48,40,15,350,5,3.26,4.06,250.0,72.2,0.14,2.8,250.0
58,40,13,350,3,7.06,3.26,219.8,81.0,0.31,2.7,232.8
65,40,11,350,4,4.47,2.08,250.0,86.0,0.23,7.4,250.0
53,40,7,350,5,8.81,2.08,218.7,78.6,0.48,8.2,250.0
64,40,15,350,3,7.69,2.99,250.0,75.3,0.14,1.1,250.0
50,40,18,350,3,8.14,2.82,229.8,71.5,0.4,1.5,238.2
66,40,8,350,4,5.51,2.75,250.0,91.3,0.38,2.8,241.7
55,40,15,350,3,8.08,1.56,227.0,79.4,0.44,2.1,250.0
62,40,18,350,3,3.61,2.36,226.2,78.7,0.37,0.8,250.0
67,40,15,350,4,3.46,1.54,238.6,92.1,0.48,1.4,232.9
62,40,15,350,3,6.82,3.72,250.0,87.0,0.36,0.9,206.4
53,40,7,350,4,6.63,3.16,220.8,78.9,0.26,8.4,250.0
49,40,11,350,3,6.93,3.04,197.8,69.6,0.24,2.0,225.9
60,40,17,350,4,5.66,2.68,250.0,83.9,0.24,2.6,236.3
54,40,13,350,3,6.84,4.24,215.3,81.6,0.32,2.7,250.0
69,40,10,350,3,7.53,4.31,223.6,85.7,0.2,2.5,250.0
68,40,13,350,4,7.87,3.23,250.0,95.0,0.31,1.9,242.4
71,40,13,350,4,5.85,3.66,250.0,91.1,0.49,1.2,224.6
55,40,16,350,4,3.76,2.92,231.1,81.1,0.39,0.7,185.1
65,40,8,350,3,5.52,2.68,213.1,83.3,0.45,2.8,250.0
47,40,7,350,3,5.08,3.1,176.8,78.3,0.25,0.8,250.0
75,40,10,350,4,3.43,1.67,250.0,86.8,0.18,3.0,230.3
66,40,13,350,3,8.87,3.36,250.0,79.2,0.3,2.5,228.2
51,40,9,350,5,8.18,3.7,217.1,90.5,0.4,1.9,250.0
49,40,11,350,3,8.34,3.09,215.0,73.8,0.45,0.4,247.4
66,40,18,350,3,6.33,2.41,246.9,81.8,0.31,2.3,224.8
46,40,13,350,5,5.13,3.4,239.3,83.3,0.4,0.6,233.3
53,40,14,350,4,3.72,2.9,212.1,78.2,0.28,2.4,239.4
61,40,7,350,3,4.96,2.7,225.2,83.0,0.17,7.2,250.0
58,40,9,350,4,4.81,2.56,226.8,88.0,0.3,0.5,250.0
46,40,14,350,3,4.09,3.92,250.0,67.8,0.44,1.4,250.0
71,40,17,350,3,4.57,3.97,249.9,82.9,2.23,1.5,235.2
55,40,16,350,4,5.54,4.4,250.0,71.4,0.16,2.0,250.0
46,40,13,350,3,5.55,4.0,196.5,78.0,0.16,1.6,250.0
59,40,16,350,3,7.2,3.66,242.6,75.3,0.27,2.2,250.0
61,40,18,350,4,4.27,4.19,250.0,82.0,0.27,2.5,240.4
62,40,15,350,3,6.51,1.8,241.6,82.7,0.43,0.1,250.0
50,40,12,350,5,5.84,3.18,227.6,78.9,0.19,2.4,250.0
74,40,10,350,3,6.23,2.78,250.0,79.4,0.11,0.1,250.0
60,40,16,350,5,6.24,3.88,250.0,84.7,0.39,1.9,250.0
75,40,7,350,4,5.37,2.07,250.0,94.6,0.13,2.3,250.0
58,40,17,350,3,6.34,4.39,248.5,73.4,0.19,2.3,250.0
59,40,17,350,5,5.7,1.63,250.0,74.8,0.36,2.7,226.8
75,40,12,350,5,6.35,1.63,250.0,93.5,0.41,1.4,250.0
51,40,15,350,3,5.59,1.83,211.9,66.0,0.2,0.4,189.2
70,40,17,350,5,3.59,2.55,250.0,93.7,0.35,0.2,250.0
49,40,10,350,3,6.61,1.89,184.8,78.3,0.5,8.9,250.0
67,40,10,350,5,5.48,3.48,250.0,82.5,0.49,0.2,250.0
62,40,14,350,5,5.32,2.99,250.0,89.0,0.13,1.3,250.0
72,40,11,350,3,3.86,2.98,250.0,91.6,0.47,2.4,250.0
67,40,14,350,4,7.42,2.96,250.0,84.1,0.36,1.9,200.6
75,40,9,350,3,7.26,2.09,249.5,92.2,2.18,1.0,244.4
60,40,10,350,3,5.42,1.77,188.6,74.3,0.31,1.3,250.0
52,40,7,350,5,3.93,2.99,208.2,85.9,0.24,1.9,250.0
61,40,18,350,5,3.61,1.89,244.9,81.1,2.5,0.9,238.8
66,40,12,350,3,7.56,4.22,250.0,84.8,0.21,2.7,250.0
59,40,14,350,3,4.64,2.22,198.1,70.9,0.12,1.7,250.0
75,40,13,350,5,5.48,2.18,250.0,95.0,0.13,1.6,250.0
60,40,14,350,5,6.93,3.11,245.0,92.8,0.42,1.2,250.0
74,40,15,350,5,6.54,4.27,250.0,91.6,0.47,0.2,250.0
65,40,7,350,5,8.97,3.24,250.0,87.8,0.47,1.1,250.0
62,40,17,350,4,7.39,3.87,250.0,80.7,2.02,0.8,250.0
75,40,18,350,3,6.01,2.0,250.0,84.5,0.48,3.0,250.0
68,40,8,350,4,4.73,2.59,243.4,80.8,0.17,0.6,238.2
62,40,14,350,5,4.41,2.89,250.0,92.3,0.21,2.0,250.0
61,40,7,350,5,7.27,3.09,233.5,89.9,0.23,0.1,250.0
71,40,12,350,5,8.21,4.48,250.0,90.3,0.17,0.1,239.9
71,40,17,350,5,5.75,3.79,250.0,89.7,0.19,8.7,250.0
59,40,14,350,4,8.07,2.83,237.0,80.2,0.49,1.5,250.0
58,40,10,350,4,7.4,4.12,226.9,75.0,0.43,2.4,250.0
70,40,17,350,5,4.29,4.06,250.0,95.0,0.32,1.5,250.0
66,40,8,350,5,3.66,4.14,250.0,88.3,0.33,2.6,212.2
68,40,16,350,3,4.14,1.65,245.0,79.8,0.3,2.7,250.0
48,40,8,350,5,8.51,2.89,198.1,78.4,0.23,0.2,250.0
47,40,15,350,4,8.68,3.62,250.0,83.4,0.38,0.7,250.0
71,40,10,350,3,3.33,2.45,250.0,93.1,0.44,1.7,250.0
56,40,10,350,4,3.56,3.28,250.0,82.6,1.71,0.1,250.0
65,40,17,350,3,7.78,2.79,248.9,92.3,0.28,1.2,250.0
47,40,9,350,5,4.48,3.03,241.5,75.6,0.11,2.6,223.0
69,40,13,350,3,5.79,3.23,248.3,85.7,0.4,0.6,222.9
47,40,14,350,5,3.25,2.95,212.2,76.1,0.22,1.0,250.0
47,40,10,350,3,6.41,2.54,214.8,77.7,0.48,0.1,250.0
68,40,16,350,4,4.31,2.71,250.0,86.5,0.46,8.3,250.0
73,40,7,350,5,8.98,4.28,250.0,95.0,0.37,0.8,250.0
47,40,17,350,5,7.99,2.11,250.0,85.3,1.49,0.4,250.0
53,40,16,350,3,7.27,1.83,250.0,75.2,0.36,2.7,250.0
61,40,9,350,3,5.38,2.85,226.6,81.3,0.46,2.8,235.9
62,40,7,350,3,6.89,3.75,239.0,79.3,2.18,0.1,242.8
47,40,15,350,3,5.63,4.32,219.2,70.8,2.5,1.2,250.0
53,40,13,350,4,3.71,4.23,209.8,77.1,0.23,2.9,198.4
53,40,10,350,5,8.4,1.75,218.3,89.3,0.11,2.9,250.0
50,40,12,350,3,3.69,3.73,184.8,79.4,0.47,0.6,250.0
70,40,7,350,3,6.2,3.92,250.0,86.6,0.32,1.0,221.2
58,40,17,350,3,7.56,3.38,250.0,84.5,0.26,1.8,250.0
60,40,14,350,3,5.47,1.88,212.9,83.0,0.33,0.9,250.0
50,40,11,350,5,6.53,3.31,246.2,79.2,0.19,1.2,250.0
62,40,8,350,4,8.19,2.53,250.0,77.8,0.23,2.9,250.0
46,40,11,350,3,8.02,3.62,250.0,71.1,2.79,2.6,250.0
55,40,7,350,4,3.43,3.34,250.0,86.0,0.4,1.0,250.0
65,40,16,350,5,4.69,3.93,250.0,87.8,2.49,1.2,250.0
66,40,17,350,4,6.88,2.55,250.0,80.5,0.17,1.2,250.0
55,40,11,350,3,7.33,3.66,250.0,75.9,0.22,2.5,250.0
68,40,10,350,3,8.26,4.38,248.6,87.4,2.39,2.2,242.4
75,40,15,350,5,3.71,2.68,250.0,92.7,0.36,1.4,250.0
47,40,13,350,5,7.09,2.05,198.8,91.2,2.01,1.9,250.0
69,40,18,350,4,7.7,3.38,250.0,89.7,0.12,0.1,250.0
63,40,11,350,3,7.22,4.29,233.6,86.5,0.28,1.7,250.0
53,40,7,350,3,6.75,3.54,250.0,76.4,0.2,0.6,244.8
74,40,17,350,4,8.77,3.1,250.0,93.6,0.41,2.4,250.0
62,40,12,350,3,7.18,2.63,239.7,82.4,0.12,0.6,250.0
64,40,7,350,5,8.99,3.88,250.0,87.2,0.16,9.8,250.0
67,40,14,350,4,6.4,3.83,247.5,93.9,0.37,7.9,250.0
67,40,10,350,4,7.69,3.26,250.0,84.9,0.32,0.5,250.0
73,40,10,350,5,3.87,3.78,250.0,91.6,0.4,0.4,250.0
69,40,10,350,4,5.32,3.84,250.0,95.0,0.49,8.2,250.0
58,40,13,350,5,5.43,4.48,250.0,86.2,0.38,8.1,250.0
54,40,8,350,5,6.32,1.7,238.5,85.5,0.45,1.9,250.0
54,40,13,350,3,7.93,2.95,230.6,75.6,0.15,1.0,250.0
66,40,11,350,5,5.83,3.92,250.0,84.7,0.38,1.1,250.0
65,40,10,350,5,5.68,3.35,250.0,86.5,0.44,0.5,220.6
55,40,18,350,3,6.98,3.13,250.0,79.1,0.12,1.1,204.0
58,40,12,350,3,3.35,3.07,212.3,70.3,1.08,2.0,250.0
47,40,8,350,3,4.73,3.44,198.4,72.0,2.22,1.9,250.0
60,40,16,350,3,4.22,3.9,250.0,86.1,0.39,2.4,250.0
62,40,14,350,5,3.34,2.43,250.0,85.5,0.31,2.6,250.0
63,40,14,350,4,4.74,1.68,246.5,90.0,0.43,10.0,250.0
64,40,11,350,4,6.16,2.59,238.3,82.4,0.25,1.0,250.0
51,40,14,350,4,8.22,2.06,250.0,84.7,0.19,0.7,224.0
66,40,7,350,5,4.67,2.65,247.8,80.9,0.31,2.6,250.0
51,40,16,350,3,4.4,3.99,218.7,74.8,0.22,0.7,250.0
69,40,12,350,5,7.32,2.76,250.0,89.6,2.16,0.2,250.0
69,40,13,350,5,6.41,2.77,250.0,83.7,0.16,2.9,250.0
68,40,16,350,4,6.7,4.08,250.0,87.3,0.45,0.3,250.0
73,40,14,350,4,4.83,2.4,250.0,95.0,0.48,2.5,250.0
59,40,12,350,5,8.46,3.68,250.0,81.0,0.21,1.1,220.8
68,40,8,350,3,8.49,3.5,250.0,82.0,0.38,7.5,242.4
67,40,10,350,3,6.53,3.4,213.8,79.8,0.27,1.0,250.0
56,40,11,350,4,6.53,4.24,210.4,90.8,0.19,0.5,187.8
73,40,18,350,5,5.81,3.13,250.0,94.4,0.13,1.9,250.0
47,40,7,350,4,3.19,2.32,183.2,79.3,0.15,2.3,249.4
58,40,14,350,5,4.86,4.39,250.0,83.5,0.11,0.9,222.6
68,40,14,350,4,3.28,1.9,239.1,82.4,0.11,0.4,220.4
59,40,16,350,3,4.18,2.15,217.8,83.8,0.22,8.7,250.0
51,40,16,350,3,7.68,4.39,217.4,76.3,0.3,1.7,250.0
66,40,17,350,3,4.83,3.64,242.9,85.9,0.19,0.3,250.0
60,40,9,350,4,8.89,3.71,243.5,80.7,0.34,8.6,250.0
64,40,11,350,4,3.23,3.5,250.0,82.0,0.3,0.0,244.4
70,40,11,350,3,6.18,3.4,248.0,88.0,0.13,0.3,250.0
68,40,7,350,4,4.9,2.52,239.9,90.7,0.22,0.5,232.6
70,40,8,350,5,6.95,2.87,250.0,95.0,0.28,2.5,225.2
50,40,8,350,5,6.51,2.57,227.5,84.6,0.38,7.5,250.0
47,40,10,350,5,8.2,1.81,212.2,85.1,0.2,2.1,250.0
75,40,8,350,4,5.76,3.03,240.8,95.0,0.2,0.2,250.0
64,40,18,350,4,4.35,3.66,250.0,88.7,0.29,2.5,250.0
52,40,13,350,5,6.28,4.42,250.0,84.1,0.34,0.6,197.8
54,40,18,350,5,5.29,3.65,250.0,89.9,0.34,1.0,226.2
49,40,15,350,3,7.05,1.54,190.6,80.9,0.23,0.6,225.7
69,40,10,350,3,5.1,2.81,217.6,90.3,0.29,2.9,250.0
69,40,8,350,3,5.89,3.64,220.2,85.4,1.54,2.2,250.0
69,40,12,350,3,7.21,3.9,250.0,78.4,2.02,2.5,250.0
71,40,18,350,4,6.39,3.76,250.0,82.7,0.46,2.6,250.0
58,40,16,350,4,5.54,3.38,250.0,87.3,0.36,1.9,247.6
60,40,11,350,5,4.76,2.22,235.2,90.2,0.13,2.3,239.4
50,40,9,350,5,8.9,3.45,235.5,79.7,0.41,2.0,241.4
66,40,8,350,3,7.89,4.37,229.4,79.5,0.29,2.9,250.0
52,40,14,350,3,4.29,4.21,228.2,71.8,0.14,0.3,181.2
61,40,11,350,3,4.68,3.44,245.0,78.4,0.49,2.8,250.0
47,40,9,350,4,7.39,1.56,178.1,88.3,0.48,1.9,206.2
61,40,9,350,3,5.98,3.28,247.8,79.7,0.45,2.1,250.0
52,40,12,350,3,4.26,3.54,192.4,77.3,0.36,2.5,218.6
74,40,15,350,5,8.24,4.26,250.0,95.0,2.27,2.6,250.0
47,40,10,350,5,6.69,2.38,204.4,74.9,0.15,9.5,249.4
75,40,10,350,3,8.66,3.58,244.8,88.7,2.19,1.0,250.0
46,40,12,350,5,4.43,1.87,213.9,77.0,0.48,2.0,250.0
57,40,9,350,3,3.27,2.16,250.0,85.7,0.27,2.2,246.0
71,40,15,350,3,3.19,1.55,250.0,88.2,0.33,1.6,250.0
64,40,12,350,3,3.31,3.67,234.2,78.6,0.24,7.4,230.3
55,40,17,350,4,4.63,2.55,250.0,87.4,0.45,7.9,250.0
55,40,12,350,3,3.65,2.28,200.8,79.1,0.23,0.4,223.6
65,40,14,350,5,6.56,3.77,250.0,88.6,0.18,1.1,250.0
49,40,12,350,5,5.59,3.31,218.7,88.9,0.44,2.2,250.0
73,40,17,350,4,6.03,3.65,250.0,88.7,0.11,0.8,250.0
69,40,15,350,5,6.01,3.56,250.0,88.4,0.46,2.9,250.0
72,40,18,350,3,5.15,3.78,250.0,88.6,0.15,2.2,246.6
69,40,10,350,5,7.46,4.49,250.0,73.2,0.38,1.1,250.0
57,40,13,350,4,4.94,2.53,236.6,85.1,0.18,2.9,250.0
53,40,17,350,5,6.96,1.78,250.0,90.2,0.24,2.1,250.0
49,40,18,350,5,4.18,4.48,250.0,75.4,0.44,1.7,250.0
47,40,17,350,5,3.98,2.25,247.6,80.3,0.19,0.8,250.0
69,40,14,350,4,5.12,3.1,239.6,83.2,0.2,2.4,250.0
60,40,14,350,5,3.99,4.03,250.0,93.6,0.24,8.3,217.4
68,40,12,350,5,7.03,4.22,250.0,90.8,0.19,2.1,250.0
47,40,13,350,4,4.64,1.83,184.8,79.8,0.15,0.3,250.0
58,40,13,350,4,8.46,2.01,250.0,89.9,0.41,2.2,250.0
49,40,10,350,3,5.67,3.02,250.0,76.4,0.12,2.0,239.0
67,40,18,350,4,5.85,1.77,238.0,84.2,0.38,1.7,226.2
53,40,16,350,5,5.86,4.11,230.2,80.2,0.24,2.6,250.0
46,40,17,350,4,4.43,3.39,214.6,83.7,0.21,9.5,250.0
55,40,8,350,4,6.95,2.21,250.0,75.4,0.44,1.3,243.2
62,40,13,350,5,8.0,3.43,250.0,93.8,0.11,2.2,250.0
55,40,18,350,5,4.58,1.84,232.1,78.0,0.41,0.7,250.0
74,40,16,350,5,6.75,4.22,250.0,95.0,0.29,3.0,250.0
60,40,10,350,4,7.44,3.05,247.1,83.1,0.17,1.9,250.0
57,40,13,350,4,8.98,4.05,250.0,83.5,0.36,1.6,238.7
53,40,18,350,5,7.38,2.83,240.8,78.3,0.42,0.7,250.0
61,40,8,350,5,8.11,4.38,227.7,87.3,0.22,7.7,250.0
75,40,11,350,4,5.57,2.25,250.0,82.6,0.42,0.2,199.7
57,40,16,350,5,3.41,2.31,249.2,81.2,0.28,2.0,250.0
48,40,17,350,3,7.16,2.95,192.7,76.7,0.33,2.4,250.0
70,40,8,350,5,4.71,1.75,250.0,93.4,0.18,1.0,246.0
63,40,10,350,4,7.24,2.92,245.7,81.9,0.47,1.9,247.9
62,40,7,350,5,8.38,2.31,239.8,88.9,0.18,0.9,250.0
49,40,16,350,3,7.91,4.26,234.2,77.4,0.21,0.5,250.0
64,40,12,350,4,8.1,1.53,250.0,91.3,0.29,0.1,236.2
62,40,9,350,5,8.99,3.4,250.0,91.6,0.13,1.1,250.0
55,40,7,350,5,6.05,3.72,231.5,84.5,0.12,0.1,250.0
62,40,7,350,5,6.3,4.28,250.0,89.2,0.44,0.2,250.0
60,40,10,350,5,7.52,4.49,250.0,91.9,0.13,2.7,245.1
51,40,16,350,5,7.25,4.39,250.0,79.1,0.16,1.2,250.0
64,40,13,350,4,8.45,2.87,233.7,82.2,0.47,0.3,250.0
62,40,13,350,5,7.12,3.01,250.0,91.0,0.31,1.4,250.0
56,40,10,350,5,8.47,4.35,250.0,83.6,2.72,0.4,250.0
60,40,15,350,4,7.06,3.58,250.0,85.6,0.27,1.9,250.0
65,40,10,350,5,6.6,3.61,250.0,91.3,0.26,1.7,250.0
54,40,17,350,3,3.6,1.87,250.0,86.5,1.64,0.2,250.0
68,40,9,350,4,8.63,1.78,250.0,88.6,0.15,0.6,222.6
56,40,11,350,4,8.21,3.14,250.0,86.1,0.27,1.6,234.6
53,40,8,350,3,5.48,4.12,218.2,90.2,0.45,0.5,250.0
66,40,9,350,5,5.36,1.78,225.0,91.4,2.27,2.1,250.0
56,40,13,350,4,6.35,2.14,250.0,78.9,1.11,2.4,247.8
65,40,9,350,3,4.84,2.28,213.4,88.5,0.41,0.7,250.0
49,40,11,350,5,8.31,3.57,222.8,72.4,0.17,3.0,250.0
66,40,16,350,4,7.2,2.63,250.0,88.6,0.31,0.8,245.0
67,40,17,350,5,8.55,2.35,250.0,89.8,0.18,2.6,250.0
61,40,11,350,4,4.87,2.91,237.5,85.2,0.18,0.2,250.0
67,40,10,350,3,5.16,2.62,241.1,83.4,0.43,0.2,250.0
54,40,17,350,4,5.8,1.54,250.0,82.2,2.81,1.1,250.0
75,40,13,350,4,4.22,4.17,250.0,86.7,0.14,2.1,250.0
54,40,18,350,4,4.09,1.81,248.6,80.3,2.55,2.3,250.0
55,40,16,350,4,6.79,3.08,242.0,84.0,0.48,0.6,250.0
66,40,8,350,3,7.8,4.37,250.0,84.3,0.5,1.8,250.0
62,40,10,350,5,3.4,4.45,250.0,91.2,0.11,2.6,250.0
67,40,17,350,3,5.65,3.3,250.0,81.7,1.04,0.1,229.8
59,40,7,350,5,3.48,2.47,243.5,91.2,0.36,8.2,250.0
57,40,7,350,3,8.63,2.63,213.9,73.6,0.5,1.4,248.4
53,40,8,350,4,6.71,3.26,250.0,76.9,0.35,1.9,250.0
58,40,10,350,3,3.25,3.79,236.0,75.7,0.35,1.1,250.0
64,40,9,350,5,6.12,1.75,250.0,90.2,0.34,0.2,235.1
67,40,15,350,5,5.15,3.56,250.0,93.9,0.23,1.9,242.1
70,40,8,350,3,5.54,2.32,229.3,82.0,0.41,0.3,249.2
66,40,16,350,4,3.52,3.3,232.0,88.2,0.43,9.5,250.0
56,40,9,350,5,7.85,3.93,242.0,95.0,0.19,0.8,237.8
56,40,8,350,5,8.75,3.31,237.0,85.7,0.12,2.9,250.0
49,40,18,350,3,5.27,3.67,232.2,73.4,0.23,1.8,250.0
68,40,18,350,4,4.42,2.25,246.0,84.6,0.23,1.8,250.0
58,40,7,350,4,5.28,3.57,242.8,79.8,0.19,0.4,224.4
66,40,17,350,4,5.82,2.57,250.0,89.7,0.42,0.3,225.0
73,40,9,350,3,7.79,1.82,220.2,91.7,0.11,2.8,250.0
55,40,7,350,4,4.85,4.15,217.6,84.1,0.26,0.0,194.2
74,40,10,350,4,7.4,2.86,250.0,89.4,1.11,1.7,250.0
50,40,12,350,3,8.88,3.59,190.3,71.6,0.16,1.6,250.0
69,40,8,350,5,6.89,3.56,250.0,91.1,0.36,2.7,250.0
66,40,12,350,5,3.4,3.61,250.0,88.7,0.27,7.5,250.0
62,40,7,350,5,5.7,1.76,250.0,92.1,0.4,2.5,250.0
57,40,11,350,4,4.92,4.28,241.2,82.7,2.9,0.8,250.0
70,40,14,350,5,8.7,3.32,250.0,94.2,0.14,2.9,225.6
65,40,11,350,4,8.78,4.47,250.0,83.7,0.24,0.4,199.8
63,40,14,350,3,5.67,2.53,213.3,77.3,2.52,7.2,250.0
47,40,10,350,3,8.23,2.94,194.8,75.8,0.41,2.6,219.4
74,40,12,350,5,4.59,2.36,250.0,89.3,0.32,0.6,250.0
47,40,9,350,4,6.2,3.65,204.1,83.7,0.41,0.1,250.0
46,40,8,350,4,5.98,2.58,250.0,73.0,0.4,1.9,250.0
65,40,13,350,4,5.18,4.33,244.6,87.1,0.47,2.0,250.0
69,40,9,350,5,4.1,2.9,250.0,95.0,0.16,3.0,250.0
69,40,7,350,3,4.46,3.21,237.0,89.3,0.35,2.5,226.2
69,40,17,350,4,4.24,2.8,250.0,81.8,2.76,0.5,250.0
46,40,12,350,5,5.97,2.64,212.2,76.0,0.3,0.3,250.0
49,40,17,350,4,5.88,2.72,211.2,85.8,1.2,0.8,214.9
71,40,8,350,5,6.64,3.01,250.0,95.0,0.29,0.0,250.0
48,40,18,350,3,7.18,2.95,194.1,74.9,0.39,2.8,233.6
70,40,15,350,3,3.94,3.48,246.4,84.0,2.21,1.8,250.0
55,40,12,350,3,3.81,1.72,217.9,72.3,0.49,0.1,232.7
67,40,15,350,3,4.65,2.74,250.0,92.2,0.44,1.8,237.1
51,40,16,350,4,3.95,3.98,225.0,81.5,0.24,1.9,236.4
65,40,10,350,3,8.86,2.26,224.2,78.9,0.38,1.9,250.0
48,40,17,350,3,4.26,3.28,226.1,76.9,0.47,1.8,250.0
75,40,11,350,5,5.84,1.93,250.0,91.5,0.23,2.9,245.1
69,40,12,350,3,7.95,1.56,250.0,87.1,0.45,1.6,250.0
69,40,7,350,4,3.2,1.83,231.5,79.4,0.46,0.6,247.8
74,40,13,350,4,8.45,3.5,250.0,92.3,0.33,2.4,229.4
49,40,18,350,4,7.67,3.3,238.8,85.2,0.28,2.4,232.1
49,40,14,350,5,4.2,1.92,216.0,83.4,1.87,1.4,250.0
61,40,8,350,3,7.43,4.12,219.5,89.5,0.29,2.5,250.0
49,40,18,350,3,6.01,2.98,250.0,80.5,0.38,1.9,238.2
63,40,17,350,5,4.3,3.2,240.5,84.5,0.37,2.8,250.0
49,40,11,350,5,6.15,3.44,225.8,86.2,0.2,8.6,250.0
60,40,18,350,3,4.45,2.34,250.0,73.6,0.49,0.4,250.0
48,40,14,350,5,3.44,4.43,250.0,73.9,0.12,2.6,243.8
53,40,18,350,5,5.68,3.99,249.6,91.0,0.18,1.3,213.0
64,40,15,350,3,7.99,3.3,232.9,77.5,0.34,0.9,250.0
54,40,13,350,3,7.91,1.84,205.8,74.6,0.13,0.8,250.0
72,40,12,350,3,8.64,2.17,250.0,86.1,0.29,1.3,250.0
71,40,14,350,4,3.79,3.39,250.0,83.3,1.5,2.3,250.0
46,40,13,350,4,6.24,3.0,250.0,76.6,1.69,2.4,250.0
73,40,12,350,5,7.25,3.91,250.0,95.0,0.19,2.5,250.0
69,40,16,350,4,6.5,4.4,250.0,81.8,0.13,1.3,250.0
63,40,8,350,5,4.52,2.27,250.0,88.8,0.36,2.0,250.0
73,40,12,350,5,4.29,2.38,250.0,95.0,0.38,2.0,250.0
58,40,17,350,4,5.26,2.13,250.0,84.0,0.48,0.6,250.0
61,40,18,350,5,3.41,4.48,250.0,88.9,0.28,2.3,250.0
71,40,15,350,3,7.58,3.82,250.0,93.3,0.48,3.0,250.0
59,40,14,350,5,4.61,3.59,250.0,81.8,0.22,1.0,190.2
70,40,18,350,4,7.36,3.48,250.0,91.7,0.37,1.9,248.0
46,40,12,350,3,4.59,3.42,183.4,66.2,0.19,1.0,236.4
49,40,13,350,3,7.35,3.79,235.8,73.0,1.74,2.9,250.0
60,40,13,350,4,8.51,4.36,230.0,82.6,0.38,2.8,250.0
75,40,7,350,5,3.25,2.12,250.0,93.5,1.46,2.6,250.0
60,40,16,350,3,5.93,2.14,250.0,81.2,0.36,2.5,250.0
74,40,13,350,4,5.57,3.27,250.0,84.6,0.25,0.5,250.0
52,40,14,350,5,6.17,3.38,250.0,80.2,0.13,1.2,243.0
62,40,18,350,5,4.88,3.07,250.0,80.0,0.31,2.3,250.0
74,40,13,350,3,8.99,3.28,236.8,83.4,1.35,2.0,250.0
66,40,16,350,4,7.28,4.1,250.0,83.7,0.37,0.7,236.9
65,40,16,350,3,7.06,3.4,241.9,85.1,0.36,0.4,212.9
58,40,14,350,4,8.62,1.94,228.9,82.7,0.18,0.1,218.4
46,40,11,350,4,3.33,3.77,206.1,82.9,0.15,2.8,250.0
64,40,9,350,3,8.41,3.37,215.3,84.7,0.13,0.1,230.2
72,40,9,350,5,7.46,2.52,250.0,88.4,0.26,2.5,250.0
52,40,7,350,5,7.95,2.8,227.9,84.9,0.23,3.0,250.0
64,40,8,350,3,3.67,3.91,247.7,81.1,0.43,0.0,228.2
60,40,14,350,4,8.19,4.0,242.9,92.7,0.45,0.5,215.2
52,40,10,350,5,5.21,2.63,221.8,87.7,0.33,0.4,242.6
52,40,15,350,3,4.92,2.81,206.7,89.2,0.28,0.8,220.6
65,40,11,350,3,6.47,2.83,236.2,79.4,0.26,8.4,250.0
52,40,15,350,3,6.91,4.14,213.6,80.7,0.22,2.9,250.0
68,40,14,350,5,4.47,2.02,250.0,89.7,0.11,1.6,250.0
74,40,14,350,3,7.68,3.01,246.2,87.7,2.58,2.9,250.0
54,40,17,350,5,8.73,2.24,250.0,84.3,0.3,0.7,207.6
48,40,13,350,5,6.39,1.88,228.1,81.9,0.16,2.8,218.8
49,40,13,350,3,7.55,2.53,200.7,76.2,0.4,7.7,250.0
49,40,10,350,3,4.27,3.97,206.6,74.9,0.26,0.9,250.0
46,40,10,350,5,6.63,1.83,250.0,81.9,0.15,1.8,216.0
74,40,16,350,4,8.84,1.65,250.0,95.0,0.22,9.7,250.0
53,40,9,350,3,4.59,1.96,207.5,84.3,0.17,1.8,250.0
73,40,14,350,4,5.98,4.29,250.0,90.4,0.25,0.8,233.4
72,40,14,350,3,7.8,3.74,250.0,88.3,1.47,1.3,238.5
56,40,15,350,3,7.59,4.01,226.9,80.8,0.22,0.1,210.8
48,40,13,350,5,4.8,2.41,211.9,87.1,0.23,0.9,237.7
47,40,15,350,4,5.32,3.85,207.2,81.5,0.46,1.6,250.0
54,40,9,350,3,6.72,4.5,231.1,74.0,0.46,9.9,250.0
68,40,16,350,4,4.04,3.85,250.0,81.7,0.29,1.8,250.0
65,40,8,350,4,6.78,2.73,243.8,82.7,0.45,1.4,237.4
52,40,12,350,5,8.46,2.99,250.0,85.9,0.5,2.9,233.6
62,40,9,350,4,5.65,1.6,225.7,87.3,0.14,8.7,250.0
55,40,13,350,3,7.05,4.16,216.0,76.5,0.14,1.9,202.0
56,40,10,350,4,8.52,4.5,240.2,90.7,0.36,2.8,250.0
47,40,9,350,3,6.3,2.34,193.3,77.2,0.47,8.3,250.0
72,40,7,350,5,4.12,2.32,250.0,89.3,0.36,0.1,244.2
65,40,9,350,4,7.78,2.86,246.0,94.7,0.33,1.6,226.6
53,40,18,350,4,4.8,4.17,238.5,76.3,0.34,2.0,250.0
48,40,12,350,3,7.75,3.34,216.0,79.2,0.25,1.7,228.1
54,40,18,350,4,4.84,3.4,250.0,86.7,0.22,1.2,236.6
58,40,12,350,4,7.57,3.15,218.4,75.0,0.38,0.3,233.4
63,40,9,350,4,8.86,4.0,229.1,82.1,1.25,3.0,250.0
56,40,17,350,3,5.15,2.68,226.6,77.2,0.2,2.8,250.0
70,40,14,350,4,5.7,1.72,250.0,78.5,0.28,1.5,250.0
53,40,14,350,4,6.54,3.9,250.0,74.3,0.3,1.4,219.4
63,40,8,350,4,5.7,2.53,250.0,89.3,0.49,1.8,250.0
54,40,9,350,5,6.56,2.48,210.0,78.1,1.02,0.2,241.4
73,40,16,350,5,8.28,2.57,250.0,95.0,0.32,1.4,232.2
53,40,9,350,3,3.59,2.53,225.4,73.8,0.16,2.0,221.9
61,40,9,350,4,8.0,3.85,222.5,93.6,0.17,2.3,245.5
47,40,10,350,4,5.77,3.31,212.5,77.5,2.03,8.6,250.0
48,40,18,350,4,8.18,2.53,234.9,83.8,0.38,0.7,211.7
67,40,8,350,5,7.4,2.91,230.4,86.7,0.4,1.1,250.0
49,40,18,350,3,6.37,2.14,203.6,83.1,0.38,1.5,250.0
71,40,13,350,3,7.8,2.11,246.9,82.7,0.17,0.8,250.0
55,40,14,350,5,6.96,3.13,245.2,85.1,0.1,0.2,234.7
61,40,11,350,4,4.78,3.61,250.0,85.7,0.19,0.3,244.7
74,40,14,350,3,4.72,4.04,232.5,79.5,0.14,2.6,250.0
61,40,7,350,4,8.47,2.83,240.8,83.0,0.41,1.2,248.6
70,40,18,350,5,4.71,1.66,250.0,95.0,0.31,2.4,241.6
53,40,14,350,3,5.97,3.33,238.3,80.9,0.4,1.0,220.6
62,40,10,350,4,8.25,4.23,228.5,88.0,0.49,1.4,250.0
47,40,9,350,3,7.96,2.13,211.1,75.5,0.44,9.8,250.0
73,40,15,350,5,5.48,1.96,250.0,92.5,0.42,0.8,250.0
46,40,17,350,5,5.6,2.99,250.0,73.9,0.13,9.7,250.0
61,40,14,350,5,4.41,4.45,250.0,81.8,0.17,1.1,226.3
64,40,7,350,5,8.77,3.15,243.2,95.0,0.25,0.2,250.0
67,40,14,350,3,6.66,3.57,219.9,86.4,0.23,0.8,250.0
65,40,9,350,5,7.2,3.09,246.4,74.5,0.45,2.7,250.0
71,40,18,350,4,6.59,3.54,250.0,84.5,0.36,0.6,250.0
69,40,9,350,4,3.59,4.02,250.0,92.6,2.81,2.9,250.0
67,40,14,350,4,7.98,2.96,250.0,72.0,1.13,1.2,250.0
70,40,7,350,5,3.77,2.67,233.7,95.0,0.23,0.0,238.0
66,40,8,350,4,5.67,1.72,250.0,90.5,0.37,8.4,250.0
53,40,14,350,4,5.1,4.0,234.6,86.9,0.36,2.8,250.0
47,40,17,350,4,5.69,2.59,215.6,86.4,0.17,2.5,235.5
66,40,8,350,4,8.26,3.08,250.0,85.5,0.35,1.3,250.0
46,40,15,350,5,7.82,2.43,224.2,83.2,0.31,2.9,235.2
66,40,9,350,5,5.2,3.19,250.0,90.2,0.33,1.1,250.0
51,40,15,350,4,7.55,3.45,220.4,78.8,0.27,2.9,250.0
71,40,7,350,5,5.17,2.69,250.0,82.6,0.23,1.0,250.0
74,40,15,350,5,3.94,4.44,250.0,83.2,0.45,2.7,243.8
64,40,11,350,4,7.62,3.97,250.0,83.2,0.28,2.5,250.0
66,40,18,350,3,4.16,3.98,227.6,84.5,0.37,0.3,250.0
64,40,9,350,5,8.39,4.2,250.0,84.0,2.54,8.4,250.0
67,40,7,350,4,4.82,3.19,250.0,85.6,0.45,1.0,250.0
75,40,17,350,4,7.09,3.54,250.0,80.4,0.33,0.3,250.0
55,40,17,350,4,8.75,3.8,246.0,79.2,0.49,2.1,250.0
62,40,11,350,4,3.42,1.51,250.0,83.6,0.24,0.8,250.0
46,40,13,350,4,5.9,3.0,239.4,80.6,0.43,2.2,250.0
47,40,11,350,5,4.99,4.19,250.0,85.5,0.15,0.2,222.6
67,40,15,350,3,4.63,3.05,250.0,79.5,0.4,0.5,250.0
48,40,10,350,5,7.54,3.61,219.7,71.5,0.38,2.5,243.4
74,40,15,350,3,5.26,3.21,247.7,85.3,0.2,0.6,239.3
56,40,11,350,3,5.56,4.32,228.9,85.1,1.38,1.3,250.0
53,40,8,350,5,3.96,1.81,234.2,81.2,0.31,2.2,241.4
65,40,18,350,3,7.28,2.21,237.9,89.3,0.17,0.1,250.0
53,40,13,350,5,8.56,3.09,229.1,83.0,0.5,0.6,227.6
73,40,14,350,3,6.2,1.78,250.0,78.6,0.4,2.8,250.0
60,40,12,350,3,8.86,2.35,218.0,86.2,0.24,1.3,250.0
66,40,10,350,4,8.14,3.89,239.8,87.6,0.28,0.7,250.0
75,40,16,350,5,7.94,4.38,250.0,91.7,0.19,2.3,250.0
63,40,14,350,4,6.68,2.27,249.2,81.6,0.15,0.5,250.0
65,40,18,350,4,3.87,2.62,250.0,84.1,1.74,0.2,216.5
70,40,7,350,4,6.39,2.25,250.0,85.9,0.46,1.1,248.6
46,40,12,350,3,6.19,1.93,189.7,72.3,0.31,0.4,187.6
60,40,9,350,4,8.97,2.49,237.9,82.2,0.33,1.0,249.8
55,40,7,350,3,3.68,2.62,181.6,82.7,0.43,7.1,250.0
71,40,16,350,4,4.96,3.62,241.4,95.0,2.21,8.0,250.0
72,40,7,350,3,6.76,2.96,226.7,85.8,0.25,0.5,218.3
53,40,11,350,4,4.56,3.07,205.1,87.6,0.2,8.1,250.0
48,40,17,350,3,4.94,4.49,212.8,82.1,0.25,0.8,250.0
64,40,16,350,4,6.24,2.41,250.0,88.1,0.49,1.2,250.0
75,40,7,350,5,4.35,4.3,250.0,85.3,0.45,0.4,212.8
46,40,11,350,3,7.76,2.03,250.0,78.2,0.36,1.7,205.2
52,40,13,350,3,8.26,2.88,204.6,82.7,0.46,0.5,250.0
51,40,12,350,3,8.87,4.32,193.9,76.0,0.35,0.5,211.8
68,40,16,350,3,7.72,3.66,250.0,93.5,0.38,0.1,250.0
60,40,11,350,3,7.26,2.12,204.8,80.2,0.43,2.6,250.0
75,40,7,350,4,4.42,1.52,250.0,95.0,2.99,2.2,246.6
63,40,8,350,5,7.93,2.04,250.0,89.0,0.2,9.7,250.0
56,40,10,350,3,3.72,4.49,194.0,87.7,0.3,1.1,233.8
55,40,13,350,4,7.23,3.47,250.0,85.2,0.14,0.2,231.0
73,40,10,350,3,4.91,3.83,225.5,94.6,0.47,1.9,250.0
53,40,13,350,3,3.95,3.66,228.2,78.1,0.46,1.1,250.0
47,40,12,350,5,7.29,3.7,250.0,76.8,0.1,0.5,224.4
70,40,9,350,3,7.52,3.16,241.2,93.6,0.24,0.6,227.5
52,40,15,350,3,5.03,3.02,221.2,82.4,0.41,1.8,228.8
54,40,14,350,3,3.53,4.36,221.8,79.6,0.17,0.5,250.0
62,40,7,350,4,4.13,2.33,216.3,76.2,0.23,1.9,234.8
74,40,14,350,3,3.37,3.36,250.0,86.4,0.19,2.9,250.0
51,40,16,350,4,4.79,2.82,224.7,83.4,2.95,1.4,250.0
70,40,18,350,5,4.84,2.53,250.0,87.3,0.21,0.1,250.0
67,40,10,350,4,7.88,1.71,250.0,91.5,0.24,8.5,250.0
59,40,12,350,4,7.37,3.05,250.0,82.1,0.4,2.4,250.0
72,40,17,350,5,3.72,2.56,250.0,95.0,0.25,1.7,250.0
73,40,8,350,4,8.86,3.55,250.0,89.2,0.12,1.4,250.0
70,40,17,350,3,8.0,2.26,250.0,95.0,0.36,2.4,225.5
73,40,12,350,4,5.18,1.77,250.0,84.6,1.12,2.0,250.0
59,40,17,350,3,6.5,3.25,211.7,79.3,0.49,1.3,250.0
71,40,14,350,5,7.99,4.16,250.0,95.0,0.19,1.3,250.0
59,40,18,350,3,7.76,4.02,245.6,76.4,0.14,1.8,250.0
70,40,18,350,4,5.92,1.78,250.0,90.4,0.2,0.1,250.0
49,40,13,350,3,5.97,1.51,250.0,82.5,0.13,0.9,250.0
68,40,17,350,4,6.38,2.74,250.0,95.0,0.45,0.4,248.0
72,40,17,350,5,3.86,2.59,250.0,85.9,0.37,0.8,215.6
46,40,14,350,5,7.78,3.24,239.9,73.1,0.44,9.5,250.0
48,40,17,350,4,4.23,2.62,207.2,76.4,0.14,0.0,250.0
75,40,14,350,4,6.87,4.04,250.0,82.2,0.46,1.8,250.0
69,40,10,350,5,6.33,3.6,250.0,89.2,0.24,2.7,234.4
54,40,8,350,5,3.85,3.02,250.0,82.2,1.41,1.0,250.0
51,40,13,350,4,8.85,2.99,221.3,85.2,0.42,2.9,222.0
53,40,7,350,3,8.78,1.74,250.0,80.4,1.74,0.4,250.0
48,40,16,350,5,6.94,2.11,205.6,77.9,0.35,2.5,250.0
65,40,16,350,5,6.33,1.86,250.0,89.2,0.23,2.9,250.0
69,40,13,350,4,3.19,3.63,242.9,82.0,0.24,2.2,250.0
63,40,12,350,4,3.55,2.47,250.0,78.4,0.45,2.3,250.0
75,40,12,350,3,3.75,2.45,250.0,79.1,0.26,2.4,250.0
54,40,13,350,3,4.82,2.61,250.0,74.6,0.22,2.9,246.4
69,40,9,350,4,4.74,3.45,250.0,85.2,0.26,2.8,250.0
47,40,12,350,5,8.86,2.91,232.9,91.6,1.86,1.7,247.0
66,40,9,350,5,4.86,3.51,250.0,92.6,0.24,1.2,231.3
53,40,18,350,3,6.18,4.21,213.1,80.7,0.19,2.6,250.0
56,40,8,350,5,4.04,1.63,223.5,87.4,0.44,0.4,250.0
68,40,18,350,3,7.29,3.77,250.0,95.0,2.32,1.3,250.0
73,40,7,350,4,7.8,2.82,250.0,83.3,0.48,1.7,248.6
73,40,9,350,3,3.7,2.02,224.8,87.4,0.38,2.1,203.2
64,40,16,350,3,3.64,3.26,235.5,74.7,0.15,7.0,250.0
46,40,10,350,4,7.85,2.53,190.2,88.9,2.61,0.8,234.2
68,40,14,350,3,5.54,3.12,250.0,84.9,0.18,2.2,201.6
48,40,8,350,3,7.33,2.96,192.2,71.5,0.3,2.2,250.0
50,40,14,350,3,4.71,3.18,191.2,72.2,0.25,9.0,250.0
69,40,8,350,4,6.18,1.54,250.0,83.5,0.21,0.4,250.0
71,40,16,350,4,5.14,4.2,250.0,90.2,0.44,0.8,232.6
69,40,11,350,4,6.21,4.24,250.0,89.6,0.32,2.9,250.0
48,40,17,350,5,4.27,3.18,223.2,86.1,0.49,0.9,250.0
59,40,15,350,4,5.37,2.52,239.0,83.3,0.11,2.3,250.0
66,40,15,350,4,3.51,3.03,246.7,89.8,0.12,2.0,214.8
58,40,18,350,4,8.5,2.52,243.1,88.0,0.19,0.2,250.0
56,40,8,350,4,6.66,1.85,206.0,73.6,0.12,1.1,250.0
75,40,7,350,5,5.84,3.46,250.0,91.7,0.41,1.4,248.4
62,40,7,350,4,6.04,3.52,250.0,82.1,2.55,3.0,250.0
60,40,10,350,5,3.69,4.25,237.3,95.0,2.21,2.8,250.0
59,40,8,350,5,4.86,2.38,250.0,88.6,0.18,2.5,250.0
73,40,15,350,4,7.35,1.99,250.0,85.8,0.19,2.9,249.2
71,40,11,350,3,8.53,3.97,250.0,90.8,0.14,1.2,250.0
67,40,7,350,5,8.86,3.19,236.2,92.4,0.16,1.6,224.7
67,40,18,350,3,7.99,3.19,250.0,83.4,0.36,1.3,189.2
52,40,7,350,5,7.91,2.47,216.7,83.2,0.1,1.9,233.0
51,40,7,350,4,5.24,1.94,179.2,84.4,0.44,1.4,226.4
47,40,18,350,5,3.75,1.93,224.8,85.9,1.46,2.8,250.0
67,40,11,350,3,3.63,1.58,214.9,85.4,0.42,2.3,250.0
74,40,14,350,5,4.24,4.44,250.0,86.9,0.47,1.5,229.7
66,40,10,350,5,7.57,2.66,250.0,94.7,0.4,2.6,250.0
59,40,7,350,5,8.6,2.74,217.4,88.9,0.29,2.5,226.9
56,40,12,350,4,5.17,2.11,250.0,76.6,0.22,1.3,250.0
49,40,7,350,3,7.76,3.87,213.8,80.6,0.22,0.9,250.0
62,40,9,350,5,8.96,2.1,250.0,86.7,0.44,1.9,216.8
54,40,15,350,4,7.93,2.07,250.0,76.7,0.23,0.8,206.2
49,40,17,350,4,5.99,3.39,203.6,83.7,0.44,7.5,250.0
46,40,13,350,3,4.25,4.36,200.0,75.1,2.84,0.5,250.0
75,40,17,350,4,7.61,3.94,250.0,91.1,2.26,1.9,250.0
66,40,17,350,4,6.21,2.3,250.0,91.6,0.13,1.3,250.0
51,40,11,350,3,5.18,1.92,250.0,76.9,0.13,1.7,250.0
73,40,16,350,5,4.99,1.92,250.0,85.7,0.19,1.1,250.0
74,40,9,350,5,7.55,4.35,250.0,88.7,0.29,2.3,246.8
53,40,11,350,4,5.42,4.22,250.0,80.8,2.66,7.7,250.0
47,40,17,350,5,7.06,2.91,234.4,83.1,0.2,2.7,237.2
69,40,18,350,4,8.62,2.21,242.8,87.6,0.45,2.8,250.0
51,40,15,350,3,4.86,2.59,224.8,82.2,0.12,1.3,220.4
49,40,18,350,5,7.6,3.99,235.6,86.8,0.29,0.9,250.0
50,40,15,350,3,3.33,3.13,214.1,77.7,0.11,0.5,250.0
55,40,18,350,4,7.22,2.87,250.0,79.6,0.26,2.9,250.0
74,40,17,350,4,8.06,1.75,250.0,86.4,0.11,1.7,229.9
67,40,13,350,4,5.84,2.84,250.0,82.8,0.39,1.7,250.0
53,40,11,350,5,3.32,3.36,222.3,90.5,0.48,2.7,238.4
73,40,18,350,4,3.67,4.29,250.0,93.0,0.3,8.5,250.0
50,40,13,350,3,8.33,3.26,221.8,73.4,0.19,7.3,242.3
57,40,17,350,4,3.44,2.94,234.8,80.3,0.28,1.8,245.7
58,40,15,350,3,8.6,3.01,213.9,80.7,0.38,0.4,249.6
58,40,17,350,4,5.24,2.17,235.2,84.3,0.38,0.6,250.0
59,40,11,350,5,5.66,3.59,242.5,86.1,0.14,0.0,248.9
60,40,14,350,5,6.13,3.89,250.0,88.5,0.3,0.5,250.0
61,40,18,350,4,7.17,1.94,246.8,81.7,0.42,9.9,250.0
66,40,15,350,5,8.21,4.08,250.0,95.0,0.47,2.7,250.0
52,40,14,350,4,6.84,3.33,229.1,77.6,0.28,2.6,199.6
63,40,9,350,5,6.47,2.19,250.0,84.1,0.43,7.2,250.0
51,40,13,350,3,8.19,4.28,186.3,77.9,0.36,1.0,250.0
68,40,18,350,4,8.66,3.71,250.0,90.7,0.4,0.8,250.0
56,40,9,350,5,6.28,1.66,250.0,83.6,0.46,1.6,250.0
69,40,14,350,5,6.18,2.3,250.0,89.2,0.25,1.2,201.4
56,40,18,350,4,7.49,2.22,250.0,95.0,0.13,0.7,239.9
47,40,14,350,3,5.36,4.21,193.5,73.8,0.13,2.7,250.0
59,40,17,350,4,4.92,1.85,235.5,75.9,0.11,2.3,229.0
69,40,8,350,3,7.71,1.99,250.0,87.1,0.45,3.0,240.4
50,40,11,350,5,5.46,4.21,219.3,83.2,0.2,2.2,250.0
65,40,17,350,3,3.84,2.91,223.2,80.7,0.13,1.6,250.0
68,40,17,350,5,6.71,4.16,250.0,82.0,0.19,1.6,250.0
63,40,11,350,4,7.51,4.17,250.0,89.6,0.35,9.6,250.0
66,40,13,350,5,8.36,2.54,250.0,82.6,0.43,0.1,250.0
59,40,9,350,4,6.94,3.37,223.8,82.1,0.41,1.7,250.0
74,40,10,350,4,4.31,1.63,250.0,95.0,0.46,2.7,250.0
62,40,13,350,5,4.61,2.47,248.4,90.6,0.41,2.1,199.2
75,40,9,350,5,6.21,2.24,250.0,95.0,0.22,2.2,248.7
47,40,14,350,3,3.86,4.35,185.7,76.4,0.48,1.8,212.6
69,40,12,350,3,8.35,1.71,237.7,81.0,0.24,2.0,250.0
49,40,14,350,3,4.32,3.86,199.1,76.4,0.22,0.8,250.0
70,40,8,350,5,8.13,2.17,250.0,91.1,0.36,2.9,250.0
67,40,16,350,4,5.83,2.64,250.0,89.3,0.15,0.3,191.4
68,40,18,350,5,6.45,3.44,250.0,84.8,0.1,1.4,209.9
46,40,8,350,5,5.13,2.12,188.1,73.8,0.41,2.8,250.0
57,40,8,350,3,7.38,4.3,203.5,85.8,0.44,1.5,250.0
67,40,13,350,5,3.23,3.63,250.0,83.4,0.34,1.4,250.0
71,40,16,350,5,5.61,3.19,250.0,91.5,0.16,1.8,250.0
56,40,7,350,5,3.22,4.4,250.0,91.4,0.13,3.0,190.0
51,40,16,350,5,8.46,2.82,250.0,78.1,1.77,0.8,250.0
48,40,7,350,3,8.99,2.15,177.6,78.5,0.23,7.0,250.0
66,40,14,350,5,4.46,3.28,250.0,86.7,0.18,0.2,245.5
68,40,17,350,4,3.5,3.42,250.0,95.0,0.24,0.9,250.0
70,40,13,350,5,3.88,2.15,242.1,92.9,0.21,2.9,250.0
67,40,14,350,5,5.98,1.94,250.0,90.5,0.5,1.4,250.0
54,40,13,350,5,7.17,1.63,250.0,88.6,0.11,2.0,250.0
67,40,18,350,5,8.28,2.77,250.0,87.5,1.82,0.3,250.0
49,40,8,350,5,8.38,4.44,250.0,78.3,0.25,0.6,247.0
61,40,16,350,3,7.75,3.89,250.0,83.1,0.37,1.6,211.0
68,40,15,350,3,3.18,3.39,241.2,86.0,0.44,2.4,250.0
47,40,7,350,5,6.42,2.22,199.9,77.0,0.45,0.2,226.0
68,40,18,350,4,3.7,1.86,250.0,94.6,0.3,2.1,237.0
50,40,11,350,5,4.39,3.62,218.6,88.2,0.46,1.7,250.0
51,40,12,350,5,3.88,2.42,225.1,85.6,0.4,2.0,250.0
72,40,9,350,4,6.74,3.46,250.0,82.7,0.37,9.5,245.2
74,40,18,350,3,4.38,2.47,250.0,85.5,0.31,2.8,250.0
55,40,8,350,3,4.13,2.82,206.4,81.6,0.45,0.3,250.0
46,40,17,350,5,4.41,2.14,250.0,70.8,0.32,2.6,250.0
61,40,16,350,4,8.44,2.22,250.0,88.0,0.36,0.2,227.1
72,40,8,350,5,5.8,4.39,250.0,86.5,2.82,1.6,250.0
46,40,12,350,4,3.99,3.34,221.0,77.0,1.58,1.2,250.0
57,40,18,350,3,6.83,3.4,228.2,95.0,0.17,2.0,235.6
57,40,17,350,5,3.92,3.19,232.6,80.8,0.33,1.9,236.4
51,40,10,350,4,5.99,2.46,226.1,76.1,0.42,3.0,231.4
54,40,17,350,5,5.63,2.93,224.8,83.6,0.42,0.9,250.0
62,40,12,350,3,7.24,3.01,214.6,81.6,0.31,0.4,250.0
58,40,13,350,5,5.58,3.11,250.0,95.0,0.12,0.9,250.0
47,40,11,350,5,8.69,2.61,250.0,75.8,1.68,0.0,250.0
65,40,10,350,4,5.87,2.91,250.0,93.1,0.11,9.7,250.0
64,40,18,350,5,5.06,4.23,250.0,89.3,1.45,1.1,223.8
46,40,13,350,4,7.82,1.6,222.4,80.9,0.31,1.5,250.0
47,40,18,350,4,3.77,2.19,198.2,78.4,0.34,2.1,238.2
59,40,15,350,4,5.41,3.73,250.0,77.8,0.33,0.6,236.2
72,40,10,350,3,5.23,2.28,225.7,86.4,1.61,0.8,242.2
65,40,10,350,4,8.04,4.09,229.1,95.0,0.49,0.9,250.0
70,40,9,350,3,5.61,2.59,215.2,84.3,0.38,1.3,221.8
75,40,9,350,5,8.1,2.36,250.0,94.1,0.28,0.6,250.0
59,40,14,350,4,4.22,1.82,211.5,87.1,0.23,2.5,241.6
54,40,14,350,3,4.0,3.73,250.0,72.5,0.26,2.7,228.8
63,40,9,350,4,7.82,3.75,229.4,88.5,0.39,9.1,250.0
66,40,17,350,3,7.47,1.58,215.5,89.3,0.31,2.4,233.2
50,40,18,350,5,7.75,2.44,250.0,80.1,0.49,2.3,220.2
49,40,9,350,5,6.01,2.66,220.2,80.5,0.29,1.7,250.0
63,40,9,350,3,6.0,3.98,204.8,79.6,2.99,0.9,250.0
66,40,10,350,4,4.91,2.77,250.0,94.2,0.38,2.3,250.0
91,40,27,350,8,11.68,11.03,250.0,95.0,0.48,8.3,250.0
83,40,19,350,15,21.37,7.79,250.0,95.0,0.19,1.5,250.0
77,40,33,350,10,21.39,4.84,250.0,95.0,0.13,2.9,250.0
76,40,30,350,7,21.95,9.27,250.0,95.0,0.45,8.8,250.0
100,40,29,350,6,16.0,9.91,250.0,95.0,0.46,0.5,250.0
95,40,35,350,10,10.4,5.13,250.0,95.0,0.35,1.6,250.0
77,40,36,350,10,23.58,5.14,250.0,95.0,0.32,2.1,250.0
103,40,38,350,13,17.63,6.48,250.0,95.0,0.16,0.9,250.0
85,40,22,350,11,15.67,11.49,250.0,95.0,0.15,1.2,250.0
115,40,21,350,9,16.29,5.47,250.0,95.0,0.32,2.6,250.0
84,40,32,350,14,22.25,11.99,250.0,95.0,1.15,2.2,250.0
105,40,27,350,13,13.0,6.25,250.0,95.0,0.25,3.0,250.0
117,40,31,350,9,22.0,7.51,250.0,95.0,1.43,7.3,250.0
85,40,31,350,6,13.14,6.78,250.0,95.0,1.69,1.5,250.0
110,40,28,350,10,10.32,10.27,250.0,95.0,0.43,0.5,250.0
118,40,27,350,7,13.58,11.5,250.0,95.0,0.2,0.9,250.0
87,40,26,350,15,16.36,9.42,250.0,95.0,0.42,0.5,250.0
116,40,38,350,13,11.76,4.74,250.0,95.0,0.37,2.4,250.0
116,40,29,350,9,23.68,9.09,250.0,95.0,2.24,2.8,250.0
95,40,34,350,7,23.82,5.91,250.0,95.0,0.13,2.9,250.0
111,40,21,350,9,12.71,11.9,250.0,95.0,0.2,0.5,250.0
79,40,33,350,7,15.96,6.57,250.0,95.0,0.41,2.7,250.0
81,40,23,350,14,13.87,10.12,250.0,95.0,0.28,1.1,250.0
119,40,32,350,11,16.51,6.85,250.0,95.0,0.39,2.6,250.0
107,40,34,350,13,13.34,11.96,250.0,95.0,0.22,0.1,250.0
120,40,39,350,8,14.96,5.07,250.0,95.0,0.25,1.4,250.0
89,40,27,350,14,22.4,5.14,250.0,95.0,0.49,0.3,250.0
117,40,23,350,7,11.96,8.03,250.0,95.0,0.31,0.5,250.0
110,40,22,350,12,9.58,11.18,250.0,95.0,0.15,1.5,250.0
105,40,22,350,11,21.35,4.85,250.0,95.0,0.31,2.5,250.0
77,40,40,350,10,20.98,10.65,250.0,95.0,0.12,1.2,250.0
78,40,30,350,14,16.9,7.1,250.0,95.0,0.33,2.5,250.0
82,40,29,350,13,19.34,6.85,250.0,95.0,0.23,1.9,250.0
115,40,28,350,14,21.76,8.71,250.0,95.0,0.24,1.3,250.0
100,40,27,350,12,16.8,7.56,250.0,95.0,0.37,2.4,250.0
117,40,39,350,13,14.49,7.76,250.0,95.0,2.91,2.0,250.0
82,40,33,350,10,18.73,4.65,250.0,95.0,1.86,2.9,250.0
119,40,38,350,13,9.04,10.39,250.0,95.0,0.15,0.3,250.0
106,40,31,350,11,21.87,11.29,250.0,95.0,0.19,2.2,250.0
88,40,23,350,13,9.98,5.16,250.0,95.0,0.27,2.3,250.0
102,40,33,350,10,19.68,11.43,250.0,95.0,1.72,2.0,250.0
109,40,26,350,8,19.57,8.98,250.0,95.0,0.35,0.8,250.0
78,40,20,350,6,12.03,9.06,250.0,87.0,0.47,1.0,250.0
102,40,26,350,6,9.3,11.4,250.0,95.0,0.17,0.4,250.0
86,40,32,350,13,19.25,9.15,250.0,95.0,0.15,2.2,250.0
103,40,37,350,12,9.7,9.83,250.0,95.0,0.33,8.6,250.0
106,40,26,350,8,16.68,11.33,250.0,95.0,0.29,7.3,250.0
105,40,31,350,12,11.17,8.37,250.0,95.0,0.46,1.8,250.0
105,40,22,350,9,21.92,6.34,250.0,95.0,0.24,1.6,250.0
101,40,29,350,9,17.78,7.79,250.0,95.0,0.12,0.3,250.0
114,40,39,350,13,18.86,5.89,250.0,95.0,0.39,2.3,250.0
104,40,21,350,13,15.05,10.77,250.0,95.0,0.18,2.5,250.0
98,40,26,350,10,13.99,7.71,250.0,95.0,0.47,2.0,250.0
88,40,31,350,11,20.25,11.35,250.0,95.0,0.13,1.0,250.0
105,40,32,350,7,16.04,10.8,250.0,95.0,0.34,0.2,250.0
120,40,23,350,6,12.2,6.58,250.0,95.0,0.4,0.9,250.0
101,40,39,350,14,9.42,8.59,250.0,95.0,0.24,2.0,250.0
89,40,20,350,13,20.95,4.73,250.0,95.0,1.1,0.1,250.0
99,40,19,350,11,19.43,11.97,250.0,95.0,0.18,2.2,250.0
92,40,40,350,12,19.36,9.45,250.0,95.0,0.1,1.4,250.0
79,40,27,350,12,21.38,6.69,250.0,95.0,0.18,0.3,250.0
80,40,36,350,10,9.56,7.92,250.0,95.0,0.26,0.1,250.0
108,40,36,350,6,14.79,8.05,250.0,95.0,0.45,3.0,250.0
84,40,27,350,11,23.69,11.44,250.0,95.0,0.2,2.2,250.0
81,40,19,350,13,9.76,9.36,250.0,95.0,0.2,1.3,250.0
84,40,35,350,10,15.12,4.65,250.0,95.0,0.4,2.2,250.0
91,40,36,350,9,11.7,10.92,250.0,95.0,0.47,1.2,250.0
80,40,28,350,11,20.27,6.09,250.0,95.0,2.04,1.2,250.0
119,40,28,350,12,13.97,7.39,250.0,95.0,0.29,1.3,250.0
113,40,29,350,12,13.15,10.64,250.0,95.0,0.31,1.1,250.0
95,40,19,350,6,9.39,7.35,250.0,95.0,0.16,2.5,250.0
89,40,34,350,11,14.81,8.03,250.0,95.0,0.47,1.1,250.0
104,40,28,350,12,13.7,6.71,250.0,95.0,0.5,2.9,250.0
96,40,36,350,12,17.43,8.08,250.0,95.0,0.28,0.0,250.0
115,40,36,350,12,21.23,8.26,250.0,95.0,0.45,1.8,250.0
82,40,27,350,15,20.71,7.83,250.0,95.0,0.45,0.3,250.0
90,40,29,350,13,10.48,11.86,250.0,95.0,0.27,2.3,250.0
89,40,29,350,10,10.88,10.95,250.0,95.0,0.33,0.5,250.0
94,40,24,350,13,15.33,11.54,250.0,95.0,0.32,1.5,250.0
88,40,40,350,12,16.13,8.8,250.0,95.0,0.14,9.1,250.0
110,40,37,350,12,9.3,9.4,250.0,95.0,0.25,1.1,250.0
113,40,36,350,14,23.16,8.41,250.0,95.0,0.5,1.0,250.0
116,40,22,350,6,21.59,5.97,250.0,95.0,0.19,1.7,250.0
93,40,34,350,7,13.86,7.85,250.0,95.0,0.12,9.1,250.0
90,40,24,350,12,18.75,8.14,250.0,95.0,2.09,1.4,250.0
108,40,25,350,6,22.44,11.83,250.0,95.0,0.43,3.0,250.0
113,40,21,350,9,10.82,6.24,250.0,95.0,0.24,1.3,250.0
96,40,32,350,8,16.85,4.53,250.0,95.0,0.13,2.7,250.0
78,40,32,350,6,15.43,8.52,250.0,95.0,0.15,2.5,250.0
82,40,40,350,14,11.34,8.11,250.0,95.0,0.13,1.1,250.0
120,40,39,350,13,13.59,9.88,250.0,95.0,0.24,0.3,250.0
120,40,25,350,6,12.49,9.5,250.0,95.0,2.85,2.2,250.0
86,40,32,350,14,18.29,10.22,250.0,95.0,0.39,1.6,250.0
111,40,19,350,6,19.67,10.33,250.0,95.0,0.2,2.1,250.0
77,40,33,350,12,13.48,11.37,250.0,95.0,0.17,1.2,250.0
82,40,27,350,14,9.04,5.2,250.0,95.0,1.95,2.8,250.0
81,40,28,350,7,14.99,5.62,250.0,95.0,0.39,7.0,250.0
81,40,31,350,13,22.18,9.19,250.0,95.0,0.18,0.2,250.0
79,40,31,350,8,17.68,8.09,250.0,95.0,0.16,2.3,250.0
94,40,35,350,11,23.41,6.47,250.0,95.0,1.52,0.6,250.0
117,40,31,350,8,15.41,8.1,250.0,95.0,0.15,9.6,250.0
103,40,21,350,10,15.99,9.78,250.0,95.0,0.19,1.1,250.0
95,40,33,350,10,9.4,10.84,250.0,95.0,0.19,1.6,250.0
77,40,28,350,15,15.47,6.7,250.0,95.0,0.19,1.9,250.0
117,40,29,350,10,11.39,6.13,250.0,95.0,0.45,1.7,250.0
85,40,23,350,6,21.27,6.66,250.0,95.0,0.5,2.8,250.0
89,40,29,350,14,22.78,6.17,250.0,95.0,0.42,0.9,250.0
99,40,31,350,9,14.33,6.25,250.0,95.0,2.26,0.4,250.0
89,40,25,350,7,23.96,5.78,250.0,95.0,0.47,2.5,250.0
114,40,24,350,7,14.12,10.16,250.0,95.0,0.39,0.1,250.0
97,40,30,350,15,21.0,6.45,250.0,95.0,0.34,0.7,250.0
96,40,21,350,9,18.51,10.85,250.0,95.0,2.94,9.5,250.0
91,40,38,350,6,14.66,6.57,250.0,95.0,0.45,1.3,250.0
80,40,33,350,12,20.23,4.64,250.0,95.0,0.16,1.3,250.0
107,40,33,350,8,17.87,9.59,250.0,95.0,0.13,1.8,250.0
102,40,30,350,10,14.97,10.2,250.0,95.0,0.19,1.2,250.0
98,40,22,350,12,12.42,5.69,250.0,95.0,0.3,1.8,250.0
79,40,32,350,6,15.31,10.2,250.0,95.0,0.15,1.0,250.0
98,40,29,350,9,22.83,5.81,250.0,95.0,0.31,1.4,250.0
90,40,24,350,8,12.89,11.89,250.0,95.0,0.39,0.8,250.0
89,40,21,350,6,9.65,10.19,250.0,95.0,0.17,2.1,250.0
85,40,33,350,14,23.62,7.04,250.0,95.0,0.48,2.0,250.0
97,40,23,350,13,12.51,10.08,250.0,95.0,0.16,1.7,250.0
80,40,35,350,9,21.55,4.67,250.0,95.0,0.22,2.1,250.0
88,40,40,350,7,12.18,8.88,250.0,95.0,0.15,2.4,250.0
109,40,36,350,7,17.33,6.32,250.0,95.0,1.24,1.5,250.0
109,40,33,350,7,19.01,11.12,250.0,95.0,0.28,2.6,250.0
114,40,25,350,13,10.42,5.14,250.0,95.0,0.16,2.6,250.0
80,40,23,350,14,22.37,10.24,250.0,95.0,0.15,2.9,250.0
99,40,29,350,9,11.1,10.86,250.0,95.0,0.5,0.3,250.0
83,40,30,350,8,9.97,6.37,250.0,95.0,0.37,0.1,250.0
93,40,37,350,9,14.85,8.38,250.0,95.0,0.47,1.7,250.0
93,40,27,350,10,13.96,6.88,250.0,95.0,1.84,0.4,250.0
110,40,37,350,12,20.46,7.92,250.0,95.0,0.13,0.8,250.0
111,40,23,350,12,13.49,11.88,250.0,95.0,0.14,1.7,250.0
107,40,34,350,10,10.32,9.62,250.0,95.0,0.11,0.3,250.0
97,40,32,350,8,23.38,6.3,250.0,95.0,0.13,0.1,250.0
76,40,33,350,6,22.16,7.47,250.0,90.9,0.14,2.0,250.0
91,40,24,350,9,14.47,9.0,250.0,95.0,0.49,2.8,250.0
110,40,31,350,13,22.5,10.02,250.0,95.0,0.17,1.8,250.0
97,40,36,350,6,11.08,8.26,250.0,95.0,0.44,0.5,250.0
99,40,33,350,14,10.82,7.65,250.0,95.0,0.29,1.8,250.0
103,40,23,350,9,10.83,5.48,250.0,95.0,0.25,2.1,250.0
98,40,20,350,15,19.54,9.78,250.0,95.0,0.47,1.4,250.0
89,40,27,350,8,21.3,11.17,250.0,95.0,0.45,2.4,250.0
96,40,19,350,14,15.87,11.8,250.0,95.0,0.38,0.1,250.0
115,40,25,350,8,12.08,7.6,250.0,95.0,0.37,1.3,250.0
80,40,21,350,6,9.89,6.04,250.0,95.0,0.29,0.9,250.0
111,40,27,350,7,12.83,10.58,250.0,95.0,2.5,2.7,250.0
105,40,19,350,6,15.13,8.73,250.0,95.0,1.22,2.5,250.0
87,40,32,350,15,16.07,10.44,250.0,95.0,0.43,1.6,250.0
117,40,40,350,8,17.67,10.87,250.0,95.0,0.21,7.1,250.0
100,40,26,350,9,22.04,11.67,250.0,95.0,0.34,0.6,250.0
96,40,25,350,15,21.53,10.62,250.0,95.0,1.43,2.9,250.0
85,40,30,350,14,20.74,9.93,250.0,95.0,0.17,1.8,250.0
116,40,27,350,13,17.59,8.95,250.0,95.0,0.35,1.6,250.0
110,40,24,350,14,18.75,5.29,250.0,95.0,0.43,0.6,250.0
82,40,40,350,11,12.01,5.9,250.0,95.0,1.81,1.3,250.0
78,40,26,350,6,9.99,5.12,250.0,95.0,0.18,1.0,250.0
88,40,32,350,10,13.31,11.99,250.0,95.0,0.29,2.1,250.0
109,40,29,350,13,19.2,6.78,250.0,95.0,0.22,0.3,250.0
117,40,31,350,10,11.15,8.53,250.0,95.0,0.13,1.1,250.0
98,40,19,350,13,21.87,7.21,250.0,95.0,2.5,2.9,250.0
105,40,38,350,8,21.96,8.37,250.0,95.0,0.37,1.5,250.0
100,40,22,350,14,22.05,9.92,250.0,95.0,0.2,8.5,250.0
120,40,34,350,11,17.91,11.49,250.0,95.0,0.35,9.4,250.0
114,40,32,350,9,17.28,7.47,250.0,95.0,0.49,1.3,250.0
99,40,20,350,9,9.3,9.33,250.0,95.0,0.32,1.2,250.0
109,40,31,350,13,23.6,8.62,250.0,95.0,0.29,1.1,250.0
96,40,23,350,10,16.73,6.89,250.0,95.0,0.46,0.3,250.0
110,40,20,350,8,14.09,5.54,250.0,95.0,0.17,1.1,250.0
93,40,29,350,11,13.32,5.01,250.0,95.0,0.37,0.6,250.0
119,40,39,350,9,23.02,10.64,250.0,95.0,0.44,2.2,250.0
118,40,23,350,11,14.92,6.34,250.0,95.0,0.37,0.9,250.0
87,40,20,350,13,11.9,11.62,250.0,95.0,0.31,0.7,250.0
80,40,23,350,12,15.71,7.25,250.0,95.0,0.44,2.0,250.0
113,40,39,350,14,17.17,9.49,250.0,95.0,0.37,1.6,250.0
95,40,27,350,9,19.15,10.04,250.0,95.0,0.23,8.1,250.0
89,40,38,350,8,16.24,10.94,250.0,95.0,0.43,0.6,250.0
84,40,35,350,15,21.35,4.8,250.0,95.0,0.34,1.6,250.0
97,40,36,350,8,19.75,7.49,250.0,95.0,0.22,1.5,250.0
102,40,24,350,15,11.12,9.86,250.0,95.0,0.16,0.5,250.0
102,40,40,350,6,15.75,7.7,250.0,95.0,0.1,1.8,250.0
120,40,33,350,7,10.14,11.12,250.0,95.0,0.21,1.4,250.0
114,40,22,350,9,12.68,9.44,250.0,95.0,0.32,1.0,250.0
77,40,19,350,8,10.49,11.38,250.0,95.0,0.49,0.7,250.0
92,40,20,350,9,19.05,11.48,250.0,95.0,0.19,2.6,250.0
97,40,27,350,11,12.42,8.53,250.0,95.0,0.26,0.9,250.0
103,40,25,350,10,23.78,4.7,250.0,95.0,0.3,2.2,250.0
89,40,26,350,14,9.38,6.67,250.0,95.0,0.32,1.8,250.0
93,40,33,350,14,22.73,9.6,250.0,95.0,0.23,2.2,250.0
95,40,34,350,13,22.95,7.36,250.0,95.0,0.15,1.0,250.0
105,40,21,350,10,14.91,6.15,250.0,95.0,0.38,1.6,250.0
114,40,34,350,7,14.11,8.13,250.0,95.0,0.39,8.2,250.0
101,40,37,350,6,11.21,10.67,250.0,95.0,0.14,2.1,250.0
97,40,28,350,14,14.68,11.35,250.0,95.0,0.32,1.6,250.0
91,40,35,350,7,11.22,4.99,250.0,95.0,0.28,2.2,250.0
114,40,28,350,8,20.33,8.26,250.0,95.0,2.95,0.6,250.0
93,40,24,350,14,17.18,7.01,250.0,95.0,0.32,2.3,250.0
104,40,36,350,11,10.14,11.25,250.0,95.0,0.45,1.6,250.0
95,40,37,350,7,15.82,8.82,250.0,95.0,0.32,0.9,250.0
119,40,33,350,9,17.89,6.42,250.0,95.0,0.25,2.6,250.0
98,40,35,350,11,15.58,5.55,250.0,95.0,0.42,2.2,250.0
76,40,28,350,11,18.73,11.11,250.0,95.0,0.4,0.5,250.0
102,40,35,350,11,18.53,4.87,250.0,95.0,0.18,1.5,250.0
102,40,27,350,11,10.17,8.46,250.0,95.0,0.28,3.0,250.0
98,40,38,350,14,17.14,8.81,250.0,95.0,0.36,1.3,250.0
82,40,37,350,12,20.77,6.02,250.0,95.0,0.11,0.1,250.0
93,40,31,350,7,22.78,9.89,250.0,95.0,0.43,0.3,250.0
83,40,21,350,9,20.44,5.32,250.0,95.0,0.14,7.3,250.0
79,40,29,350,10,17.05,8.48,250.0,95.0,0.43,1.4,250.0
80,40,34,350,7,23.03,9.09,250.0,95.0,0.26,1.7,250.0
95,40,24,350,15,22.38,8.34,250.0,95.0,0.16,1.7,250.0
103,40,20,350,9,9.54,6.21,250.0,95.0,0.49,0.0,250.0
81,40,21,350,14,12.7,11.64,250.0,95.0,0.22,9.9,250.0
77,40,26,350,7,23.06,7.88,250.0,95.0,0.43,2.4,250.0
103,40,27,350,11,20.91,10.63,250.0,95.0,2.19,0.2,250.0
112,40,35,350,12,20.18,5.62,250.0,95.0,0.42,0.5,250.0
76,40,31,350,8,11.44,7.91,250.0,95.0,0.17,0.9,250.0
114,40,30,350,6,20.65,7.62,250.0,95.0,0.3,2.8,250.0
97,40,20,350,12,20.04,5.32,250.0,95.0,0.14,2.7,250.0
96,40,39,350,9,19.28,7.93,250.0,95.0,0.23,0.1,250.0
100,40,38,350,6,9.61,8.87,250.0,95.0,0.35,2.3,250.0
106,40,22,350,14,10.65,6.56,250.0,95.0,0.15,2.9,250.0
92,40,24,350,13,23.96,4.62,250.0,95.0,0.26,1.3,250.0
89,40,28,350,9,13.92,5.07,250.0,95.0,0.13,1.4,250.0
89,40,29,350,11,11.96,10.56,250.0,95.0,0.17,2.0,250.0
86,40,34,350,6,20.62,7.12,250.0,95.0,0.26,2.8,250.0
115,40,37,350,11,23.73,5.13,250.0,95.0,0.4,2.9,250.0
106,40,30,350,10,16.78,4.6,250.0,95.0,0.2,1.2,250.0
97,40,20,350,8,14.64,9.0,250.0,95.0,0.49,2.8,250.0
91,40,39,350,14,15.97,10.31,250.0,95.0,0.22,0.2,250.0
104,40,25,350,11,22.72,4.94,250.0,95.0,2.78,2.9,250.0
80,40,32,350,12,13.12,11.6,250.0,95.0,0.22,2.9,250.0
115,40,19,350,8,17.73,8.38,250.0,95.0,0.33,0.6,250.0
86,40,34,350,8,21.94,11.12,250.0,95.0,0.28,0.5,250.0
101,40,30,350,12,13.64,8.64,250.0,95.0,0.3,2.3,250.0
83,40,38,350,7,23.93,6.99,250.0,95.0,0.11,0.9,250.0
86,40,36,350,14,11.8,8.86,250.0,95.0,0.33,7.9,250.0
101,40,24,350,8,18.08,10.18,250.0,95.0,2.36,2.5,250.0
109,40,30,350,9,14.4,11.67,250.0,95.0,0.46,1.1,250.0
100,40,22,350,14,19.25,8.64,250.0,95.0,0.16,0.3,250.0
81,40,28,350,7,14.39,5.51,250.0,95.0,0.13,9.9,250.0
101,40,28,350,15,17.34,10.28,250.0,95.0,0.46,2.0,250.0
111,40,32,350,11,11.18,10.07,250.0,95.0,0.22,2.0,250.0
106,40,36,350,12,15.13,11.37,250.0,95.0,0.16,1.4,250.0
79,40,31,350,9,11.56,4.55,250.0,95.0,0.31,1.1,250.0
105,40,25,350,10,12.16,7.13,250.0,95.0,0.28,0.6,250.0
101,40,39,350,11,22.31,10.15,250.0,95.0,0.46,1.7,250.0
79,40,30,350,13,14.93,8.84,250.0,95.0,0.2,1.9,250.0
98,40,38,350,6,10.86,10.73,250.0,93.6,0.2,1.0,250.0
89,40,28,350,8,15.1,5.24,250.0,95.0,0.28,1.3,250.0
98,40,24,350,15,11.51,9.09,250.0,95.0,0.17,0.3,250.0
91,40,31,350,10,11.34,5.47,250.0,95.0,0.41,0.6,250.0
117,40,22,350,15,12.22,7.67,250.0,95.0,0.25,2.8,250.0
113,40,20,350,14,21.36,5.35,250.0,95.0,2.77,1.9,250.0
107,40,20,350,10,20.91,4.79,250.0,95.0,0.15,0.5,250.0
80,40,35,350,7,11.55,10.25,250.0,95.0,0.29,1.3,250.0
78,40,37,350,14,18.97,7.52,250.0,95.0,0.18,0.5,250.0
89,40,34,350,15,12.41,6.93,250.0,95.0,0.36,8.5,250.0
82,40,29,350,10,14.9,5.79,250.0,95.0,0.31,1.2,250.0
116,40,33,350,7,13.33,9.7,250.0,95.0,0.35,0.2,250.0
120,40,36,350,6,22.88,11.62,250.0,95.0,0.48,2.9,250.0
108,40,34,350,13,18.99,11.06,250.0,95.0,0.47,1.9,250.0
85,40,39,350,6,18.23,9.54,250.0,95.0,1.84,0.4,250.0
118,40,24,350,14,23.99,10.91,250.0,95.0,0.11,0.9,250.0
100,40,40,350,11,10.91,7.14,250.0,95.0,0.22,2.7,250.0
98,40,35,350,9,11.17,8.72,250.0,95.0,0.2,1.2,250.0
81,40,30,350,8,18.59,7.96,250.0,95.0,0.49,0.7,250.0
116,40,29,350,12,11.19,9.95,250.0,95.0,0.23,0.7,250.0
92,40,32,350,11,20.96,8.14,250.0,95.0,2.74,7.9,250.0
82,40,35,350,6,18.99,8.65,250.0,95.0,0.15,1.3,250.0
83,40,32,350,15,11.1,10.97,250.0,95.0,0.13,1.0,250.0
114,40,24,350,8,16.61,7.63,250.0,95.0,0.43,1.3,250.0
90,40,32,350,8,23.26,5.98,250.0,95.0,0.44,2.1,250.0
76,40,26,350,12,10.92,8.61,250.0,95.0,0.33,1.6,250.0
84,40,29,350,9,9.79,7.9,250.0,95.0,0.2,2.4,250.0
86,40,32,350,12,11.32,7.28,250.0,95.0,0.12,2.1,250.0
88,40,25,350,11,15.79,6.1,250.0,95.0,0.37,2.4,250.0
93,40,26,350,12,12.34,8.18,250.0,95.0,0.29,1.1,250.0
77,40,35,350,14,17.37,7.67,250.0,95.0,0.38,1.7,250.0
115,40,38,350,10,18.63,6.97,250.0,95.0,0.28,2.1,250.0
80,40,32,350,13,13.69,5.29,250.0,95.0,0.36,2.7,250.0
115,40,26,350,10,16.62,6.18,250.0,95.0,0.19,1.7,250.0
115,40,21,350,10,15.11,11.47,250.0,95.0,1.2,0.7,250.0
78,40,21,350,8,21.58,7.36,250.0,95.0,0.42,8.5,250.0
104,40,38,350,13,15.34,5.91,250.0,95.0,0.32,2.9,250.0
101,40,31,350,7,15.18,10.93,250.0,95.0,0.16,2.1,250.0
87,40,36,350,11,23.01,8.96,250.0,95.0,1.57,1.4,250.0
86,40,40,350,11,15.85,7.92,250.0,95.0,0.27,0.1,250.0
91,40,25,350,8,13.79,4.73,250.0,95.0,0.5,0.3,250.0
115,40,29,350,6,9.1,4.68,250.0,95.0,0.25,1.8,250.0
81,40,21,350,14,23.98,6.7,250.0,95.0,0.4,1.9,250.0
95,40,28,350,15,15.7,9.63,250.0,95.0,0.24,1.5,250.0
113,40,20,350,13,16.14,10.74,250.0,95.0,0.32,1.5,250.0
85,40,19,350,15,13.38,7.03,250.0,95.0,0.14,0.6,250.0
95,40,31,350,6,19.53,10.36,250.0,95.0,0.46,2.8,250.0
119,40,30,350,11,13.93,8.08,250.0,95.0,0.13,1.7,250.0
78,40,21,350,15,18.41,9.84,250.0,95.0,0.26,1.7,250.0
98,40,27,350,7,21.88,11.21,250.0,95.0,0.21,0.5,250.0
76,40,24,350,10,19.71,7.46,250.0,95.0,0.16,0.5,250.0
116,40,26,350,8,16.72,6.99,250.0,95.0,0.12,0.9,250.0
117,40,22,350,6,17.46,9.84,250.0,95.0,0.33,2.2,250.0
84,40,39,350,8,11.45,10.22,250.0,95.0,0.33,9.0,250.0
111,40,21,350,15,10.25,5.04,250.0,95.0,0.25,1.9,250.0
117,40,33,350,9,14.04,11.71,250.0,95.0,0.24,0.8,250.0
105,40,39,350,11,10.61,5.9,250.0,95.0,2.62,0.1,250.0
116,40,40,350,13,22.35,5.36,250.0,95.0,0.44,9.5,250.0
94,40,26,350,7,17.65,7.54,250.0,95.0,0.39,1.0,250.0
90,40,26,350,13,11.02,4.93,250.0,95.0,0.13,1.9,250.0
101,40,26,350,15,13.35,6.97,250.0,95.0,0.16,1.2,250.0
88,40,39,350,6,14.89,7.29,250.0,94.2,2.54,1.4,250.0
117,40,36,350,13,16.12,5.27,250.0,95.0,2.89,0.9,250.0
93,40,31,350,15,19.14,10.42,250.0,95.0,0.17,0.3,250.0
96,40,19,350,13,9.15,8.87,250.0,95.0,0.48,2.0,250.0
83,40,39,350,6,23.36,8.91,250.0,95.0,0.18,1.2,250.0
96,40,35,350,7,12.34,5.54,250.0,95.0,0.43,0.1,250.0
114,40,19,350,9,15.68,6.91,250.0,95.0,0.44,8.5,250.0
79,40,21,350,10,16.4,9.25,250.0,95.0,0.42,3.0,250.0
94,40,38,350,7,12.58,6.85,250.0,95.0,0.13,0.3,250.0
107,40,30,350,15,9.18,11.78,250.0,95.0,0.11,0.5,250.0
115,40,34,350,15,17.17,6.17,250.0,95.0,0.3,1.5,250.0
91,40,40,350,13,10.98,9.61,250.0,95.0,0.33,1.7,250.0
112,40,28,350,10,14.51,9.65,250.0,95.0,0.19,2.6,250.0
92,40,19,350,14,15.2,10.33,250.0,95.0,0.28,2.1,250.0
84,40,19,350,7,17.07,9.97,250.0,93.5,2.31,0.7,250.0
106,40,40,350,8,19.96,11.49,250.0,95.0,0.3,1.4,250.0
112,40,33,350,15,15.14,5.44,250.0,95.0,0.29,2.6,250.0
118,40,22,350,15,21.54,5.59,250.0,95.0,0.42,0.1,250.0
91,40,19,350,13,12.55,8.39,250.0,95.0,0.14,1.0,250.0
103,40,31,350,10,23.92,7.0,250.0,95.0,1.24,1.1,250.0
111,40,40,350,6,22.9,5.32,250.0,95.0,0.27,2.2,250.0
80,40,20,350,11,16.07,9.16,250.0,95.0,0.32,0.2,250.0
91,40,32,350,8,16.28,8.77,250.0,95.0,0.39,1.8,250.0
78,40,31,350,11,18.32,4.98,250.0,95.0,0.34,1.7,250.0
90,40,30,350,10,22.02,8.68,250.0,95.0,1.28,1.5,250.0
100,40,38,350,7,23.38,8.24,250.0,95.0,0.44,2.2,250.0
111,40,36,350,7,19.42,7.62,250.0,95.0,0.17,0.3,250.0
94,40,21,350,13,20.91,8.28,250.0,95.0,0.1,2.8,250.0
83,40,20,350,14,21.13,8.73,250.0,95.0,0.17,0.4,250.0
98,40,22,350,14,23.63,5.91,250.0,95.0,0.18,2.3,250.0
82,40,30,350,14,11.93,5.32,250.0,95.0,0.33,7.3,250.0
120,40,37,350,15,16.6,7.9,250.0,95.0,2.03,0.1,250.0
90,40,21,350,13,13.22,8.04,250.0,95.0,0.14,2.9,250.0
90,40,39,350,10,13.9,6.04,250.0,95.0,0.46,0.7,250.0
76,40,36,350,12,17.13,9.33,250.0,95.0,0.34,2.3,250.0
109,40,21,350,11,21.01,9.74,250.0,95.0,0.24,0.7,250.0
119,40,25,350,12,10.26,6.4,250.0,95.0,2.26,1.9,250.0
99,40,33,350,8,14.26,6.9,250.0,95.0,0.39,0.5,250.0
117,40,38,350,7,19.08,7.11,250.0,95.0,0.46,1.5,250.0
108,40,37,350,6,20.02,7.06,250.0,95.0,0.11,1.5,250.0
89,40,20,350,7,14.28,7.46,250.0,93.4,0.34,1.5,250.0
87,40,22,350,9,22.8,11.97,250.0,95.0,0.33,1.3,250.0
84,40,27,350,15,18.87,7.44,250.0,95.0,0.31,2.4,250.0
103,40,22,350,7,14.68,11.28,250.0,95.0,0.36,1.5,250.0
108,40,20,350,7,11.46,9.45,250.0,95.0,0.4,3.0,250.0
96,40,38,350,6,9.22,6.92,250.0,95.0,0.16,1.9,250.0
78,40,40,350,7,18.13,9.92,250.0,95.0,2.46,1.1,250.0
117,40,29,350,6,11.69,7.88,250.0,95.0,0.33,2.3,250.0
98,40,32,350,8,15.54,8.81,250.0,95.0,0.14,1.7,250.0
119,40,37,350,11,13.85,8.75,250.0,95.0,0.27,2.7,250.0
96,40,33,350,6,23.11,11.79,250.0,95.0,0.1,1.5,250.0
111,40,33,350,11,13.73,11.76,250.0,95.0,0.37,1.0,250.0
88,40,22,350,12,15.53,7.27,250.0,95.0,0.26,1.7,250.0
105,40,33,350,15,13.85,10.41,250.0,95.0,0.25,2.8,250.0
100,40,19,350,15,10.39,11.8,250.0,95.0,0.31,9.5,250.0
93,40,21,350,8,22.96,12.0,250.0,95.0,0.48,2.3,250.0
78,40,38,350,14,22.35,9.32,250.0,95.0,0.44,2.7,250.0
103,40,36,350,14,21.01,8.61,250.0,95.0,0.32,0.1,250.0
83,40,20,350,11,14.29,10.91,250.0,95.0,0.32,1.6,250.0
118,40,21,350,15,10.89,6.66,250.0,95.0,0.12,0.7,250.0
78,40,34,350,10,14.33,10.07,250.0,95.0,0.4,1.6,250.0
85,40,27,350,12,16.28,11.52,250.0,95.0,0.14,0.2,250.0
117,40,21,350,9,23.09,9.83,250.0,95.0,0.43,0.3,250.0
109,40,24,350,7,16.91,9.59,250.0,95.0,0.37,1.7,250.0
101,40,21,350,7,11.95,5.01,250.0,95.0,2.42,2.3,250.0
106,40,27,350,14,13.93,11.49,250.0,95.0,0.14,1.5,250.0
94,40,19,350,10,16.85,10.9,250.0,95.0,0.48,2.8,250.0
83,40,22,350,12,15.86,4.52,250.0,95.0,0.19,8.7,250.0
81,40,32,350,14,13.36,8.19,250.0,95.0,0.26,1.7,250.0
115,40,21,350,6,19.77,6.92,250.0,95.0,0.17,7.5,250.0
87,40,19,350,8,19.11,6.28,250.0,95.0,0.32,0.9,250.0
100,40,30,350,14,22.81,7.95,250.0,95.0,0.13,0.5,250.0
96,40,33,350,14,9.92,10.36,250.0,95.0,0.17,0.4,250.0
114,40,29,350,8,11.44,10.59,250.0,95.0,0.45,0.6,250.0
93,40,25,350,10,13.61,10.59,250.0,95.0,0.14,1.9,250.0
96,40,36,350,13,19.96,4.72,250.0,95.0,0.5,0.8,250.0
89,40,37,350,10,13.88,7.34,250.0,95.0,0.29,2.9,250.0
100,40,23,350,9,15.44,5.94,250.0,95.0,0.22,0.7,250.0
105,40,33,350,14,19.86,8.33,250.0,95.0,0.15,0.1,250.0
97,40,40,350,13,9.47,5.99,250.0,95.0,0.2,1.5,250.0
120,40,30,350,15,23.73,7.01,250.0,95.0,0.47,1.9,250.0
98,40,29,350,13,15.7,8.54,250.0,95.0,1.9,9.9,250.0
86,40,30,350,12,17.8,7.97,250.0,95.0,0.1,2.2,250.0
78,40,25,350,14,17.1,4.93,250.0,95.0,0.1,0.6,250.0
96,40,21,350,12,10.57,10.12,250.0,95.0,0.34,0.9,250.0
118,40,30,350,12,21.37,11.52,250.0,95.0,0.22,2.9,250.0
106,40,31,350,11,12.58,8.75,250.0,95.0,1.72,1.7,250.0
84,40,40,350,7,18.37,11.03,250.0,92.2,0.1,0.1,250.0
87,40,20,350,7,17.14,11.92,250.0,95.0,0.4,9.6,250.0
87,40,29,350,15,11.26,8.31,250.0,95.0,0.18,2.7,250.0
88,40,34,350,12,13.84,11.79,250.0,95.0,0.47,2.1,250.0
106,40,24,350,9,21.56,9.31,250.0,95.0,0.4,2.4,250.0
98,40,34,350,14,12.17,4.75,250.0,95.0,1.04,0.2,250.0
118,40,32,350,15,15.32,8.55,250.0,95.0,2.44,1.6,250.0
120,40,33,350,13,22.44,10.38,250.0,95.0,0.26,2.8,250.0
92,40,27,350,15,14.51,10.0,250.0,95.0,0.33,2.7,250.0
88,40,24,350,10,22.81,10.26,250.0,95.0,0.23,2.9,250.0
92,40,27,350,9,13.7,7.75,250.0,95.0,0.12,1.0,250.0
97,40,28,350,7,17.25,7.92,250.0,95.0,0.49,0.3,250.0
119,40,38,350,13,22.64,4.8,250.0,95.0,0.28,0.7,250.0
83,40,35,350,9,18.4,5.15,250.0,95.0,0.19,2.3,250.0
83,40,26,350,14,11.07,10.63,250.0,95.0,0.24,1.3,250.0
113,40,36,350,12,21.26,6.02,250.0,95.0,0.28,1.4,250.0
87,40,39,350,6,13.9,6.37,250.0,95.0,0.36,3.0,250.0
83,40,19,350,6,22.63,10.51,250.0,95.0,0.19,2.2,250.0
99,40,28,350,15,11.13,8.52,250.0,95.0,0.15,2.1,250.0
108,40,40,350,6,9.72,7.74,250.0,95.0,0.12,2.9,250.0
120,40,22,350,12,15.11,10.83,250.0,95.0,0.31,0.5,250.0
88,40,33,350,11,16.14,5.17,250.0,95.0,0.5,0.1,250.0
93,40,26,350,11,11.81,8.92,250.0,95.0,0.36,2.0,250.0
107,40,19,350,9,11.57,11.09,250.0,95.0,0.12,0.0,250.0
114,40,38,350,11,9.45,10.63,250.0,95.0,0.22,8.2,250.0
107,40,35,350,9,21.76,8.64,250.0,95.0,2.48,9.4,250.0
99,40,37,350,15,12.4,6.81,250.0,95.0,0.26,0.7,250.0
93,40,37,350,7,15.16,10.4,250.0,95.0,1.72,1.1,250.0
86,40,40,350,12,19.69,8.83,250.0,95.0,0.24,2.4,250.0
88,40,30,350,6,19.71,11.26,250.0,95.0,0.45,2.4,250.0
111,40,28,350,13,15.01,6.49,250.0,95.0,0.46,1.0,250.0
86,40,20,350,7,23.67,8.14,250.0,95.0,0.35,2.2,250.0
93,40,31,350,12,11.17,8.84,250.0,95.0,0.3,2.5,250.0
96,40,20,350,9,14.61,11.43,250.0,95.0,0.32,1.9,250.0
117,40,20,350,11,21.81,11.05,250.0,95.0,0.21,2.6,250.0
81,40,40,350,10,23.09,7.18,250.0,95.0,0.39,1.4,250.0
113,40,40,350,15,19.69,7.25,250.0,95.0,0.3,2.4,250.0
111,40,28,350,13,23.75,5.76,250.0,95.0,0.17,7.8,250.0
80,40,39,350,9,21.09,9.8,250.0,95.0,0.41,1.8,250.0
88,40,29,350,9,10.15,6.62,250.0,95.0,0.36,8.5,250.0
97,40,31,350,13,9.86,10.32,250.0,95.0,0.4,1.4,250.0
83,40,29,350,6,23.27,6.97,250.0,90.2,0.2,0.5,250.0
107,40,20,350,7,15.54,10.62,250.0,95.0,0.47,2.2,250.0
110,40,25,350,14,20.77,6.37,250.0,95.0,2.13,1.6,250.0
112,40,39,350,15,10.09,6.51,250.0,95.0,0.13,7.9,250.0
98,40,28,350,7,22.01,10.95,250.0,95.0,0.2,0.9,250.0
106,40,32,350,7,22.28,10.51,250.0,95.0,0.21,7.8,250.0
89,40,25,350,14,11.75,10.73,250.0,95.0,0.13,1.2,250.0
100,40,36,350,10,11.46,11.54,250.0,95.0,0.41,1.0,250.0
93,40,20,350,8,23.13,7.61,250.0,95.0,0.23,0.2,250.0
94,40,38,350,8,21.12,4.68,250.0,95.0,2.02,2.1,250.0
86,40,23,350,7,9.43,9.95,250.0,95.0,0.14,2.8,250.0
83,40,26,350,14,17.13,9.97,250.0,95.0,0.19,2.4,250.0
103,40,27,350,6,14.09,11.0,250.0,95.0,0.25,9.4,250.0
87,40,27,350,13,20.27,9.37,250.0,95.0,0.43,0.2,250.0
105,40,33,350,11,12.74,9.36,250.0,95.0,0.11,9.0,250.0
81,40,23,350,6,10.75,7.18,250.0,87.3,0.22,0.9,250.0
104,40,33,350,10,22.73,6.98,250.0,95.0,0.38,1.3,250.0
86,40,26,350,13,17.09,9.16,250.0,95.0,0.13,0.1,250.0
87,40,26,350,14,21.9,6.22,250.0,95.0,0.13,0.3,250.0
92,40,25,350,14,13.89,5.72,250.0,95.0,0.22,0.1,250.0
94,40,20,350,9,9.37,7.86,250.0,95.0,0.47,1.3,250.0
95,40,33,350,15,12.25,6.6,250.0,95.0,0.36,1.3,250.0
105,40,35,350,13,10.84,11.47,250.0,95.0,0.24,0.1,250.0
101,40,20,350,13,18.53,9.78,250.0,95.0,0.37,0.1,250.0
108,40,36,350,8,14.81,6.42,250.0,95.0,0.41,7.2,250.0
102,40,30,350,6,17.91,6.45,250.0,95.0,0.33,2.9,250.0
115,40,32,350,9,15.04,5.48,250.0,95.0,0.29,2.1,250.0
86,40,39,350,7,21.24,9.01,250.0,95.0,0.5,1.1,250.0
86,40,37,350,14,18.57,11.06,250.0,95.0,0.18,1.3,250.0
118,40,20,350,12,16.66,7.31,250.0,95.0,1.82,0.7,250.0
76,40,22,350,15,18.27,5.24,250.0,95.0,0.1,1.4,250.0
89,40,40,350,8,14.74,10.77,250.0,95.0,0.21,2.6,250.0
97,40,20,350,14,18.33,8.73,250.0,95.0,0.48,2.8,250.0
94,40,23,350,8,9.33,7.26,250.0,95.0,0.38,2.3,250.0
96,40,24,350,8,14.73,6.93,250.0,95.0,0.16,2.7,250.0
108,40,33,350,7,18.65,6.59,250.0,95.0,0.37,1.4,250.0
115,40,32,350,10,12.05,11.83,250.0,95.0,0.44,7.1,250.0
118,40,23,350,10,13.48,5.71,250.0,95.0,0.28,1.6,250.0
104,40,20,350,10,17.23,11.96,250.0,95.0,0.33,1.3,250.0
101,40,23,350,7,23.37,6.82,250.0,95.0,0.45,2.2,250.0
84,40,22,350,14,10.28,11.27,250.0,95.0,0.47,2.8,250.0
102,40,34,350,12,21.29,11.0,250.0,95.0,0.13,2.8,250.0
112,40,29,350,7,14.4,6.52,250.0,95.0,0.37,1.0,250.0
87,40,31,350,15,21.22,11.43,250.0,95.0,1.04,1.2,250.0
94,40,28,350,6,19.44,7.29,250.0,95.0,0.42,1.0,250.0
79,40,38,350,15,17.21,5.62,250.0,95.0,0.27,0.4,250.0
81,40,20,350,13,9.12,8.24,250.0,95.0,0.31,2.0,250.0
87,40,34,350,14,21.55,5.5,250.0,95.0,0.11,1.1,250.0
113,40,27,350,6,10.82,5.57,250.0,95.0,0.11,2.2,250.0
101,40,27,350,14,17.52,9.56,250.0,95.0,0.23,2.8,250.0
102,40,25,350,8,12.3,9.02,250.0,95.0,0.48,1.1,250.0
90,40,40,350,14,17.02,11.98,250.0,95.0,0.39,2.1,250.0
89,40,30,350,12,10.3,4.51,250.0,95.0,0.37,0.4,250.0
92,40,28,350,13,15.77,10.94,250.0,95.0,0.32,2.4,250.0
114,40,36,350,9,15.81,6.05,250.0,95.0,0.13,2.4,250.0
95,40,32,350,11,11.74,7.93,250.0,95.0,0.23,2.8,250.0
85,40,21,350,11,11.17,8.65,250.0,95.0,0.46,2.1,250.0
80,40,23,350,6,17.84,7.22,250.0,89.3,1.46,1.0,250.0
99,40,21,350,11,23.24,10.53,250.0,95.0,0.14,2.3,250.0
111,40,23,350,8,15.93,11.06,250.0,95.0,0.23,0.8,250.0
89,40,36,350,6,22.64,7.18,250.0,94.1,2.4,1.0,250.0
85,40,26,350,13,16.57,9.92,250.0,95.0,0.5,1.5,250.0
111,40,40,350,13,14.23,11.98,250.0,95.0,0.41,2.1,250.0
79,40,29,350,13,22.26,9.04,250.0,95.0,1.18,1.4,250.0
87,40,28,350,10,13.94,9.83,250.0,95.0,0.18,0.3,250.0
87,40,25,350,9,12.92,7.79,250.0,95.0,0.49,0.3,250.0
91,40,20,350,6,21.03,7.85,250.0,95.0,0.18,2.7,250.0
95,40,22,350,11,14.64,7.39,250.0,95.0,0.45,1.7,250.0
118,40,33,350,13,9.04,5.3,250.0,95.0,0.33,1.4,250.0
104,40,29,350,7,17.9,6.34,250.0,95.0,0.24,3.0,250.0
86,40,20,350,12,22.15,7.85,250.0,95.0,0.4,2.8,250.0
114,40,40,350,6,14.38,5.21,250.0,95.0,0.49,0.3,250.0
111,40,36,350,11,9.03,9.13,250.0,95.0,0.41,0.1,250.0
102,40,21,350,11,11.71,5.06,250.0,95.0,0.14,0.5,250.0
110,40,35,350,13,13.18,6.5,250.0,95.0,0.38,1.1,250.0
113,40,35,350,10,20.09,8.48,250.0,95.0,0.18,0.6,250.0
85,40,36,350,14,18.8,8.1,250.0,95.0,0.26,1.7,250.0
85,40,35,350,7,18.2,10.82,250.0,95.0,0.21,9.6,250.0
115,40,26,350,6,18.66,11.1,250.0,95.0,0.35,9.4,250.0
107,40,25,350,15,18.16,9.32,250.0,95.0,0.32,1.1,250.0
116,40,36,350,6,23.33,8.92,250.0,95.0,0.17,2.6,250.0
99,40,22,350,15,18.49,4.93,250.0,95.0,1.16,2.9,250.0
91,40,39,350,6,10.99,9.15,250.0,95.0,0.31,2.1,250.0
98,40,27,350,11,19.34,7.01,250.0,95.0,0.43,10.0,250.0
85,40,34,350,13,19.3,6.78,250.0,95.0,0.38,0.7,250.0
79,40,40,350,13,18.33,11.03,250.0,95.0,0.43,1.9,250.0
119,40,30,350,10,16.05,5.03,250.0,95.0,2.48,0.4,250.0
96,40,38,350,6,20.46,8.88,250.0,95.0,0.44,1.5,250.0
78,40,27,350,12,21.32,10.11,250.0,95.0,0.19,0.8,250.0
95,40,19,350,7,14.54,5.04,250.0,95.0,0.11,1.1,250.0
119,40,39,350,15,9.15,8.03,250.0,95.0,0.14,1.2,250.0
100,40,24,350,11,14.85,6.38,250.0,95.0,0.45,2.0,250.0
86,40,32,350,11,17.3,11.91,250.0,95.0,0.38,0.5,250.0
85,40,40,350,14,13.31,5.54,250.0,95.0,0.25,1.0,250.0
92,40,30,350,9,9.88,4.99,250.0,95.0,0.26,3.0,250.0
88,40,20,350,13,19.06,9.63,250.0,95.0,0.15,1.2,250.0
83,40,19,350,8,22.39,7.12,250.0,95.0,0.42,0.6,250.0
88,40,40,350,6,18.18,5.28,250.0,95.0,0.18,1.0,250.0
101,40,38,350,7,9.64,9.65,250.0,95.0,1.94,2.0,250.0
112,40,23,350,12,15.54,4.89,250.0,95.0,0.4,2.1,250.0
84,40,34,350,8,10.44,10.01,250.0,95.0,2.55,1.9,250.0
100,40,33,350,14,19.33,6.74,250.0,95.0,0.35,2.7,250.0
96,40,39,350,13,13.21,11.06,250.0,95.0,0.26,0.5,250.0
92,40,34,350,14,18.74,5.42,250.0,95.0,0.36,2.1,250.0
90,40,29,350,13,23.19,9.9,250.0,95.0,0.32,2.0,250.0
109,40,23,350,14,15.84,7.77,250.0,95.0,0.43,9.9,250.0
106,40,38,350,14,23.16,5.6,250.0,95.0,0.2,0.1,250.0
105,40,34,350,15,15.61,6.6,250.0,95.0,0.22,8.6,250.0
106,40,23,350,6,18.05,11.52,250.0,95.0,0.36,0.7,250.0
106,40,26,350,11,14.81,4.71,250.0,95.0,0.31,1.0,250.0
100,40,22,350,6,23.9,9.74,250.0,95.0,0.36,2.7,250.0
94,40,32,350,6,10.3,9.56,250.0,95.0,0.29,0.8,250.0
82,40,36,350,11,19.79,8.48,250.0,95.0,1.46,0.1,250.0
105,40,24,350,13,19.31,7.5,250.0,95.0,0.22,0.4,250.0
112,40,29,350,9,11.71,11.1,250.0,95.0,1.47,1.5,250.0
116,40,25,350,13,19.77,6.84,250.0,95.0,0.32,2.0,250.0
84,40,23,350,13,10.8,5.79,250.0,95.0,0.12,2.5,250.0
106,40,37,350,15,22.52,8.07,250.0,95.0,2.88,0.8,250.0
80,40,19,350,14,9.9,10.77,250.0,95.0,0.34,1.1,250.0
102,40,30,350,13,19.53,7.03,250.0,95.0,0.4,0.2,250.0
87,40,31,350,11,10.88,7.49,250.0,95.0,0.38,2.9,250.0
101,40,26,350,7,19.57,8.43,250.0,95.0,1.56,1.0,250.0
85,40,22,350,7,19.37,6.04,250.0,95.0,0.14,2.8,250.0
112,40,33,350,14,21.61,7.85,250.0,95.0,0.37,0.1,250.0
85,40,25,350,9,10.45,5.25,250.0,95.0,1.94,0.1,250.0
110,40,36,350,13,20.56,8.37,250.0,95.0,0.32,1.2,250.0
110,40,19,350,13,23.86,6.08,250.0,95.0,0.21,2.7,250.0
99,40,22,350,11,16.22,7.57,250.0,95.0,0.47,1.4,250.0
83,40,26,350,8,12.69,5.09,250.0,95.0,0.2,1.0,250.0
82,40,34,350,15,15.44,8.82,250.0,95.0,0.41,1.8,250.0
105,40,34,350,13,16.56,11.83,250.0,95.0,0.18,0.7,250.0
91,40,25,350,8,23.65,6.58,250.0,95.0,0.27,7.5,250.0
81,40,39,350,7,13.72,6.96,250.0,90.8,0.46,2.6,250.0
89,40,19,350,13,12.61,7.96,250.0,95.0,0.13,1.5,250.0
117,40,21,350,12,14.84,9.66,250.0,95.0,0.3,0.1,250.0
105,40,37,350,8,13.8,5.7,250.0,95.0,0.45,2.0,250.0
87,40,29,350,7,23.16,9.31,250.0,95.0,0.26,2.7,250.0
120,40,38,350,7,17.99,11.11,250.0,95.0,0.15,0.8,250.0
84,40,37,350,10,19.3,11.72,250.0,95.0,0.14,2.0,250.0
108,40,20,350,14,9.68,7.71,250.0,95.0,0.48,1.7,250.0
117,40,19,350,7,18.01,8.39,250.0,95.0,0.49,1.1,250.0
107,40,30,350,9,22.08,11.54,250.0,95.0,0.33,2.8,250.0
97,40,23,350,10,11.94,7.84,250.0,95.0,0.2,0.4,250.0
82,40,31,350,14,17.64,4.59,250.0,95.0,0.18,1.0,250.0
111,40,40,350,14,20.61,6.82,250.0,95.0,0.25,1.1,250.0
83,40,32,350,12,13.28,10.96,250.0,95.0,0.15,1.0,250.0
118,40,36,350,14,15.96,5.17,250.0,95.0,0.2,1.4,250.0
110,40,37,350,9,9.47,8.87,250.0,95.0,0.14,1.3,250.0
105,40,25,350,15,15.01,8.6,250.0,95.0,0.18,0.0,250.0
109,40,30,350,6,18.14,6.73,250.0,95.0,1.44,8.4,250.0
116,40,36,350,10,13.46,9.86,250.0,95.0,0.3,2.0,250.0
97,40,35,350,11,18.17,6.38,250.0,95.0,0.29,1.1,250.0
118,40,33,350,9,14.68,9.76,250.0,95.0,0.17,0.2,250.0
106,40,38,350,7,21.97,8.2,250.0,95.0,0.19,7.3,250.0
107,40,22,350,6,14.24,7.93,250.0,95.0,0.26,0.1,250.0
88,40,36,350,12,21.35,5.5,250.0,95.0,0.17,0.0,250.0
115,40,38,350,13,11.44,6.38,250.0,95.0,0.34,0.4,250.0
108,40,20,350,10,17.7,10.78,250.0,95.0,0.48,1.6,250.0
95,40,30,350,7,19.06,7.32,250.0,95.0,0.45,2.6,250.0
118,40,20,350,6,15.99,8.85,250.0,95.0,0.3,1.5,250.0
103,40,38,350,15,20.03,5.39,250.0,95.0,0.15,0.7,250.0
103,40,37,350,7,12.11,8.15,250.0,95.0,0.33,2.1,250.0
120,40,23,350,9,18.29,8.91,250.0,95.0,0.3,2.1,250.0
113,40,31,350,10,22.52,5.29,250.0,95.0,0.48,2.3,250.0
103,40,28,350,10,11.28,10.73,250.0,95.0,0.2,0.2,250.0
90,40,36,350,9,11.93,5.49,250.0,95.0,1.02,1.3,250.0
109,40,40,350,13,16.15,5.45,250.0,95.0,0.46,0.2,250.0
106,40,28,350,6,20.32,4.92,250.0,95.0,0.39,2.0,250.0
99,40,20,350,13,12.46,11.39,250.0,95.0,0.39,1.5,250.0
113,40,29,350,6,12.78,5.59,250.0,95.0,0.44,1.5,250.0
77,40,39,350,11,17.92,11.72,250.0,95.0,0.19,0.5,250.0
120,40,28,350,13,13.81,6.25,250.0,95.0,0.29,1.0,250.0
83,40,39,350,11,18.2,6.46,250.0,95.0,0.43,1.5,250.0
108,40,38,350,14,10.28,8.35,250.0,95.0,0.41,1.1,250.0
120,40,30,350,10,16.46,5.03,250.0,95.0,0.38,1.7,250.0
106,40,26,350,11,21.57,11.99,250.0,95.0,0.19,1.0,250.0
76,40,24,350,10,21.26,9.47,250.0,95.0,0.44,2.5,250.0
115,40,29,350,15,18.27,7.61,250.0,95.0,0.39,8.8,250.0
116,40,32,350,10,20.82,9.38,250.0,95.0,0.4,0.6,250.0
90,40,28,350,10,17.67,8.95,250.0,95.0,0.35,7.5,250.0
89,40,32,350,11,20.2,4.93,250.0,95.0,0.27,0.8,250.0
113,40,37,350,14,15.68,6.78,250.0,95.0,0.29,2.8,250.0
111,40,31,350,14,14.61,6.46,250.0,95.0,0.42,9.2,250.0
77,40,35,350,13,12.31,8.97,250.0,95.0,0.31,1.2,250.0
116,40,28,350,9,17.36,10.17,250.0,95.0,0.38,1.2,250.0
80,40,25,350,13,10.48,9.07,250.0,95.0,0.11,1.4,250.0
112,40,23,350,13,12.66,6.6,250.0,95.0,0.4,0.6,250.0
103,40,34,350,14,13.94,7.96,250.0,95.0,2.01,1.7,250.0
79,40,27,350,6,10.71,11.82,250.0,95.0,2.29,2.1,250.0
83,40,30,350,11,10.79,11.07,250.0,95.0,2.91,1.3,250.0
112,40,19,350,6,19.38,8.5,250.0,95.0,0.43,1.3,250.0
92,40,30,350,7,15.17,9.13,250.0,95.0,0.33,0.9,250.0
109,40,23,350,11,19.47,7.39,250.0,95.0,0.33,1.5,250.0
87,40,21,350,13,16.96,9.79,250.0,95.0,0.47,1.5,250.0
117,40,36,350,14,13.99,5.69,250.0,95.0,0.5,1.8,250.0
108,40,24,350,14,11.55,11.71,250.0,95.0,0.14,1.4,250.0
104,40,29,350,13,16.0,10.05,250.0,95.0,0.47,2.0,250.0
115,40,36,350,6,20.2,8.31,250.0,95.0,0.35,2.1,250.0
88,40,24,350,7,16.87,8.34,250.0,95.0,0.22,0.4,250.0
117,40,30,350,14,16.16,11.98,250.0,95.0,0.48,3.0,250.0
93,40,28,350,13,11.56,7.9,250.0,95.0,0.43,1.4,250.0
106,40,28,350,14,13.22,11.52,250.0,95.0,0.44,1.4,250.0
90,40,23,350,12,10.83,11.88,250.0,95.0,0.1,7.8,250.0
87,40,22,350,13,16.95,9.73,250.0,95.0,0.43,2.8,250.0
95,40,26,350,13,12.3,5.6,250.0,95.0,0.14,1.8,250.0
117,40,26,350,12,23.35,6.37,250.0,95.0,0.49,1.8,250.0
83,40,29,350,9,16.39,8.56,250.0,95.0,0.11,9.8,250.0
95,40,20,350,14,11.73,10.95,250.0,95.0,0.43,2.8,250.0
107,40,28,350,8,18.64,6.31,250.0,95.0,0.4,0.8,250.0
91,40,36,350,12,11.87,5.95,250.0,95.0,0.3,1.2,250.0
92,40,32,350,13,18.26,10.26,250.0,95.0,2.67,2.9,250.0
88,40,25,350,15,11.43,5.25,250.0,95.0,0.24,9.5,250.0
117,40,33,350,7,16.58,7.78,250.0,95.0,2.65,2.4,250.0
116,40,28,350,6,21.63,9.44,250.0,95.0,0.48,2.0,250.0
98,40,24,350,7,23.82,5.35,250.0,95.0,0.47,1.2,250.0
97,40,39,350,8,15.19,6.83,250.0,95.0,0.11,0.7,250.0
115,40,35,350,11,22.56,5.17,250.0,95.0,0.33,2.4,250.0
107,40,27,350,14,13.45,7.96,250.0,95.0,0.35,0.3,250.0
89,40,39,350,15,19.47,11.04,250.0,95.0,0.42,2.8,250.0
79,40,38,350,6,12.64,9.32,250.0,94.2,0.31,0.8,250.0
95,40,24,350,15,14.24,6.11,250.0,95.0,0.45,2.5,250.0
119,40,25,350,7,15.51,5.57,250.0,95.0,1.36,0.5,250.0
102,40,33,350,8,17.87,4.77,250.0,95.0,0.27,1.7,250.0
118,40,35,350,9,17.48,6.57,250.0,95.0,0.34,0.2,250.0
112,40,35,350,6,14.47,9.72,250.0,95.0,0.12,1.1,250.0
109,40,39,350,11,16.98,5.9,250.0,95.0,0.29,0.6,250.0
100,40,32,350,12,19.65,8.67,250.0,95.0,0.18,9.8,250.0
79,40,28,350,8,14.58,9.9,250.0,95.0,0.32,0.4,250.0
80,40,22,350,8,11.43,6.27,250.0,93.2,0.5,1.8,250.0
107,40,19,350,13,15.99,8.68,250.0,95.0,0.44,2.7,250.0
85,40,20,350,6,22.67,10.25,250.0,89.7,0.16,0.8,250.0
119,40,36,350,9,14.74,8.03,250.0,95.0,0.35,0.1,250.0
87,40,35,350,15,15.37,10.24,250.0,95.0,0.38,2.7,250.0
93,40,39,350,12,12.86,8.17,250.0,95.0,1.87,0.1,250.0
86,40,20,350,14,9.16,8.13,250.0,95.0,0.26,8.9,250.0
81,40,38,350,15,14.48,7.06,250.0,95.0,1.67,2.3,250.0
109,40,30,350,11,20.43,4.78,250.0,95.0,0.3,1.1,250.0
97,40,32,350,8,15.37,11.06,250.0,95.0,1.86,7.9,250.0
102,40,33,350,9,9.52,7.75,250.0,95.0,2.41,2.4,250.0
80,40,39,350,12,16.13,7.28,250.0,95.0,0.44,0.2,250.0
113,40,35,350,6,23.7,11.38,250.0,95.0,0.4,0.6,250.0
101,40,37,350,8,23.88,7.63,250.0,95.0,0.16,0.8,250.0
102,40,35,350,9,20.95,4.67,250.0,95.0,0.4,8.3,250.0
104,40,36,350,8,22.93,11.69,250.0,95.0,0.49,2.0,250.0
102,40,26,350,12,10.13,7.01,250.0,95.0,0.42,1.3,250.0
91,40,27,350,8,20.06,8.1,250.0,95.0,0.48,2.9,250.0
96,40,23,350,10,15.33,9.29,250.0,95.0,0.32,0.5,250.0
90,40,20,350,12,10.21,5.52,250.0,95.0,0.27,1.4,250.0
112,40,39,350,6,15.57,11.74,250.0,95.0,0.38,9.6,250.0
103,40,38,350,13,21.12,8.65,250.0,95.0,0.17,1.9,250.0
112,40,21,350,15,13.17,6.74,250.0,95.0,0.19,0.8,250.0
94,40,30,350,15,10.39,6.98,250.0,95.0,0.32,2.4,250.0
113,40,25,350,10,11.53,6.92,250.0,95.0,1.65,8.2,250.0
115,40,30,350,11,20.64,9.43,250.0,95.0,0.43,0.5,250.0
112,40,24,350,6,18.23,11.06,250.0,95.0,0.36,2.5,250.0
103,40,32,350,14,22.07,7.45,250.0,95.0,2.87,2.8,250.0
118,40,22,350,9,18.37,8.65,250.0,95.0,0.3,2.9,250.0
91,40,27,350,11,12.41,8.25,250.0,95.0,0.4,1.9,250.0
77,40,19,350,13,16.44,8.81,250.0,95.0,0.16,1.6,250.0
116,40,22,350,8,10.62,10.58,250.0,95.0,0.44,0.6,250.0
118,40,26,350,12,17.27,6.94,250.0,95.0,0.46,8.0,250.0
92,40,20,350,9,10.5,7.31,250.0,95.0,0.21,0.8,250.0
93,40,29,350,12,22.69,7.19,250.0,95.0,0.35,1.8,250.0
84,40,20,350,15,14.89,5.78,250.0,95.0,0.42,1.5,250.0
110,40,30,350,15,20.36,7.5,250.0,95.0,0.29,2.2,250.0
96,40,33,350,12,17.63,7.46,250.0,95.0,0.43,7.1,250.0
117,40,33,350,14,14.14,5.67,250.0,95.0,0.17,2.6,250.0
84,40,21,350,10,21.66,10.37,250.0,95.0,0.17,8.0,250.0
89,40,33,350,10,13.73,6.68,250.0,95.0,1.85,2.8,250.0
85,40,30,350,12,15.57,6.53,250.0,95.0,0.36,0.9,250.0
103,40,27,350,10,21.31,9.08,250.0,95.0,0.24,0.7,250.0
99,40,25,350,11,21.34,7.65,250.0,95.0,1.68,2.4,250.0
100,40,19,350,8,16.75,11.96,250.0,95.0,0.28,0.7,250.0
95,40,23,350,10,18.4,11.22,250.0,95.0,0.36,8.9,250.0
111,40,21,350,8,20.7,7.44,250.0,95.0,0.28,8.9,250.0
86,40,33,350,15,9.45,10.34,250.0,95.0,0.36,1.4,250.0
117,40,25,350,10,14.52,7.5,250.0,95.0,0.27,1.0,250.0
91,40,22,350,9,18.64,7.11,250.0,95.0,0.43,1.1,250.0
88,40,40,350,7,21.86,10.78,250.0,95.0,0.21,0.2,250.0
77,40,19,350,11,20.23,6.46,250.0,95.0,2.41,3.0,250.0
107,40,40,350,9,14.15,11.15,250.0,95.0,0.45,8.8,250.0
94,40,40,350,6,20.41,11.59,250.0,95.0,0.22,0.8,250.0
107,40,27,350,13,23.48,4.83,250.0,95.0,0.13,0.4,250.0
111,40,34,350,9,23.16,6.99,250.0,95.0,0.1,0.3,250.0
117,40,32,350,14,13.41,11.99,250.0,95.0,0.16,0.9,250.0
86,40,19,350,7,18.03,8.2,250.0,95.0,0.2,0.6,250.0
92,40,20,350,10,16.62,6.62,250.0,95.0,0.35,2.7,250.0
79,40,26,350,8,20.12,4.76,250.0,95.0,0.42,0.3,250.0
95,40,23,350,13,23.83,9.73,250.0,95.0,0.49,1.4,250.0
115,40,40,350,7,19.74,11.07,250.0,95.0,0.42,1.7,250.0
90,40,39,350,12,18.5,9.85,250.0,95.0,0.15,2.9,250.0
91,40,19,350,14,21.28,5.88,250.0,95.0,0.42,7.7,250.0
107,40,22,350,15,18.15,9.11,250.0,95.0,0.19,1.8,250.0
84,40,28,350,13,22.74,10.03,250.0,95.0,0.16,2.9,250.0
79,40,25,350,15,21.89,4.81,250.0,95.0,0.33,0.2,250.0
89,40,33,350,14,23.98,4.8,250.0,95.0,0.24,1.4,250.0
95,40,26,350,10,18.26,4.74,250.0,95.0,0.46,0.6,250.0
91,40,24,350,7,20.52,7.89,250.0,95.0,2.64,1.3,250.0
101,40,27,350,10,11.16,8.83,250.0,95.0,2.72,7.2,250.0
81,40,38,350,12,9.39,8.96,250.0,95.0,0.37,2.1,250.0
92,40,36,350,13,14.76,4.7,250.0,95.0,0.33,2.8,250.0
92,40,26,350,8,9.41,9.5,250.0,95.0,0.17,2.6,250.0
100,40,23,350,9,11.55,9.22,250.0,95.0,0.5,2.5,250.0
78,40,28,350,11,9.33,5.96,250.0,95.0,0.22,7.5,250.0
103,40,36,350,7,13.09,10.14,250.0,95.0,0.16,1.5,250.0
98,40,22,350,6,13.02,4.68,250.0,95.0,0.17,9.0,250.0
102,40,27,350,11,20.89,5.91,250.0,95.0,0.49,2.4,250.0
78,40,38,350,12,19.37,8.08,250.0,95.0,0.31,0.6,250.0
82,40,33,350,9,10.86,5.02,250.0,95.0,0.2,2.4,250.0
99,40,35,350,9,13.75,11.72,250.0,95.0,0.19,9.4,250.0
77,40,38,350,11,10.35,9.97,250.0,95.0,2.99,1.3,250.0
103,40,27,350,13,19.28,10.55,250.0,95.0,0.28,1.1,250.0
102,40,25,350,11,10.25,8.04,250.0,95.0,0.29,2.6,250.0
92,40,26,350,7,17.71,5.27,250.0,95.0,0.42,1.1,250.0
101,40,40,350,8,22.05,11.16,250.0,95.0,1.08,1.9,250.0
100,40,24,350,9,13.39,9.39,250.0,95.0,0.3,2.8,250.0
97,40,28,350,12,22.56,7.67,250.0,95.0,0.33,0.2,250.0
102,40,34,350,13,12.18,10.62,250.0,95.0,0.41,1.4,250.0
83,40,27,350,13,12.03,10.35,250.0,95.0,2.1,1.8,250.0
91,40,38,350,10,22.33,7.9,250.0,95.0,0.3,2.8,250.0
96,40,23,350,15,22.29,5.87,250.0,95.0,0.45,0.5,250.0
115,40,25,350,6,22.4,9.39,250.0,95.0,0.39,0.5,250.0
111,40,24,350,10,10.19,6.83,250.0,95.0,0.47,2.0,250.0
93,40,31,350,13,16.67,6.08,250.0,95.0,0.1,1.8,250.0
99,40,25,350,15,10.34,6.06,250.0,95.0,0.37,1.7,250.0
102,40,23,350,6,14.65,8.26,250.0,95.0,0.17,2.4,250.0
86,40,26,350,12,18.16,10.97,250.0,95.0,0.2,2.1,250.0
110,40,24,350,14,13.06,4.52,250.0,95.0,0.2,2.4,250.0
106,40,35,350,9,19.94,6.56,250.0,95.0,0.18,0.6,250.0
95,40,31,350,10,11.34,11.15,250.0,95.0,0.33,0.9,250.0
78,40,25,350,15,22.49,9.18,250.0,95.0,1.06,0.9,250.0
103,40,35,350,9,18.11,9.02,250.0,95.0,0.27,1.7,250.0
94,40,38,350,13,15.08,10.95,250.0,95.0,0.38,2.0,250.0
84,40,29,350,8,20.26,8.8,250.0,95.0,0.47,3.0,250.0
104,40,21,350,14,12.02,8.85,250.0,95.0,0.1,8.0,250.0
111,40,29,350,8,11.38,7.21,250.0,95.0,2.03,0.6,250.0
81,40,29,350,7,18.85,4.53,250.0,95.0,0.42,2.5,250.0
86,40,40,350,10,16.87,9.19,250.0,95.0,2.4,1.6,250.0
106,40,34,350,12,9.37,5.76,250.0,95.0,0.21,0.0,250.0
106,40,25,350,10,19.62,7.99,250.0,95.0,0.36,2.9,250.0
110,40,21,350,12,23.47,9.69,250.0,95.0,0.45,1.1,250.0
77,40,25,350,8,10.26,5.4,250.0,95.0,0.17,2.4,250.0
90,40,38,350,11,10.42,11.06,250.0,95.0,0.35,1.8,250.0
111,40,34,350,12,9.01,9.45,250.0,95.0,1.19,0.8,250.0
117,40,25,350,6,11.2,11.56,250.0,95.0,0.41,2.7,250.0
114,40,40,350,15,13.13,6.34,250.0,95.0,0.38,0.5,250.0
91,40,22,350,9,23.85,11.69,250.0,95.0,0.46,1.8,250.0
92,40,35,350,9,14.19,6.25,250.0,95.0,0.23,1.2,250.0
95,40,26,350,13,11.22,6.83,250.0,95.0,0.47,0.6,250.0
109,40,35,350,13,11.44,6.83,250.0,95.0,0.35,0.6,250.0
113,40,29,350,12,22.79,10.73,250.0,95.0,0.27,1.2,250.0
91,40,20,350,6,17.07,9.67,250.0,95.0,0.37,1.1,250.0
77,40,21,350,10,15.11,7.11,250.0,95.0,0.45,2.5,250.0
90,40,26,350,7,15.5,4.55,250.0,95.0,0.38,0.0,250.0
97,40,24,350,13,11.23,6.28,250.0,95.0,0.24,0.7,250.0
102,40,28,350,9,23.12,10.73,250.0,95.0,0.26,1.7,250.0
111,40,36,350,9,16.13,7.65,250.0,95.0,0.14,0.3,250.0
104,40,27,350,15,13.92,6.49,250.0,95.0,1.15,9.2,250.0
102,40,27,350,15,9.46,8.05,250.0,95.0,0.22,1.4,250.0
106,40,31,350,11,17.57,8.48,250.0,95.0,0.23,0.2,250.0
91,40,20,350,7,22.26,7.12,250.0,95.0,0.38,9.7,250.0
89,40,31,350,7,9.05,11.46,250.0,95.0,0.16,2.2,250.0
101,40,31,350,12,21.53,5.25,250.0,95.0,0.29,0.7,250.0
113,40,21,350,15,19.65,8.02,250.0,95.0,0.25,2.7,250.0
105,40,19,350,13,19.16,5.38,250.0,95.0,0.42,2.9,250.0
110,40,33,350,10,21.7,6.37,250.0,95.0,0.44,2.1,250.0
89,40,29,350,11,16.15,8.92,250.0,95.0,0.43,0.1,250.0
99,40,30,350,6,18.71,4.6,250.0,95.0,0.35,8.9,250.0
78,40,40,350,9,23.18,8.96,250.0,95.0,0.28,1.1,250.0
90,40,39,350,14,21.3,8.24,250.0,95.0,0.11,2.9,250.0
97,40,29,350,8,13.14,10.67,250.0,95.0,0.23,0.1,250.0
82,40,23,350,6,17.62,9.56,250.0,95.0,0.49,0.3,250.0
111,40,23,350,7,21.73,10.59,250.0,95.0,0.17,2.1,250.0
102,40,19,350,7,13.88,7.09,250.0,95.0,0.19,2.1,250.0
86,40,36,350,13,21.19,10.91,250.0,95.0,0.15,1.1,250.0
118,40,29,350,13,9.45,9.54,250.0,95.0,0.19,0.0,250.0
111,40,19,350,10,14.32,10.28,250.0,95.0,1.29,2.7,250.0
84,40,37,350,12,22.97,11.18,250.0,95.0,0.49,0.5,250.0
97,40,33,350,15,22.77,5.46,250.0,95.0,0.29,2.0,250.0
91,40,23,350,9,21.88,9.61,250.0,95.0,0.29,7.5,250.0
98,40,19,350,7,11.04,11.08,250.0,95.0,0.42,9.2,250.0
87,40,38,350,14,20.08,6.81,250.0,95.0,0.25,2.4,250.0
111,40,28,350,10,22.99,10.43,250.0,95.0,0.48,0.3,250.0
115,40,40,350,6,18.42,11.71,250.0,95.0,0.16,1.8,250.0
101,40,30,350,7,20.65,5.07,250.0,95.0,2.83,2.1,250.0
110,40,36,350,6,22.52,9.83,250.0,95.0,0.11,1.9,250.0
111,40,40,350,8,13.6,10.4,250.0,95.0,1.39,0.8,250.0
103,40,37,350,8,14.9,4.88,250.0,95.0,0.23,2.1,250.0
89,40,21,350,15,20.25,7.41,250.0,95.0,0.15,0.9,250.0
77,40,34,350,10,15.37,4.83,250.0,95.0,0.33,1.8,250.0
96,40,36,350,9,10.89,8.13,250.0,95.0,0.29,7.5,250.0
96,40,21,350,14,12.51,11.09,250.0,95.0,0.1,3.0,250.0
100,40,40,350,12,10.88,7.63,250.0,95.0,1.73,7.8,250.0
77,40,19,350,9,17.08,11.22,250.0,95.0,0.44,0.7,250.0
113,40,20,350,12,22.54,10.91,250.0,95.0,0.26,2.9,250.0
87,40,29,350,15,12.2,11.04,250.0,95.0,0.41,2.2,250.0
102,40,30,350,7,19.49,5.19,250.0,95.0,0.15,1.5,250.0
118,40,27,350,6,9.4,5.95,250.0,95.0,1.88,2.8,250.0
92,40,34,350,15,13.17,6.79,250.0,95.0,0.35,0.5,250.0
93,40,27,350,15,11.69,9.75,250.0,95.0,0.28,1.5,250.0
100,40,39,350,7,13.79,9.33,250.0,95.0,0.44,2.8,250.0
118,40,32,350,6,23.18,10.12,250.0,95.0,0.24,1.9,250.0
89,40,27,350,12,10.32,5.72,250.0,95.0,0.3,2.1,250.0
94,40,39,350,9,14.51,4.94,250.0,95.0,0.2,1.8,250.0
90,40,35,350,9,20.17,10.36,250.0,95.0,0.29,0.1,250.0
111,40,26,350,15,14.23,7.67,250.0,95.0,0.18,2.6,250.0
88,40,30,350,13,21.32,6.78,250.0,95.0,0.46,1.0,250.0
111,40,23,350,12,22.54,4.96,250.0,95.0,0.16,2.3,250.0
99,40,26,350,11,17.82,8.01,250.0,95.0,2.16,2.9,250.0
90,40,30,350,13,14.41,10.62,250.0,95.0,0.22,8.7,250.0
101,40,39,350,7,16.79,10.28,250.0,95.0,0.45,2.3,250.0
84,40,19,350,13,16.42,9.31,250.0,95.0,0.36,9.1,250.0
90,40,30,350,9,11.9,8.85,250.0,95.0,0.25,8.0,250.0
85,40,22,350,9,10.79,9.91,250.0,95.0,0.21,2.4,250.0
91,40,19,350,10,19.62,10.58,250.0,95.0,0.23,2.9,250.0
117,40,33,350,6,14.79,11.92,250.0,95.0,0.42,0.7,250.0
78,40,33,350,9,11.36,9.51,250.0,95.0,0.17,9.8,250.0
106,40,27,350,8,17.11,5.87,250.0,95.0,0.35,2.4,250.0
84,40,29,350,15,9.52,7.13,250.0,95.0,0.24,2.3,250.0
100,40,35,350,14,20.34,9.22,250.0,95.0,0.18,0.5,250.0
94,40,19,350,8,15.48,5.9,250.0,95.0,0.37,2.6,250.0
118,40,21,350,12,13.57,10.71,250.0,95.0,0.29,2.4,250.0
119,40,30,350,14,11.87,11.43,250.0,95.0,0.42,3.0,250.0
104,40,37,350,10,19.84,8.26,250.0,95.0,0.28,1.6,250.0
108,40,31,350,11,12.44,8.21,250.0,95.0,0.32,1.6,250.0
116,40,20,350,10,14.55,11.48,250.0,95.0,0.35,1.4,250.0
120,40,28,350,8,16.89,9.29,250.0,95.0,0.2,1.4,250.0
116,40,30,350,9,23.38,8.19,250.0,95.0,0.31,2.7,250.0
80,40,29,350,14,16.29,7.05,250.0,95.0,0.19,7.7,250.0
79,40,26,350,7,9.65,7.01,250.0,92.0,0.4,1.6,250.0
84,40,21,350,9,17.85,9.01,250.0,95.0,0.12,1.0,250.0
96,40,24,350,15,11.63,10.15,250.0,95.0,0.1,2.1,250.0
86,40,27,350,10,22.22,8.24,250.0,95.0,0.22,1.1,250.0
80,40,33,350,14,13.86,8.81,250.0,95.0,0.18,0.0,250.0
86,40,27,350,14,12.02,5.22,250.0,95.0,0.4,7.3,250.0
107,40,35,350,12,9.02,10.5,250.0,95.0,0.28,9.3,250.0
117,40,26,350,15,23.01,5.92,250.0,95.0,0.39,2.7,250.0
116,40,21,350,11,15.71,9.01,250.0,95.0,0.14,1.4,250.0
81,40,28,350,14,14.22,8.13,250.0,95.0,0.43,0.8,250.0
109,40,29,350,13,13.17,6.32,250.0,95.0,0.43,8.8,250.0
97,40,34,350,7,12.16,5.18,250.0,95.0,0.32,0.7,250.0
82,40,25,350,7,14.37,10.73,250.0,95.0,0.15,0.5,250.0
120,40,31,350,13,21.94,7.1,250.0,95.0,0.14,1.3,250.0
82,40,40,350,13,17.87,8.78,250.0,95.0,0.14,7.6,250.0
118,40,34,350,13,15.17,8.75,250.0,95.0,0.37,8.0,250.0
94,40,37,350,8,18.34,4.71,250.0,95.0,0.41,1.2,250.0
76,40,23,350,12,21.21,4.83,250.0,95.0,0.12,1.3,250.0
94,40,35,350,9,22.17,5.61,250.0,95.0,0.13,2.3,250.0
85,40,23,350,8,22.69,11.91,250.0,95.0,0.15,1.1,250.0
82,40,40,350,9,19.12,7.11,250.0,95.0,0.31,1.0,250.0
112,40,39,350,12,15.6,8.34,250.0,95.0,0.4,2.8,250.0
107,40,29,350,14,13.02,10.47,250.0,95.0,0.4,9.1,250.0
113,40,32,350,12,11.18,11.44,250.0,95.0,0.33,1.9,250.0
120,40,29,350,12,11.25,7.17,250.0,95.0,0.36,0.7,250.0
80,40,35,350,11,11.22,8.57,250.0,95.0,2.87,1.1,250.0
99,40,30,350,13,9.73,4.74,250.0,95.0,0.3,0.3,250.0
91,40,20,350,15,9.06,10.18,250.0,95.0,1.7,0.2,250.0
109,40,22,350,8,11.86,7.4,250.0,95.0,0.35,2.1,250.0
83,40,36,350,12,22.03,10.47,250.0,95.0,0.29,0.9,250.0
106,40,23,350,11,14.72,9.82,250.0,95.0,0.24,2.1,250.0
100,40,25,350,14,10.84,7.91,250.0,95.0,0.45,2.1,250.0
120,40,30,350,8,23.9,8.91,250.0,95.0,0.42,2.3,250.0
88,40,39,350,13,13.28,11.6,250.0,95.0,0.35,0.4,250.0
106,40,23,350,15,9.02,8.14,250.0,95.0,0.39,1.8,250.0
110,40,31,350,11,12.72,10.9,250.0,95.0,1.09,1.8,250.0
102,40,29,350,15,11.35,11.03,250.0,95.0,0.29,8.5,250.0
83,40,24,350,11,9.42,6.85,250.0,95.0,0.4,1.8,250.0
106,40,19,350,6,15.8,8.24,250.0,95.0,0.22,0.4,250.0
109,40,21,350,9,22.22,5.99,250.0,95.0,1.67,1.5,250.0
116,40,29,350,14,13.76,7.13,250.0,95.0,0.38,0.5,250.0
107,40,35,350,14,15.88,5.99,250.0,95.0,0.29,1.7,250.0
102,40,25,350,7,19.18,9.36,250.0,95.0,1.53,2.7,250.0
88,40,32,350,13,17.73,10.93,250.0,95.0,0.46,1.9,250.0
95,40,40,350,14,11.42,9.8,250.0,95.0,0.34,1.1,250.0
107,40,38,350,13,9.8,9.05,250.0,95.0,0.14,0.4,250.0
105,40,29,350,13,16.81,4.7,250.0,95.0,0.41,1.5,250.0
80,40,37,350,6,23.97,5.81,250.0,95.0,0.39,2.7,250.0
85,40,35,350,13,16.57,7.79,250.0,95.0,0.18,0.5,250.0
111,40,22,350,14,19.54,7.6,250.0,95.0,0.19,3.0,250.0
103,40,29,350,11,10.52,7.26,250.0,95.0,0.17,1.2,250.0
103,40,32,350,15,11.24,10.62,250.0,95.0,0.33,2.9,250.0
106,40,27,350,6,20.16,8.62,250.0,95.0,0.3,7.2,250.0
79,40,25,350,7,12.14,10.56,250.0,95.0,2.59,8.4,250.0
97,40,29,350,6,13.32,11.4,250.0,95.0,0.44,1.8,250.0
89,40,23,350,12,17.1,6.55,250.0,95.0,0.11,0.7,250.0
101,40,39,350,8,12.36,11.92,250.0,95.0,0.43,2.8,250.0
88,40,34,350,6,23.21,11.75,250.0,95.0,0.16,2.6,250.0
82,40,28,350,10,22.9,7.24,250.0,95.0,0.36,9.4,250.0
96,40,24,350,15,14.24,5.3,250.0,95.0,0.43,0.9,250.0
79,40,32,350,11,23.09,5.4,250.0,95.0,0.27,8.8,250.0
108,40,29,350,15,23.15,4.87,250.0,95.0,0.3,2.9,250.0
99,40,27,350,10,9.02,8.06,250.0,95.0,0.17,2.5,250.0
77,40,19,350,12,16.58,4.91,250.0,95.0,0.22,2.3,250.0
95,40,25,350,9,19.89,7.36,250.0,95.0,1.87,2.9,250.0
114,40,23,350,15,15.36,4.93,250.0,95.0,0.48,2.8,250.0
109,40,27,350,8,11.88,10.5,250.0,95.0,2.02,0.5,250.0
102,40,26,350,15,13.92,9.97,250.0,95.0,0.22,2.7,250.0
89,40,29,350,15,18.83,7.41,250.0,95.0,1.34,2.5,250.0
111,40,28,350,10,12.05,5.88,250.0,95.0,1.85,2.6,250.0
105,40,19,350,13,22.22,11.75,250.0,95.0,0.38,0.8,250.0
106,40,29,350,9,19.11,6.2,250.0,95.0,0.41,1.7,250.0
116,40,30,350,15,9.49,8.32,250.0,95.0,0.28,9.5,250.0
111,40,22,350,11,19.5,4.87,250.0,95.0,0.42,1.1,250.0
116,40,28,350,6,22.69,11.58,250.0,95.0,0.15,0.7,250.0
82,40,30,350,13,19.66,10.16,250.0,95.0,0.21,0.7,250.0
111,40,20,350,6,16.48,4.97,250.0,95.0,0.23,1.2,250.0
105,40,22,350,9,13.92,11.41,250.0,95.0,0.37,0.3,250.0
91,40,39,350,10,10.33,8.99,250.0,95.0,0.11,1.9,250.0
120,40,36,350,14,11.32,11.0,250.0,95.0,0.41,2.8,250.0
92,40,28,350,11,22.19,7.81,250.0,95.0,0.31,2.6,250.0
113,40,26,350,8,14.72,5.94,250.0,95.0,0.49,1.7,250.0
85,40,27,350,12,15.84,10.56,250.0,95.0,0.35,9.9,250.0
117,40,27,350,14,16.57,6.72,250.0,95.0,0.15,2.3,250.0
88,40,28,350,9,12.25,11.1,250.0,95.0,0.4,1.6,250.0
78,40,24,350,10,23.6,10.57,250.0,95.0,0.34,1.1,250.0
117,40,40,350,12,17.57,11.4,250.0,95.0,0.13,2.7,250.0
84,40,34,350,12,14.35,9.06,250.0,95.0,0.41,0.9,250.0
104,40,23,350,13,12.11,6.73,250.0,95.0,2.14,1.2,250.0
84,40,24,350,13,16.19,8.8,250.0,95.0,0.42,2.3,250.0
99,40,34,350,12,19.87,7.28,250.0,95.0,0.41,1.4,250.0
81,40,28,350,6,20.76,4.87,250.0,94.1,0.36,1.9,250.0
116,40,34,350,8,9.68,7.51,250.0,95.0,0.17,1.0,250.0
92,40,31,350,11,12.85,11.72,250.0,95.0,0.39,1.2,250.0
106,40,19,350,9,23.4,6.42,250.0,95.0,0.36,2.9,250.0
110,40,34,350,8,20.98,5.95,250.0,95.0,0.31,2.8,250.0
99,40,37,350,14,14.62,8.26,250.0,95.0,1.47,2.0,250.0
110,40,31,350,7,17.77,10.67,250.0,95.0,0.48,0.3,250.0
100,40,39,350,7,19.38,4.92,250.0,95.0,0.31,2.1,250.0
88,40,23,350,6,23.15,11.9,250.0,95.0,0.24,2.2,250.0
83,40,23,350,7,21.94,11.05,250.0,95.0,0.11,10.0,250.0
102,40,19,350,12,18.03,8.87,250.0,95.0,0.43,1.3,250.0
94,40,27,350,14,22.84,5.5,250.0,95.0,0.46,8.7,250.0
97,40,24,350,14,15.79,7.02,250.0,95.0,0.23,0.5,250.0
84,40,33,350,11,10.31,7.06,250.0,95.0,0.14,8.7,250.0
85,40,39,350,14,17.48,7.06,250.0,95.0,0.3,7.6,250.0
109,40,31,350,7,20.01,11.25,250.0,95.0,0.34,1.1,250.0
80,40,39,350,10,18.42,7.62,250.0,95.0,0.11,8.1,250.0
114,40,36,350,6,18.76,9.26,250.0,95.0,0.19,2.5,250.0
90,40,19,350,6,18.16,6.49,250.0,95.0,0.16,2.6,250.0
79,40,20,350,8,23.33,6.75,250.0,95.0,0.11,1.1,250.0
78,40,23,350,14,15.91,6.8,250.0,95.0,0.24,0.2,250.0
103,40,31,350,13,20.95,8.71,250.0,95.0,0.46,1.5,250.0
82,40,37,350,14,11.73,4.86,250.0,95.0,0.17,8.2,250.0
118,40,40,350,10,19.89,9.14,250.0,95.0,0.12,1.8,250.0
103,40,33,350,7,17.27,11.32,250.0,95.0,0.3,1.9,250.0
96,40,25,350,13,22.81,5.91,250.0,95.0,0.17,0.6,250.0
117,40,36,350,12,19.89,5.18,250.0,95.0,0.29,0.6,250.0
119,40,40,350,8,12.75,7.82,250.0,95.0,0.22,2.1,250.0
98,40,21,350,13,12.21,9.69,250.0,95.0,0.43,2.3,250.0
79,40,37,350,7,10.11,6.45,250.0,95.0,0.14,1.7,250.0
114,40,23,350,10,12.72,10.26,250.0,95.0,0.41,1.9,250.0
93,40,27,350,6,18.24,9.3,250.0,95.0,0.16,2.3,250.0
112,40,35,350,13,20.48,11.79,250.0,95.0,0.37,1.0,250.0
105,40,39,350,13,17.62,10.38,250.0,95.0,0.29,0.1,250.0
96,40,28,350,7,15.05,9.88,250.0,95.0,0.34,2.4,250.0
88,40,32,350,8,22.8,10.45,250.0,95.0,0.12,0.3,250.0
111,40,32,350,9,20.46,10.89,250.0,95.0,2.69,1.4,250.0
98,40,25,350,7,10.79,7.99,250.0,95.0,0.21,1.1,250.0
102,40,38,350,12,15.7,11.98,250.0,95.0,0.13,3.0,250.0
